queue_source,record_id,company,role_title,location,country,posting_text,model_predicted_role_fit,model_margin,weak_role_fit_label,authorization_candidate_category,advisor_role_fit_label,advisor_authorization_label,advisor_action,review_notes
active_learning_low_margin,HF-402556,xFusion Technologies,Data Services Technical Analysts,"Sacramento, CA",United States,"Job title: Data Services Technical Analysts. Short title: Data Analyst. Company: xFusion Technologies. Location: Sacramento, CA. Country: United States. Schedule: Contractor. Remote status: not remote. Skills: sql; t-sql; ssis. No degree mention: True. Health insurance mention: False",high_fit,0.0006640900784962156,unclear,not_selected_for_authorization_text,,,,
active_learning_low_margin,HF-480322,TubeScience,Business Analyst/Data Scientist (Media/Advertising Focus),Anywhere,United States,Job title: Business Analyst/Data Scientist (Media/Advertising Focus). Short title: Business Analyst. Company: TubeScience. Location: Anywhere. Country: United States. Schedule: Full-time. Remote status: remote. Skills: sql; tableau; power bi; looker. No degree mention: False. Health insurance mention: True,high_fit,0.017914065921763478,high_fit,not_selected_for_authorization_text,,,,
active_learning_low_margin,HF-569105,The Coca-Cola Company,Senior Sustainability Trend Analyst,"Atlanta, GA",United States,"Job title: Senior Sustainability Trend Analyst. Short title: Data Analyst. Company: The Coca-Cola Company. Location: Atlanta, GA. Country: United States. Schedule: Full-time. Remote status: not remote. Skills: r; python; sql; scala; azure; excel; tableau; github; terraform. No degree mention: False. Health insurance mention: False",high_fit,0.018417261011709152,low_fit,not_selected_for_authorization_text,,,,
active_learning_low_margin,HF-711610,Insight Global,Data Analyst,"Menomonee Falls, WI",United States,"Job title: Data Analyst. Short title: Data Analyst. Company: Insight Global. Location: Menomonee Falls, WI. Country: United States. Schedule: Full-time. Remote status: not remote. Skills: sql; sql server; azure; ssrs. No degree mention: False. Health insurance mention: False",high_fit,0.022775953746527855,unclear,not_selected_for_authorization_text,,,,
active_learning_low_margin,HF-752471,Elevance Health,IT Business Systems Data Analyst,"Austin, TX",United States,"Job title: IT Business Systems Data Analyst. Short title: Data Analyst. Company: Elevance Health. Location: Austin, TX. Country: United States. Schedule: Full-time. Remote status: not remote. Skills: sql; confluence; jira. Average yearly salary: 113800.0. No degree mention: False. Health insurance mention: True",high_fit,0.024590698093958085,unclear,not_selected_for_authorization_text,,,,
active_learning_low_margin,HF-209540,ManTech,Data Analyst / Data Scientist II,"Lexington Park, MD",United States,"Job title: Data Analyst / Data Scientist II. Short title: Data Analyst. Company: ManTech. Location: Lexington Park, MD. Country: United States. Schedule: Full-time. Remote status: not remote. Skills: sql; r; python; elixir; javascript; aws; gcp; azure; tidyverse; pandas; numpy; scikit-learn; plotly; ggplot2; matplotlib; react; svelte; node.js; excel; tableau; qlik; power bi; git; docker; kubernetes; ansible; puppet; chef. No degree mention: False. Health insurance mention: False",high_fit,0.029943261535419874,high_fit,not_selected_for_authorization_text,,,,
active_learning_low_margin,HF-379843,Veolia North America,"Data Analyst, Internship","Paramus, NJ",United States,"Job title: Data Analyst, Internship. Short title: Data Analyst. Company: Veolia North America. Location: Paramus, NJ. Country: United States. Schedule: Full-time and Internship. Remote status: not remote. Skills: tableau. No degree mention: False. Health insurance mention: False",high_fit,0.030617195893133164,unclear,not_selected_for_authorization_text,,,,
active_learning_low_margin,HF-358540,Lockheed Martin Corporation,Reliability analyst,"Tavares, FL",United States,"Job title: Reliability analyst. Short title: Data Scientist. Company: Lockheed Martin Corporation. Location: Tavares, FL. Country: United States. Schedule: Full-time. Remote status: not remote. Skills: c++; sql; tableau. No degree mention: False. Health insurance mention: False",high_fit,0.03955670217392937,medium_fit,not_selected_for_authorization_text,,,,
active_learning_low_margin,HF-588061,Insight Global,Data Analyst - INTL - Remote EU/UK,"Santa Monica, CA",United States,"Job title: Data Analyst - INTL - Remote EU/UK. Short title: Data Analyst. Company: Insight Global. Location: Santa Monica, CA. Country: United States. Schedule: Full-time. Remote status: not remote. Skills: sql; express. Average yearly salary: 81311.5. No degree mention: False. Health insurance mention: True",high_fit,0.04858937492017318,unclear,not_selected_for_authorization_text,,,,
active_learning_low_margin,HF-176601,ClearanceJobs,Data Analyst with Security Clearance,Georgia,United States,Job title: Data Analyst with Security Clearance. Short title: Data Analyst. Company: ClearanceJobs. Location: Georgia. Country: United States. Schedule: Full-time. Remote status: not remote. Skills: sql; javascript. No degree mention: False. Health insurance mention: False,high_fit,0.06204219304903427,unclear,not_selected_for_authorization_text,,,,
active_learning_low_margin,HF-735973,"Signature Retail Services, Inc.",Data Analyst / General Office,"Aurora, IL",United States,"Job title: Data Analyst / General Office. Short title: Data Analyst. Company: Signature Retail Services, Inc.. Location: Aurora, IL. Country: United States. Schedule: Full-time. Remote status: not remote. Skills: aurora; excel; outlook. No degree mention: False. Health insurance mention: False",high_fit,0.06956561737465092,unclear,not_selected_for_authorization_text,,,,
active_learning_low_margin,HF-442213,Upstate University Hospital,Cancer Center Data Analyst,"Syracuse, NY",United States,"Job title: Cancer Center Data Analyst. Short title: Data Analyst. Company: Upstate University Hospital. Location: Syracuse, NY. Country: United States. Schedule: Full-time. Remote status: not remote. Skills: tableau. No degree mention: False. Health insurance mention: False",high_fit,0.09146641194865668,unclear,not_selected_for_authorization_text,,,,
active_learning_low_margin,HF-92795,Abacus Service Corporation,Data Analyst,"Oakland, CA",United States,"Job title: Data Analyst. Short title: Data Analyst. Company: Abacus Service Corporation. Location: Oakland, CA. Country: United States. Schedule: Full-time. Remote status: not remote. Skills: python; oracle; azure; dax; jenkins. No degree mention: False. Health insurance mention: False",high_fit,0.0986934041863248,unclear,not_selected_for_authorization_text,,,,
active_learning_low_margin,HF-555334,NLB Services,Data Analyst (Operations),"Stamford, CT",United States,"Job title: Data Analyst (Operations). Short title: Data Analyst. Company: NLB Services. Location: Stamford, CT. Country: United States. Schedule: Contractor. Remote status: not remote. Skills: sql; aws; spring; airflow; splunk. No degree mention: False. Health insurance mention: False",high_fit,0.11517290104664657,unclear,not_selected_for_authorization_text,,,,
active_learning_low_margin,HF-549051,American Bureau of Shipping,Data Analyst - Now Hiring,"Arlington, VA",United States,"Job title: Data Analyst - Now Hiring. Short title: Data Analyst. Company: American Bureau of Shipping. Location: Arlington, VA. Country: United States. Schedule: Full-time. Remote status: not remote. Skills: power bi; word; sharepoint; flow. No degree mention: False. Health insurance mention: False",high_fit,0.12222460027487825,unclear,not_selected_for_authorization_text,,,,
active_learning_low_margin,HF-91417,Crossover,"Data Research Analyst, gt.school (Remote) - $60,000/year USD",Anywhere,United States,"Job title: Data Research Analyst, gt.school (Remote) - $60,000/year USD. Short title: Data Analyst. Company: Crossover. Location: Anywhere. Country: United States. Schedule: Full-time. Remote status: remote. Skills: spreadsheet; excel; sheets. No degree mention: True. Health insurance mention: False",high_fit,0.13431153574791424,unclear,not_selected_for_authorization_text,,,,
active_learning_low_margin,HF-106379,The Chefs' Warehouse,Data Analyst,"Ridgefield, CT",United States,"Job title: Data Analyst. Short title: Data Analyst. Company: The Chefs' Warehouse. Location: Ridgefield, CT. Country: United States. Schedule: Full-time. Remote status: not remote. Skills: tableau. No degree mention: True. Health insurance mention: True",high_fit,0.14548911393767683,unclear,not_selected_for_authorization_text,,,,
active_learning_low_margin,HF-55442,Electric Motor Shop,Product Information Management (PIM) Data Analysts,"Fresno, CA",United States,"Job title: Product Information Management (PIM) Data Analysts. Short title: Data Analyst. Company: Electric Motor Shop. Location: Fresno, CA. Country: United States. Schedule: Full-time. Remote status: not remote. Skills: excel; sheets; spreadsheet; outlook; word. No degree mention: False. Health insurance mention: False",high_fit,0.15985776580061298,unclear,not_selected_for_authorization_text,,,,
active_learning_low_margin,HF-167655,Webologix Ltd/ INC,Data Analyst,"Alpharetta, GA",United States,"Job title: Data Analyst. Short title: Data Analyst. Company: Webologix Ltd/ INC. Location: Alpharetta, GA. Country: United States. Schedule: Contractor. Remote status: not remote. Skills: sql; cognos. No degree mention: False. Health insurance mention: False",high_fit,0.20105677770735772,unclear,not_selected_for_authorization_text,,,,
active_learning_low_margin,HF-581048,Dice,Business Intelligence Analyst,"St. Louis, MO",United States,"Job title: Business Intelligence Analyst. Short title: Business Analyst. Company: Dice. Location: St. Louis, MO. Country: United States. Schedule: Full-time. Remote status: not remote. Skills: sql; db2; oracle; microstrategy. No degree mention: True. Health insurance mention: False",high_fit,0.20687653445387602,unclear,not_selected_for_authorization_text,,,,
active_learning_low_margin,HF-99856,"Health, Department of",Data Analyst 2 - 51523,"Albany, NY",United States,"Job title: Data Analyst 2 - 51523. Short title: Data Analyst. Company: Health, Department of. Location: Albany, NY. Country: United States. Schedule: Full-time. Remote status: not remote. Skills: r; excel. Average yearly salary: 89833.5. No degree mention: False. Health insurance mention: True",high_fit,0.21290255570398242,high_fit,not_selected_for_authorization_text,,,,
active_learning_low_margin,HF-747171,Truist,Data Governance Analyst,"Charlotte, NC",United States,"Job title: Data Governance Analyst. Short title: Data Analyst. Company: Truist. Location: Charlotte, NC. Country: United States. Schedule: Full-time. Remote status: not remote. Skills: sql; scala; python. No degree mention: False. Health insurance mention: False",high_fit,0.21607148003086,high_fit,not_selected_for_authorization_text,,,,
active_learning_low_margin,HF-460066,NewFields,Software Developer (Data Analyst),"Indianapolis, IN",United States,"Job title: Software Developer (Data Analyst). Short title: Data Analyst. Company: NewFields. Location: Indianapolis, IN. Country: United States. Schedule: Full-time. Remote status: not remote. Skills: typescript; css; php; c#; python; shell; mysql; postgresql; aws; react. No degree mention: True. Health insurance mention: False",high_fit,0.2166626364668381,unclear,not_selected_for_authorization_text,,,,
active_learning_low_margin,HF-87242,Point32Health,Sr Business Data Analyst,"Quincy, CA",United States,"Job title: Sr Business Data Analyst. Short title: Data Analyst. Company: Point32Health. Location: Quincy, CA. Country: United States. Schedule: Full-time. Remote status: not remote. Skills: sas; sas; sql; oracle; word; excel; powerpoint; visio; microstrategy. No degree mention: False. Health insurance mention: True",high_fit,0.22138733774478714,low_fit,not_selected_for_authorization_text,,,,
active_learning_low_margin,HF-665133,University of California - Irvine Health,Data Analyst 3,Anywhere,United States,Job title: Data Analyst 3. Short title: Data Analyst. Company: University of California - Irvine Health. Location: Anywhere. Country: United States. Schedule: Full-time. Remote status: remote. Skills: r; excel. No degree mention: False. Health insurance mention: True,high_fit,0.2331339060305917,high_fit,not_selected_for_authorization_text,,,,
active_learning_low_margin,HF-208202,Lantana Consulting Group,Public Health Data Analyst - Vaccination Unit,Anywhere,United States,Job title: Public Health Data Analyst - Vaccination Unit. Short title: Data Analyst. Company: Lantana Consulting Group. Location: Anywhere. Country: United States. Schedule: Full-time. Remote status: remote. Skills: sas; sas. No degree mention: False. Health insurance mention: False,high_fit,0.25452909042402283,unclear,not_selected_for_authorization_text,,,,
active_learning_low_margin,HF-622794,Tokio Marine HCC,Associate Data Scientist Analyst,"Houston, TX",United States,"Job title: Associate Data Scientist Analyst. Short title: Data Analyst. Company: Tokio Marine HCC. Location: Houston, TX. Country: United States. Schedule: Full-time. Remote status: not remote. Skills: r; python; sql; tableau. No degree mention: False. Health insurance mention: False",high_fit,0.2673099155579164,high_fit,not_selected_for_authorization_text,,,,
active_learning_low_margin,HF-6209,Kani Solutions,Data Analyst,"Alpharetta, GA",United States,"Job title: Data Analyst. Short title: Data Analyst. Company: Kani Solutions. Location: Alpharetta, GA. Country: United States. Schedule: Full-time. Remote status: not remote. Skills: python; sql. No degree mention: True. Health insurance mention: False",high_fit,0.2726956914392723,high_fit,not_selected_for_authorization_text,,,,
active_learning_low_margin,HF-281063,myGwork,Data Analyst,"Bloomington, IN",United States,"Job title: Data Analyst. Short title: Data Analyst. Company: myGwork. Location: Bloomington, IN. Country: United States. Schedule: Full-time. Remote status: not remote. Skills: oracle; excel; sharepoint; zoom. No degree mention: False. Health insurance mention: True",high_fit,0.2760293783727016,unclear,not_selected_for_authorization_text,,,,
active_learning_low_margin,HF-54332,Unum,Data Analyst II,"Columbia, SC",United States,"Job title: Data Analyst II. Short title: Data Analyst. Company: Unum. Location: Columbia, SC. Country: United States. Schedule: Full-time. Remote status: not remote. Skills: db2; snowflake; excel. No degree mention: False. Health insurance mention: True",high_fit,0.28281844764790304,high_fit,not_selected_for_authorization_text,,,,
active_learning_low_margin,HF-443229,Kohl's,"Staff, Decision Scientist (100% Remote)",Anywhere,United States,"Job title: Staff, Decision Scientist (100% Remote). Short title: Data Analyst. Company: Kohl's. Location: Anywhere. Country: United States. Schedule: Full-time. Remote status: remote. Skills: sql; python; r; scala; gcp; aws; azure; spark; tensorflow; excel; flow. No degree mention: False. Health insurance mention: False",high_fit,0.2980303726029505,high_fit,not_selected_for_authorization_text,,,,
active_learning_low_margin,HF-293149,The Brite Group,Data Scientist/Data Analyst - US Citizen - Secret Clearance,"Washington, DC",United States,"Job title: Data Scientist/Data Analyst - US Citizen - Secret Clearance. Short title: Data Analyst. Company: The Brite Group. Location: Washington, DC. Country: United States. Schedule: Full-time and Contractor. Remote status: not remote. Skills: r; scala; python; sql; databricks; power bi; tableau; qlik; excel. No degree mention: False. Health insurance mention: True",high_fit,0.31040386257895936,high_fit,not_selected_for_authorization_text,,,,
active_learning_low_margin,HF-331811,"Sira Consulting, an Inc 5000 company",Data Analyst,"Windsor, CT",United States,"Job title: Data Analyst. Short title: Data Analyst. Company: Sira Consulting, an Inc 5000 company. Location: Windsor, CT. Country: United States. Schedule: Full-time. Remote status: not remote. Skills: sap; tableau. No degree mention: True. Health insurance mention: False",high_fit,0.32589331636003765,unclear,not_selected_for_authorization_text,,,,
active_learning_low_margin,HF-436468,Jabil,Data Analyst Summer Intern,"St. Petersburg, FL",United States,"Job title: Data Analyst Summer Intern. Short title: Data Analyst. Company: Jabil. Location: St. Petersburg, FL. Country: United States. Schedule: Full-time and Internship. Remote status: not remote. Skills: java; c#; power bi. No degree mention: False. Health insurance mention: False",high_fit,0.33943962096748403,unclear,not_selected_for_authorization_text,,,,
active_learning_low_margin,HF-186809,Leidos,Business Intelligence Analyst,"Cane Savannah, SC",United States,"Job title: Business Intelligence Analyst. Short title: Business Analyst. Company: Leidos. Location: Cane Savannah, SC. Country: United States. Schedule: Full-time. Remote status: not remote. Skills: tableau. No degree mention: False. Health insurance mention: False",high_fit,0.3460171062889479,unclear,not_selected_for_authorization_text,,,,
active_learning_low_margin,HF-95455,CareerBuilder-US,"Data Analyst, Carrier Consulting (can be remote)","Tampa, FL",United States,"Job title: Data Analyst, Carrier Consulting (can be remote). Short title: Data Analyst. Company: CareerBuilder-US. Location: Tampa, FL. Country: United States. Schedule: Full-time. Remote status: not remote. Skills: power bi; dax; word; spreadsheet. No degree mention: False. Health insurance mention: False",high_fit,0.3642619608860931,unclear,not_selected_for_authorization_text,,,,
active_learning_low_margin,HF-542221,University of California - Irvine Health,Data Analyst 3,"Irvine, CA",United States,"Job title: Data Analyst 3. Short title: Data Analyst. Company: University of California - Irvine Health. Location: Irvine, CA. Country: United States. Schedule: Full-time. Remote status: not remote. Skills: r; excel. No degree mention: False. Health insurance mention: True",high_fit,0.3676807764576865,high_fit,not_selected_for_authorization_text,,,,
active_learning_low_margin,HF-629980,360 IT Professionals,Remote IT Data Analyst,"Fremont, CA",United States,"Job title: Remote IT Data Analyst. Short title: Data Analyst. Company: 360 IT Professionals. Location: Fremont, CA. Country: United States. Schedule: Full-time. Remote status: not remote. Skills: c; swift; jquery; ms access; excel; sharepoint. No degree mention: True. Health insurance mention: False",high_fit,0.39475046603558805,unclear,not_selected_for_authorization_text,,,,
active_learning_low_margin,HF-425352,Cube hub,Data Analyst (medical device/Clinical EDC/Degree in science) ...,Anywhere,United States,Job title: Data Analyst (medical device/Clinical EDC/Degree in science) .... Short title: Data Analyst. Company: Cube hub. Location: Anywhere. Country: United States. Schedule: Full-time. Remote status: remote. Skills: python; r. No degree mention: False. Health insurance mention: False,high_fit,0.39687226192437736,high_fit,not_selected_for_authorization_text,,,,
active_learning_low_margin,HF-497318,Long Beach Unified School District,Associate Research Data Analyst,"Lakewood, CA",United States,"Job title: Associate Research Data Analyst. Short title: Data Analyst. Company: Long Beach Unified School District. Location: Lakewood, CA. Country: United States. Schedule: Full-time. Remote status: not remote. Skills: sql; sql server; word; spreadsheet; ssrs. No degree mention: False. Health insurance mention: True",high_fit,0.39734392043338046,unclear,not_selected_for_authorization_text,,,,
active_learning_low_margin,HF-43509,Technical College System of Georgia - TCSG,Data Analyst,"Atlanta, GA",United States,"Job title: Data Analyst. Short title: Data Analyst. Company: Technical College System of Georgia - TCSG. Location: Atlanta, GA. Country: United States. Schedule: Full-time. Remote status: not remote. Skills: r; cognos; spss. No degree mention: False. Health insurance mention: False",high_fit,0.4028436047931484,high_fit,not_selected_for_authorization_text,,,,
active_learning_low_margin,HF-710055,Technical College System of Georgia - TCSG,Data Analyst,"Atlanta, GA",United States,"Job title: Data Analyst. Short title: Data Analyst. Company: Technical College System of Georgia - TCSG. Location: Atlanta, GA. Country: United States. Schedule: Full-time. Remote status: not remote. Skills: r; cognos; spss. No degree mention: False. Health insurance mention: False",high_fit,0.4028436047931484,high_fit,not_selected_for_authorization_text,,,,
active_learning_low_margin,HF-153815,"LPL Financial Holdings, Inc.",Finance Data Analyst,"Columbia, SC",United States,"Job title: Finance Data Analyst. Short title: Data Analyst. Company: LPL Financial Holdings, Inc.. Location: Columbia, SC. Country: United States. Schedule: Full-time. Remote status: not remote. Skills: sql; vba; excel. Average yearly salary: 91800.0. No degree mention: False. Health insurance mention: False",high_fit,0.40715414567386776,high_fit,not_selected_for_authorization_text,,,,
active_learning_low_margin,HF-17114,Unilever Deutschland Holding GmbH,Data Analyst,"New York, NY",United States,"Job title: Data Analyst. Short title: Data Analyst. Company: Unilever Deutschland Holding GmbH. Location: New York, NY. Country: United States. Schedule: Full-time. Remote status: not remote. Skills: azure; power bi. No degree mention: True. Health insurance mention: False",high_fit,0.4083031957460268,unclear,not_selected_for_authorization_text,,,,
active_learning_low_margin,HF-598495,Arqiva,Data Ops Analyst,"Winchester, VA",United States,"Job title: Data Ops Analyst. Short title: Data Analyst. Company: Arqiva. Location: Winchester, VA. Country: United States. Schedule: Full-time. Remote status: not remote. Skills: aws; qlik; tableau. No degree mention: False. Health insurance mention: False",high_fit,0.42882871288569,unclear,not_selected_for_authorization_text,,,,
active_learning_low_margin,HF-38601,Arsenault,Entry-Level Python Data Warehousing Specialist,Anywhere,United States,Job title: Entry-Level Python Data Warehousing Specialist. Short title: Data Analyst. Company: Arsenault. Location: Anywhere. Country: United States. Schedule: Full-time. Remote status: remote. Skills: python; django; flask; excel. No degree mention: True. Health insurance mention: False,high_fit,0.44955215809701754,high_fit,not_selected_for_authorization_text,,,,
active_learning_low_margin,HF-14189,Tecolote Research,Data Analyst - TS\/SCI clearance required Jobs,"Colorado Springs, CO",United States,"Job title: Data Analyst - TS\/SCI clearance required Jobs. Short title: Data Analyst. Company: Tecolote Research. Location: Colorado Springs, CO. Country: United States. Schedule: Full-time. Remote status: not remote. Skills: html; r; python; ms access. No degree mention: False. Health insurance mention: False",high_fit,0.4522755915673706,high_fit,not_selected_for_authorization_text,,,,
active_learning_low_margin,HF-733515,JLG Industries Inc,GPSC Data Analyst - MDM,"Hagerstown, MD",United States,"Job title: GPSC Data Analyst - MDM. Short title: Data Analyst. Company: JLG Industries Inc. Location: Hagerstown, MD. Country: United States. Schedule: Full-time. Remote status: not remote. Skills: c; power bi. No degree mention: False. Health insurance mention: False",high_fit,0.4533347452493106,unclear,not_selected_for_authorization_text,,,,
active_learning_low_margin,HF-450841,John Deere,Part-Time Student-Data Analytics-Davenport IA,United States,Sudan,Job title: Part-Time Student-Data Analytics-Davenport IA. Short title: Data Analyst. Company: John Deere. Location: United States. Country: Sudan. Schedule: Part-time and Full-time. Remote status: not remote. Skills: sql; r; java; visual basic; go; oracle; sharepoint; ms access; power bi; tableau. Average yearly salary: 54000.0. No degree mention: False. Health insurance mention: True,high_fit,0.45675075626797323,medium_fit,not_selected_for_authorization_text,,,,
active_learning_low_margin,HF-536349,"RingCentral, Inc","Data Analyst, Security - Full-time / Part-time","Fort Worth, TX",United States,"Job title: Data Analyst, Security - Full-time / Part-time. Short title: Data Analyst. Company: RingCentral, Inc. Location: Fort Worth, TX. Country: United States. Schedule: Full-time. Remote status: not remote. Skills: tableau; ringcentral. No degree mention: False. Health insurance mention: True",high_fit,0.45958328300958173,unclear,not_selected_for_authorization_text,,,,
active_learning_low_margin,HF-740946,Fidelity Investments,Data Science Associate,"Boston, MA",United States,"Job title: Data Science Associate. Short title: Data Analyst. Company: Fidelity Investments. Location: Boston, MA. Country: United States. Schedule: Full-time. Remote status: not remote. Skills: python; go; solidity; rust; sql; snowflake. Average yearly salary: 179000.0. No degree mention: False. Health insurance mention: True",high_fit,0.4614154401965475,high_fit,not_selected_for_authorization_text,,,,
active_learning_low_margin,HF-497404,Options Clearing Corporation,"Director, Internal Audit, Data Analytics","Chicago, IL",United States,"Job title: Director, Internal Audit, Data Analytics. Short title: Data Analyst. Company: Options Clearing Corporation. Location: Chicago, IL. Country: United States. Schedule: Full-time. Remote status: not remote. Skills: sql; db2; oracle; aws; azure; tableau; alteryx. Average yearly salary: 225000.0. No degree mention: False. Health insurance mention: True",high_fit,0.4700726044397768,high_fit,not_selected_for_authorization_text,,,,
active_learning_low_margin,HF-539379,Intel,Medical Analyst,"Sacramento, CA",United States,"Job title: Medical Analyst. Short title: Business Analyst. Company: Intel. Location: Sacramento, CA. Country: United States. Schedule: Full-time. Remote status: not remote. Skills: powerpoint. No degree mention: True. Health insurance mention: True",high_fit,0.49838500726639656,unclear,not_selected_for_authorization_text,,,,
active_learning_low_margin,HF-529264,PrideStaff,HR Analyst,"Hartford, CT",United States,"Job title: HR Analyst. Short title: Business Analyst. Company: PrideStaff. Location: Hartford, CT. Country: United States. Schedule: Full-time. Remote status: not remote. Skills: powerpoint. No degree mention: False. Health insurance mention: True",high_fit,0.4992185596068591,unclear,not_selected_for_authorization_text,,,,
active_learning_low_margin,HF-412378,Graphic Packaging International,Customer Data Analyst,"Atlanta, GA",United States,"Job title: Customer Data Analyst. Short title: Data Analyst. Company: Graphic Packaging International. Location: Atlanta, GA. Country: United States. Schedule: Full-time. Remote status: not remote. Skills: word; excel; visio. No degree mention: False. Health insurance mention: False",high_fit,0.5113620997497169,unclear,not_selected_for_authorization_text,,,,
active_learning_low_margin,HF-412882,SGA Inc.,Data Analyst - Customer Behavior Analytics,Anywhere,United States,Job title: Data Analyst - Customer Behavior Analytics. Short title: Data Analyst. Company: SGA Inc.. Location: Anywhere. Country: United States. Schedule: Full-time. Remote status: remote. Skills: sql; databricks. No degree mention: True. Health insurance mention: False,high_fit,0.5229739434069166,high_fit,not_selected_for_authorization_text,,,,
active_learning_low_margin,HF-971,Co-nexus,Data Quality Analyst,"Newport Beach, CA",United States,"Job title: Data Quality Analyst. Short title: Data Analyst. Company: Co-nexus. Location: Newport Beach, CA. Country: United States. Schedule: Full-time. Remote status: not remote. Skills: sql; sql server; snowflake. No degree mention: True. Health insurance mention: False",high_fit,0.5359349152424477,high_fit,not_selected_for_authorization_text,,,,
active_learning_low_margin,HF-414895,Terminal Optimal Solutions,Business/Systems Analyst III,"Maryland Heights, MO",United States,"Job title: Business/Systems Analyst III. Short title: Business Analyst. Company: Terminal Optimal Solutions. Location: Maryland Heights, MO. Country: United States. Schedule: Full-time. Remote status: not remote. Skills: sharepoint; word; excel; visio; jira. No degree mention: True. Health insurance mention: False",high_fit,0.5420309863393934,unclear,not_selected_for_authorization_text,,,,
active_learning_low_margin,HF-578130,Baylor Scott & White Health,Financial Decision Support Data Analyst,"Killeen, TX",United States,"Job title: Financial Decision Support Data Analyst. Short title: Data Analyst. Company: Baylor Scott & White Health. Location: Killeen, TX. Country: United States. Schedule: Full-time. Remote status: not remote. Skills: sql; power bi. No degree mention: False. Health insurance mention: True",high_fit,0.5496559200516824,high_fit,not_selected_for_authorization_text,,,,
active_learning_low_margin,HF-646940,ClearCompany Talent Management Software,Dental Reporting Data Analyst,"Washington, DC",United States,"Job title: Dental Reporting Data Analyst. Short title: Data Analyst. Company: ClearCompany Talent Management Software. Location: Washington, DC. Country: United States. Schedule: Full-time. Remote status: not remote. Skills: r; python. No degree mention: False. Health insurance mention: True",high_fit,0.5573753018857641,high_fit,not_selected_for_authorization_text,,,,
active_learning_low_margin,HF-748153,WadiTek | Technology Consulting & Staffing,"""Data Analyst""",Wisconsin,United States,"Job title: ""Data Analyst"". Short title: Data Analyst. Company: WadiTek | Technology Consulting & Staffing. Location: Wisconsin. Country: United States. Schedule: Full-time. Remote status: not remote. Skills: python; sql. No degree mention: False. Health insurance mention: False",high_fit,0.5633931459863407,high_fit,not_selected_for_authorization_text,,,,
active_learning_low_margin,HF-693257,Capgemini,073137-Data Analyst,Wisconsin,United States,Job title: 073137-Data Analyst. Short title: Data Analyst. Company: Capgemini. Location: Wisconsin. Country: United States. Schedule: Full-time. Remote status: not remote. Skills: python; excel. No degree mention: True. Health insurance mention: True,high_fit,0.5655784710792244,high_fit,not_selected_for_authorization_text,,,,
active_learning_low_margin,HF-724489,BlueCross BlueShield of South Carolina,Customer Service Data Analyst,"Columbia, SC",United States,"Job title: Customer Service Data Analyst. Short title: Data Analyst. Company: BlueCross BlueShield of South Carolina. Location: Columbia, SC. Country: United States. Schedule: Full-time. Remote status: not remote. Skills: visual basic; sql; db2; excel. No degree mention: False. Health insurance mention: True",high_fit,0.5663041997564444,high_fit,not_selected_for_authorization_text,,,,
active_learning_low_margin,HF-756204,Amica Insurance,Data Governance Analyst (Remote),Anywhere,United States,Job title: Data Governance Analyst (Remote). Short title: Data Analyst. Company: Amica Insurance. Location: Anywhere. Country: United States. Schedule: Full-time. Remote status: remote. Skills: sql; nosql; mongo; sql server; aws; oracle. No degree mention: False. Health insurance mention: True,high_fit,0.5713658321407131,unclear,not_selected_for_authorization_text,,,,
active_learning_low_margin,HF-190547,Cynet Systems,IT Data Analyst - Remote / Telecommute,Anywhere,United States,Job title: IT Data Analyst - Remote / Telecommute. Short title: Data Analyst. Company: Cynet Systems. Location: Anywhere. Country: United States. Schedule: Contractor. Remote status: remote. Skills: sql; sql server; oracle; excel; sap. No degree mention: False. Health insurance mention: False,high_fit,0.5724077751330784,high_fit,not_selected_for_authorization_text,,,,
active_learning_low_margin,HF-473342,Louisiana Primary Care Association,Data Analyst,"Baton Rouge, LA",United States,"Job title: Data Analyst. Short title: Data Analyst. Company: Louisiana Primary Care Association. Location: Baton Rouge, LA. Country: United States. Schedule: Full-time. Remote status: not remote. Skills: tableau; power bi. Average yearly salary: 39250.0. No degree mention: False. Health insurance mention: False",high_fit,0.5974151672055454,high_fit,not_selected_for_authorization_text,,,,
active_learning_low_margin,HF-181483,Noralogic Inc,Urgent Nedd,"Hartford, CT",United States,"Job title: Urgent Nedd. Short title: Data Analyst. Company: Noralogic Inc. Location: Hartford, CT. Country: United States. Schedule: Full-time. Remote status: not remote. Skills: python; sas; sas; r; sql; mysql; db2; oracle; azure; hadoop; spark; kafka; numpy; pandas; scikit-learn; ggplot2; pytorch; tensorflow; keras; matplotlib; seaborn; flask; linux; tableau; spss; docker; git; github. No degree mention: False. Health insurance mention: False",high_fit,0.6004964070042944,high_fit,not_selected_for_authorization_text,,,,
active_learning_low_margin,HF-215116,Jaeger Lecoultre Richemont,BI Analyst,"Grand Prairie, TX",United States,"Job title: BI Analyst. Short title: Business Analyst. Company: Jaeger Lecoultre Richemont. Location: Grand Prairie, TX. Country: United States. Schedule: Full-time. Remote status: not remote. Skills: outlook; powerpoint; power bi; sap. No degree mention: False. Health insurance mention: True",high_fit,0.6139591397147094,high_fit,not_selected_for_authorization_text,,,,
active_learning_low_margin,HF-95761,Department Of The Treasury,Statistician,"Albuquerque, NM",United States,"Job title: Statistician. Short title: Data Analyst. Company: Department Of The Treasury. Location: Albuquerque, NM. Country: United States. Schedule: Full-time. Remote status: not remote. Skills: c; r; python; sql; java; oracle. No degree mention: False. Health insurance mention: False",high_fit,0.6191124854409151,high_fit,not_selected_for_authorization_text,,,,
active_learning_low_margin,HF-582432,Virginia Tech,Research Data Analyst,"Arlington, TX",United States,"Job title: Research Data Analyst. Short title: Data Analyst. Company: Virginia Tech. Location: Arlington, TX. Country: United States. Schedule: Full-time. Remote status: not remote. Skills: python; java; matlab; linux; git. No degree mention: False. Health insurance mention: False",high_fit,0.6380918319294618,unclear,not_selected_for_authorization_text,,,,
active_learning_low_margin,HF-543286,Theery,Proteomics Scientist,"San Mateo, CA",United States,"Job title: Proteomics Scientist. Short title: Data Analyst. Company: Theery. Location: San Mateo, CA. Country: United States. Schedule: Full-time. Remote status: not remote. Skills: python; r. No degree mention: False. Health insurance mention: False",high_fit,0.6419519587105768,high_fit,not_selected_for_authorization_text,,,,
active_learning_low_margin,HF-684007,Red Carrot,Manpower Data and Process Analyst,"Miami, FL",United States,"Job title: Manpower Data and Process Analyst. Short title: Data Analyst. Company: Red Carrot. Location: Miami, FL. Country: United States. Schedule: Full-time. Remote status: not remote. Skills: powerpoint. No degree mention: False. Health insurance mention: True",high_fit,0.658072128588512,unclear,not_selected_for_authorization_text,,,,
active_learning_low_margin,HF-62469,EXPERIS,Data Analytics Consultant,"Charlotte, NC",United States,"Job title: Data Analytics Consultant. Short title: Data Analyst. Company: EXPERIS. Location: Charlotte, NC. Country: United States. Schedule: Full-time. Remote status: not remote. Skills: sql; mariadb; mysql; postgresql; hadoop; tableau; alteryx; flow. No degree mention: False. Health insurance mention: False",high_fit,0.6709950063356367,high_fit,not_selected_for_authorization_text,,,,
active_learning_low_margin,HF-691890,Delta Flight Products,"Delta Flight Products Analyst, Data Administrator","Atlanta, GA",United States,"Job title: Delta Flight Products Analyst, Data Administrator. Short title: Data Analyst. Company: Delta Flight Products. Location: Atlanta, GA. Country: United States. Schedule: Full-time. Remote status: not remote. Skills: sql; word; excel; outlook. No degree mention: False. Health insurance mention: False",high_fit,0.6749269613940795,high_fit,not_selected_for_authorization_text,,,,
active_learning_low_margin,HF-256249,Saxon Global,eCommerce Data Analyst IV,"Schiller Park, IL",United States,"Job title: eCommerce Data Analyst IV. Short title: Data Analyst. Company: Saxon Global. Location: Schiller Park, IL. Country: United States. Schedule: Full-time. Remote status: not remote. Skills: aws; redshift; power bi; word. No degree mention: True. Health insurance mention: False",high_fit,0.6749829374639263,high_fit,not_selected_for_authorization_text,,,,
active_learning_low_margin,HF-375353,Steneral Consulting,Remote Work - Need Data Analyst (with SAP IBP and o9),Anywhere,United States,Job title: Remote Work - Need Data Analyst (with SAP IBP and o9). Short title: Data Analyst. Company: Steneral Consulting. Location: Anywhere. Country: United States. Schedule: Full-time. Remote status: remote. Skills: sql; snowflake; azure. No degree mention: True. Health insurance mention: False,high_fit,0.6800165389210311,high_fit,not_selected_for_authorization_text,,,,
active_learning_low_margin,HF-315585,JFC Global,Jr. Data Analyst,"Harrisburg, PA",United States,"Job title: Jr. Data Analyst. Short title: Data Analyst. Company: JFC Global. Location: Harrisburg, PA. Country: United States. Schedule: Full-time. Remote status: not remote. Skills: sql; sql server; ssis; excel. Average yearly salary: 65000.0. No degree mention: True. Health insurance mention: False",high_fit,0.6809638629426382,high_fit,not_selected_for_authorization_text,,,,
active_learning_low_margin,HF-457521,ConEdison,"Data Science Analyst , Quality Excellence & Data Analytics","New York, NY",United States,"Job title: Data Science Analyst , Quality Excellence & Data Analytics. Short title: Data Scientist. Company: ConEdison. Location: New York, NY. Country: United States. Schedule: Full-time. Remote status: not remote. Skills: r; python; sql; oracle; power bi; tableau; excel; spss. No degree mention: False. Health insurance mention: False",high_fit,0.6864512691567448,medium_fit,not_selected_for_authorization_text,,,,
active_learning_low_margin,HF-268443,Baylor University,"Student Worker, Data Analyst Assistant","Bellmead, TX",United States,"Job title: Student Worker, Data Analyst Assistant. Short title: Data Analyst. Company: Baylor University. Location: Bellmead, TX. Country: United States. Schedule: Full-time. Remote status: not remote. Skills: python; excel. No degree mention: True. Health insurance mention: False",high_fit,0.6912516809114728,high_fit,not_selected_for_authorization_text,,,,
active_learning_low_margin,HF-55671,Southwest Airlines,Sr Real Estate Data Analyst - Full-time / Part-time,"Dallas, TX",United States,"Job title: Sr Real Estate Data Analyst - Full-time / Part-time. Short title: Data Analyst. Company: Southwest Airlines. Location: Dallas, TX. Country: United States. Schedule: Full-time and Part-time. Remote status: not remote. Skills: sql; python; excel; ms access; powerpoint; alteryx; tableau. No degree mention: False. Health insurance mention: False",high_fit,0.6948996503109268,low_fit,not_selected_for_authorization_text,,,,
active_learning_low_margin,HF-87811,Kaiser Permanente,"Data Reporting and Analytics Consultant V, Biostatistics","Oakland, CA",United States,"Job title: Data Reporting and Analytics Consultant V, Biostatistics. Short title: Data Analyst. Company: Kaiser Permanente. Location: Oakland, CA. Country: United States. Schedule: Full-time. Remote status: not remote. Skills: sas; sas; r; unix; linux. No degree mention: False. Health insurance mention: False",high_fit,0.6973078822301506,high_fit,not_selected_for_authorization_text,,,,
active_learning_low_margin,HF-485196,Allnessjobs,Data Analyst,"Tennessee, IL",United States,"Job title: Data Analyst. Short title: Data Analyst. Company: Allnessjobs. Location: Tennessee, IL. Country: United States. Schedule: Full-time. Remote status: not remote. Skills: r; sql; git. No degree mention: True. Health insurance mention: False",high_fit,0.7026864173828986,high_fit,not_selected_for_authorization_text,,,,
active_learning_low_margin,HF-535503,"Acadia Technologies, Inc.","Data Analyst SQL, Tableau","Virginia City, NV",United States,"Job title: Data Analyst SQL, Tableau. Short title: Data Analyst. Company: Acadia Technologies, Inc.. Location: Virginia City, NV. Country: United States. Schedule: Full-time. Remote status: not remote. Skills: sql. Average yearly salary: 70000.0. No degree mention: True. Health insurance mention: False",high_fit,0.7218574251154677,unclear,not_selected_for_authorization_text,,,,
active_learning_low_margin,HF-220728,Bloomberg Industry Group,Data Analyst (INDG),"Arlington, VA",United States,"Job title: Data Analyst (INDG). Short title: Data Analyst. Company: Bloomberg Industry Group. Location: Arlington, VA. Country: United States. Schedule: Full-time. Remote status: not remote. Skills: r; sql; oracle. No degree mention: False. Health insurance mention: False",high_fit,0.7372410830271269,high_fit,not_selected_for_authorization_text,,,,
active_learning_low_margin,HF-617793,"Primerica, Inc.",Data Analyst,"Duluth, GA",United States,"Job title: Data Analyst. Short title: Data Analyst. Company: Primerica, Inc.. Location: Duluth, GA. Country: United States. Schedule: Full-time. Remote status: not remote. Skills: sql; vba; vb.net; ms access. Average yearly salary: 58000.0. No degree mention: False. Health insurance mention: True",high_fit,0.7459121606348226,unclear,not_selected_for_authorization_text,,,,
active_learning_low_margin,HF-753875,Experfy Inc,Data Visualization Analyst,"Barcelona, Spain",Spain,"Job title: Data Visualization Analyst. Short title: Data Analyst. Company: Experfy Inc. Location: Barcelona, Spain. Country: Spain. Schedule: . Remote status: not remote. Skills: sql; python; snowflake; aws; seaborn; plotly; numpy; tableau; excel; powerpoint; word; power bi; jira; confluence. No degree mention: False. Health insurance mention: False",high_fit,0.7547615777231469,unclear,not_selected_for_authorization_text,,,,
active_learning_low_margin,HF-214875,Modis,BI Developer / Analyst,"Austin, TX",United States,"Job title: BI Developer / Analyst. Short title: Business Analyst. Company: Modis. Location: Austin, TX. Country: United States. Schedule: Contractor. Remote status: not remote. Skills: power bi; dax; excel. No degree mention: True. Health insurance mention: False",high_fit,0.7552069468262386,high_fit,not_selected_for_authorization_text,,,,
active_learning_low_margin,HF-469615,PRI Technology,Business Intelligence Analyst,"Alpharetta, GA",United States,"Job title: Business Intelligence Analyst. Short title: Business Analyst. Company: PRI Technology. Location: Alpharetta, GA. Country: United States. Schedule: Full-time. Remote status: not remote. Skills: sql; ssrs; power bi. No degree mention: True. Health insurance mention: False",high_fit,0.7563699774972813,high_fit,not_selected_for_authorization_text,,,,
active_learning_low_margin,HF-423299,Capgemini,Data Analyst (contract),"Hartford, CT",United States,"Job title: Data Analyst (contract). Short title: Data Analyst. Company: Capgemini. Location: Hartford, CT. Country: United States. Schedule: Contractor. Remote status: not remote. Skills: oracle; aws; snowflake; aurora; databricks; flow. No degree mention: True. Health insurance mention: False",high_fit,0.7569399577817892,high_fit,not_selected_for_authorization_text,,,,
active_learning_low_margin,HF-267543,myGwork,Salesforce Data Analyst,"Chicago, IL",United States,"Job title: Salesforce Data Analyst. Short title: Data Analyst. Company: myGwork. Location: Chicago, IL. Country: United States. Schedule: Full-time. Remote status: not remote. Skills: sql; mysql; oracle; excel. No degree mention: True. Health insurance mention: False",high_fit,0.762897193720669,high_fit,not_selected_for_authorization_text,,,,
active_learning_low_margin,HF-304707,Ace Technologies,Data Analyst,"Cambridge, MA",United States,"Job title: Data Analyst. Short title: Data Analyst. Company: Ace Technologies. Location: Cambridge, MA. Country: United States. Schedule: Full-time. Remote status: not remote. Skills: sql; nosql; mysql; dynamodb; sql server; azure; aws; redshift; oracle; kafka; spark; linux; flow; jenkins. No degree mention: True. Health insurance mention: False",high_fit,0.7630730554080895,high_fit,not_selected_for_authorization_text,,,,
active_learning_low_margin,HF-299390,University of Texas at Austin,Data Analyst,"Austin, TX",United States,"Job title: Data Analyst. Short title: Data Analyst. Company: University of Texas at Austin. Location: Austin, TX. Country: United States. Schedule: Full-time. Remote status: not remote. Skills: c; excel; spss; cognos. No degree mention: False. Health insurance mention: True",high_fit,0.7632480094476085,high_fit,not_selected_for_authorization_text,,,,
active_learning_low_margin,HF-775615,TEKsystems,Data Analyst - Now Hiring,"Charlotte, NC",United States,"Job title: Data Analyst - Now Hiring. Short title: Data Analyst. Company: TEKsystems. Location: Charlotte, NC. Country: United States. Schedule: Part-time. Remote status: not remote. Skills: sas; sas; sql; flow. No degree mention: True. Health insurance mention: False",high_fit,0.7636803723944113,high_fit,not_selected_for_authorization_text,,,,
active_learning_low_margin,HF-495426,Education Analytics,Data Analyst/Research Analyst I/II,"Madison, WI",United States,"Job title: Data Analyst/Research Analyst I/II. Short title: Data Analyst. Company: Education Analytics. Location: Madison, WI. Country: United States. Schedule: Full-time. Remote status: not remote. Skills: r; sql. No degree mention: False. Health insurance mention: True",high_fit,0.7717902095493845,high_fit,not_selected_for_authorization_text,,,,
active_learning_low_margin,HF-749193,Connect Tech & Talent,"Data Analyst/Report Writer 2 (SQL Server, AIX, SSRS)","Austin, TX",United States,"Job title: Data Analyst/Report Writer 2 (SQL Server, AIX, SSRS). Short title: Data Analyst. Company: Connect Tech & Talent. Location: Austin, TX. Country: United States. Schedule: Contractor. Remote status: not remote. Skills: sql; sql server; azure; ssrs; tableau; git; bitbucket; jira. No degree mention: True. Health insurance mention: False",high_fit,0.7875019861006518,high_fit,not_selected_for_authorization_text,,,,
active_learning_low_margin,HF-321818,Comcast,Comcast Data Analysis & Automation Co-op,"West Chester, PA",United States,"Job title: Comcast Data Analysis & Automation Co-op. Short title: Data Analyst. Company: Comcast. Location: West Chester, PA. Country: United States. Schedule: Internship. Remote status: not remote. Skills: sql; java; scala; python; oracle; aws; databricks; hadoop; spark; linux; tableau; excel; powerpoint; atlassian; jira; confluence. No degree mention: False. Health insurance mention: False",high_fit,0.7957756615358715,high_fit,not_selected_for_authorization_text,,,,
active_learning_low_margin,HF-698360,Bloomberg,"Media Data Analyst (Greater NYC Area, NY)","New York, NY",United States,"Job title: Media Data Analyst (Greater NYC Area, NY). Short title: Data Analyst. Company: Bloomberg. Location: New York, NY. Country: United States. Schedule: Full-time. Remote status: not remote. Skills: sql; bigquery. No degree mention: False. Health insurance mention: False",high_fit,0.799492501947341,high_fit,not_selected_for_authorization_text,,,,
active_learning_low_margin,HF-230140,UnitedHealth Group,Healthcare Data Analyst- Hybrid,Anywhere,United States,Job title: Healthcare Data Analyst- Hybrid. Short title: Data Analyst. Company: UnitedHealth Group. Location: Anywhere. Country: United States. Schedule: Full-time. Remote status: remote. Skills: sas; sas; go. Average yearly salary: 100400.0. No degree mention: True. Health insurance mention: True,high_fit,0.8012039804754242,unclear,not_selected_for_authorization_text,,,,
active_learning_low_margin,HF-327150,BEACH HOUSE GROUP,DTC Data Analyst,Anywhere,United States,Job title: DTC Data Analyst. Short title: Data Analyst. Company: BEACH HOUSE GROUP. Location: Anywhere. Country: United States. Schedule: Full-time. Remote status: remote. Skills: excel; looker. No degree mention: False. Health insurance mention: False,high_fit,0.8079280661649108,high_fit,not_selected_for_authorization_text,,,,
active_learning_low_margin,HF-218924,Brooksource,Jr. Data Analyst,Anywhere,United States,Job title: Jr. Data Analyst. Short title: Data Analyst. Company: Brooksource. Location: Anywhere. Country: United States. Schedule: Contractor. Remote status: remote. Skills: sql; vba; tableau; alteryx. No degree mention: False. Health insurance mention: False,high_fit,0.8101228256184589,high_fit,not_selected_for_authorization_text,,,,
active_learning_low_margin,HF-431319,Software Concepts LLC,Business Intelligence Specialist,"Atlanta, GA",United States,"Job title: Business Intelligence Specialist. Short title: Business Analyst. Company: Software Concepts LLC. Location: Atlanta, GA. Country: United States. Schedule: Full-time. Remote status: not remote. Skills: sql; r; python; power bi; tableau; cognos. No degree mention: False. Health insurance mention: False",high_fit,0.8176445200654292,high_fit,not_selected_for_authorization_text,,,,
active_learning_low_margin,HF-634634,American Broadband,Data Analyst,Georgia,United States,Job title: Data Analyst. Short title: Data Analyst. Company: American Broadband. Location: Georgia. Country: United States. Schedule: Full-time. Remote status: not remote. Skills: sql; c; azure; databricks. Average yearly salary: 75000.0. No degree mention: False. Health insurance mention: False,high_fit,0.818090572402586,high_fit,not_selected_for_authorization_text,,,,
active_learning_low_margin,HF-682988,JPMC Candidate Experience page,Wealth Management -Advisor Center Escalations Team - Client Data...,"San Antonio, TX",United States,"Job title: Wealth Management -Advisor Center Escalations Team - Client Data.... Short title: Data Analyst. Company: JPMC Candidate Experience page. Location: San Antonio, TX. Country: United States. Schedule: Full-time. Remote status: not remote. Skills: windows; word; excel; powerpoint; outlook. No degree mention: False. Health insurance mention: True",high_fit,0.8200136398179093,high_fit,not_selected_for_authorization_text,,,,
active_learning_low_margin,HF-59572,EnVu,Data analyst digital and data science,"Cary, NC",United States,"Job title: Data analyst digital and data science. Short title: Data Analyst. Company: EnVu. Location: Cary, NC. Country: United States. Schedule: Full-time. Remote status: not remote. Skills: sql; python; azure; databricks; excel; tableau. No degree mention: False. Health insurance mention: False",high_fit,0.8364737585978856,high_fit,not_selected_for_authorization_text,,,,
active_learning_low_margin,HF-554793,Robert Half,Data Scientist/Data Analyst,"San Francisco, CA",United States,"Job title: Data Scientist/Data Analyst. Short title: Data Analyst. Company: Robert Half. Location: San Francisco, CA. Country: United States. Schedule: Contractor and Temp work. Remote status: not remote. Skills: sql; python; r. No degree mention: False. Health insurance mention: False",high_fit,0.8370960251382926,high_fit,not_selected_for_authorization_text,,,,
active_learning_low_margin,HF-697384,Frontier,"Data Analyst / Data Scientist, Wholesale","Tampa, FL",United States,"Job title: Data Analyst / Data Scientist, Wholesale. Short title: Data Analyst. Company: Frontier. Location: Tampa, FL. Country: United States. Schedule: Full-time. Remote status: not remote. Skills: python; pandas; excel; alteryx. No degree mention: False. Health insurance mention: False",high_fit,0.8440619172092145,high_fit,not_selected_for_authorization_text,,,,
active_learning_low_margin,HF-308027,"Bourntec Solutions, Inc.",Data Architect,Anywhere,United States,"Job title: Data Architect. Short title: Data Analyst. Company: Bourntec Solutions, Inc.. Location: Anywhere. Country: United States. Schedule: Contractor. Remote status: remote. Skills: sql; snowflake; aws. No degree mention: True. Health insurance mention: False",high_fit,0.8513958184313035,high_fit,not_selected_for_authorization_text,,,,
active_learning_low_margin,HF-163283,January Digital,Data Analyst,,United States,Job title: Data Analyst. Short title: Data Analyst. Company: January Digital. Location: . Country: United States. Schedule: Full-time. Remote status: not remote. Skills: sql; python; tableau. No degree mention: False. Health insurance mention: True,high_fit,0.8544261238951115,unclear,not_selected_for_authorization_text,,,,
active_learning_low_margin,HF-569704,Talentify.io,Digital Support Data Analyst - Remote,Anywhere,United States,Job title: Digital Support Data Analyst - Remote. Short title: Data Analyst. Company: Talentify.io. Location: Anywhere. Country: United States. Schedule: Full-time. Remote status: remote. Skills: sql; oracle; splunk; tableau; ssis; ssrs; sharepoint. No degree mention: False. Health insurance mention: False,high_fit,0.8572070433881559,high_fit,not_selected_for_authorization_text,,,,
active_learning_low_margin,HF-436208,Telnet Inc,Data Analyst - IT// SQL,"Downers Grove, IL",United States,"Job title: Data Analyst - IT// SQL. Short title: Data Analyst. Company: Telnet Inc. Location: Downers Grove, IL. Country: United States. Schedule: Full-time. Remote status: not remote. Skills: sql; azure; power bi; dax. No degree mention: True. Health insurance mention: False",high_fit,0.8598548398916352,high_fit,not_selected_for_authorization_text,,,,
active_learning_low_margin,HF-204910,Catawba Two Kings Casino,DATA ANALYST,"Kings Mountain, NC",United States,"Job title: DATA ANALYST. Short title: Data Analyst. Company: Catawba Two Kings Casino. Location: Kings Mountain, NC. Country: United States. Schedule: Full-time. Remote status: not remote. Skills: sql; sas; sas; crystal; excel; word. No degree mention: False. Health insurance mention: False",high_fit,0.8650226637966218,high_fit,not_selected_for_authorization_text,,,,
active_learning_low_margin,HF-197249,Fresenius Medical Care North America,Principle Data Analyst,"Lexington, MA",United States,"Job title: Principle Data Analyst. Short title: Data Analyst. Company: Fresenius Medical Care North America. Location: Lexington, MA. Country: United States. Schedule: Full-time. Remote status: not remote. Skills: sql; python; tableau; flow. No degree mention: False. Health insurance mention: False",high_fit,0.8667222293801642,high_fit,not_selected_for_authorization_text,,,,
active_learning_low_margin,HF-267854,CBRE,Corporate Real Estate Data Analyst,"Dallas, TX",United States,"Job title: Corporate Real Estate Data Analyst. Short title: Data Analyst. Company: CBRE. Location: Dallas, TX. Country: United States. Schedule: Full-time. Remote status: not remote. Skills: bigquery; tableau; ssrs. No degree mention: False. Health insurance mention: False",high_fit,0.8679179421478112,high_fit,not_selected_for_authorization_text,,,,
active_learning_low_margin,HF-56586,Barclays,"AVP, Data Analyst, Surveillance Analytics",New Jersey,United States,"Job title: AVP, Data Analyst, Surveillance Analytics. Short title: Data Analyst. Company: Barclays. Location: New Jersey. Country: United States. Schedule: Full-time. Remote status: not remote. Skills: python; scala; spark; hadoop; tableau. No degree mention: False. Health insurance mention: False",high_fit,0.8737481434862058,high_fit,not_selected_for_authorization_text,,,,
active_learning_low_margin,HF-101854,Broward County Board of County Commissioners,Data Analyst,"Plantation, FL",United States,"Job title: Data Analyst. Short title: Data Analyst. Company: Broward County Board of County Commissioners. Location: Plantation, FL. Country: United States. Schedule: Full-time. Remote status: not remote. Skills: sql; html; css; javascript; sql server; oracle; jquery; power bi; ssrs. No degree mention: False. Health insurance mention: False",high_fit,0.8757368978521027,high_fit,not_selected_for_authorization_text,,,,
active_learning_low_margin,HF-72791,SynergisticIT,Entry level scientist,"Wilmington, NC",United States,"Job title: Entry level scientist. Short title: Data Analyst. Company: SynergisticIT. Location: Wilmington, NC. Country: United States. Schedule: Full-time. Remote status: not remote. Skills: go; java; javascript; c++; python; spring; tableau. No degree mention: False. Health insurance mention: False",high_fit,0.876550829747104,high_fit,not_selected_for_authorization_text,,,,
active_learning_low_margin,HF-208788,T. Rowe Price,Global Operational Excellence Data Analyst,"Baltimore, MD",United States,"Job title: Global Operational Excellence Data Analyst. Short title: Data Analyst. Company: T. Rowe Price. Location: Baltimore, MD. Country: United States. Schedule: Full-time. Remote status: not remote. Skills: power bi. No degree mention: False. Health insurance mention: True",high_fit,0.8789741428221209,unclear,not_selected_for_authorization_text,,,,
active_learning_low_margin,HF-512467,Labcorp,Remote - Data Analysis and Visualization Specialist,Anywhere,United States,Job title: Remote - Data Analysis and Visualization Specialist. Short title: Data Analyst. Company: Labcorp. Location: Anywhere. Country: United States. Schedule: Full-time. Remote status: remote. Skills: sql; tableau; alteryx. No degree mention: False. Health insurance mention: True,high_fit,0.8794840973460611,high_fit,not_selected_for_authorization_text,,,,
active_learning_low_margin,HF-212144,Indotronix International Corporation,Business/ Data Analyst,"Pleasanton, CA",United States,"Job title: Business/ Data Analyst. Short title: Data Analyst. Company: Indotronix International Corporation. Location: Pleasanton, CA. Country: United States. Schedule: Full-time. Remote status: not remote. Skills: sql; java; python; r; scala; javascript; css; azure; databricks; dax. No degree mention: False. Health insurance mention: False",high_fit,0.8826742485739298,high_fit,not_selected_for_authorization_text,,,,
active_learning_low_margin,HF-388647,Advanced Software Talent,Data Analyst/Developer,Anywhere,United States,Job title: Data Analyst/Developer. Short title: Data Analyst. Company: Advanced Software Talent. Location: Anywhere. Country: United States. Schedule: Part-time. Remote status: remote. Skills: sql; python; r; tableau. No degree mention: True. Health insurance mention: False,high_fit,0.883239420016385,high_fit,not_selected_for_authorization_text,,,,
active_learning_low_margin,HF-184317,"Lubbock, Texas",GIS Data Analyst,"Lubbock, TX",United States,"Job title: GIS Data Analyst. Short title: Data Analyst. Company: Lubbock, Texas. Location: Lubbock, TX. Country: United States. Schedule: Full-time. Remote status: not remote. Skills: word; excel; powerpoint. Average yearly salary: 46238.3984375. No degree mention: False. Health insurance mention: False",high_fit,0.8852286168595744,high_fit,not_selected_for_authorization_text,,,,
active_learning_low_margin,HF-61163,Herschend Family Entertainment,Full Time Data Analyst,"Peachtree Corners, GA",United States,"Job title: Full Time Data Analyst. Short title: Data Analyst. Company: Herschend Family Entertainment. Location: Peachtree Corners, GA. Country: United States. Schedule: Full-time. Remote status: not remote. Skills: excel; looker. No degree mention: False. Health insurance mention: False",high_fit,0.8914208099044305,high_fit,not_selected_for_authorization_text,,,,
active_learning_low_margin,HF-466702,The Custom Group of Companies,Data Analyst,"New York, NY",United States,"Job title: Data Analyst. Short title: Data Analyst. Company: The Custom Group of Companies. Location: New York, NY. Country: United States. Schedule: Full-time. Remote status: not remote. Skills: assembly; tableau. No degree mention: False. Health insurance mention: False",high_fit,0.8921523884037487,unclear,not_selected_for_authorization_text,,,,
active_learning_low_margin,HF-453978,Kforce Technology,Data Analyst,"Johns Creek, GA",United States,"Job title: Data Analyst. Short title: Data Analyst. Company: Kforce Technology. Location: Johns Creek, GA. Country: United States. Schedule: Full-time. Remote status: not remote. Skills: databricks; power bi. No degree mention: True. Health insurance mention: False",high_fit,0.9069615016405786,high_fit,not_selected_for_authorization_text,,,,
active_learning_low_margin,HF-740695,Booz Allen Hamilton,CNO Qualifications Data Analyst - Now Hiring,Anywhere,United States,Job title: CNO Qualifications Data Analyst - Now Hiring. Short title: Data Analyst. Company: Booz Allen Hamilton. Location: Anywhere. Country: United States. Schedule: Full-time and Part-time. Remote status: remote. Skills: python; excel. No degree mention: True. Health insurance mention: True,high_fit,0.9143024697413964,high_fit,not_selected_for_authorization_text,,,,
active_learning_low_margin,HF-766223,Johns Hopkins University Applied Physics Laboratory,Systems Data Analyst Jobs,"Laurel, MD",United States,"Job title: Systems Data Analyst Jobs. Short title: Data Analyst. Company: Johns Hopkins University Applied Physics Laboratory. Location: Laurel, MD. Country: United States. Schedule: Full-time. Remote status: not remote. Skills: apl; matlab; python; go. No degree mention: False. Health insurance mention: True",high_fit,0.9227930684938636,unclear,not_selected_for_authorization_text,,,,
active_learning_low_margin,HF-193250,NYC Department of Social Services,DATA ANALYST,"New York, NY",United States,"Job title: DATA ANALYST. Short title: Data Analyst. Company: NYC Department of Social Services. Location: New York, NY. Country: United States. Schedule: Full-time. Remote status: not remote. Skills: excel; spss. No degree mention: False. Health insurance mention: False",high_fit,0.9271494301636576,high_fit,not_selected_for_authorization_text,,,,
active_learning_low_margin,HF-54832,Compass Group,Data Analyst - Now Hiring,"Charlotte, NC",United States,"Job title: Data Analyst - Now Hiring. Short title: Data Analyst. Company: Compass Group. Location: Charlotte, NC. Country: United States. Schedule: Full-time. Remote status: not remote. Skills: sql; python; aws; azure; jira. No degree mention: True. Health insurance mention: True",high_fit,0.9387679046268289,high_fit,not_selected_for_authorization_text,,,,
active_learning_low_margin,HF-437507,NLB Services,Business Analyst Treasure Data with CDP ( Customer Data Platform),"Austin, TX",United States,"Job title: Business Analyst Treasure Data with CDP ( Customer Data Platform). Short title: Business Analyst. Company: NLB Services. Location: Austin, TX. Country: United States. Schedule: Contractor and Temp work. Remote status: not remote. Skills: javascript; sql; python. No degree mention: False. Health insurance mention: False",high_fit,0.9435963312840818,high_fit,not_selected_for_authorization_text,,,,
active_learning_low_margin,HF-16350,Cerebra IT Services Private Limited,"Data Analyst/Developer-Charlotte, NC Hybrid","Charlotte, NC",United States,"Job title: Data Analyst/Developer-Charlotte, NC Hybrid. Short title: Data Analyst. Company: Cerebra IT Services Private Limited. Location: Charlotte, NC. Country: United States. Schedule: Full-time. Remote status: not remote. Skills: sql; assembly; oracle; excel. No degree mention: True. Health insurance mention: False",high_fit,0.950236224828639,high_fit,not_selected_for_authorization_text,,,,
active_learning_low_margin,HF-670772,Huntington Ingalls Industries,Data Analyst (Data Analyst 3)- 16605,"Arlington, VA",United States,"Job title: Data Analyst (Data Analyst 3)- 16605. Short title: Data Analyst. Company: Huntington Ingalls Industries. Location: Arlington, VA. Country: United States. Schedule: Full-time. Remote status: not remote. Skills: sql; databricks; excel. Average yearly salary: 80811.5. No degree mention: False. Health insurance mention: False",high_fit,0.9519345078129534,high_fit,not_selected_for_authorization_text,,,,
active_learning_low_margin,HF-567789,Cox Automotive,2023 CAI Summer Intern - Mobility Business Analyst Intern,"Panthersville, GA",United States,"Job title: 2023 CAI Summer Intern - Mobility Business Analyst Intern. Short title: Business Analyst. Company: Cox Automotive. Location: Panthersville, GA. Country: United States. Schedule: Internship. Remote status: not remote. Skills: excel; sharepoint; powerpoint. No degree mention: False. Health insurance mention: True",high_fit,0.9590606892021462,high_fit,not_selected_for_authorization_text,,,,
active_learning_low_margin,HF-125655,SynergisticIT,Junior data analyst /Data scientist/ python programmer remote ...,"Cambridge, MA",United States,"Job title: Junior data analyst /Data scientist/ python programmer remote .... Short title: Data Analyst. Company: SynergisticIT. Location: Cambridge, MA. Country: United States. Schedule: Full-time. Remote status: not remote. Skills: java; javascript; c++; sas; sas; python; oracle; spring; tableau; docker; jenkins. No degree mention: False. Health insurance mention: False",high_fit,0.9593693355821373,high_fit,not_selected_for_authorization_text,,,,
active_learning_low_margin,HF-111887,SynergisticIT,Junior Java Programmer /data analyst /Data scientist/ Machine...,"Berkeley, CA",United States,"Job title: Junior Java Programmer /data analyst /Data scientist/ Machine.... Short title: Data Analyst. Company: SynergisticIT. Location: Berkeley, CA. Country: United States. Schedule: Full-time. Remote status: not remote. Skills: java; javascript; c++; sas; sas; python; oracle; tableau; docker; jenkins. No degree mention: False. Health insurance mention: False",high_fit,0.9595437221972314,high_fit,not_selected_for_authorization_text,,,,
active_learning_low_margin,HF-342658,University of Texas at Dallas,Business Intelligence Analyst – Data Visualizations,"Richardson, TX",United States,"Job title: Business Intelligence Analyst – Data Visualizations. Short title: Business Analyst. Company: University of Texas at Dallas. Location: Richardson, TX. Country: United States. Schedule: Full-time. Remote status: not remote. Skills: sql; sas; sas. Average yearly salary: 80000.0. No degree mention: False. Health insurance mention: True",high_fit,0.9679992092443116,high_fit,not_selected_for_authorization_text,,,,
active_learning_low_margin,HF-584554,Analog Devices,"Intern, Foundry Engineering Data Analysis","Wilmington, MA",United States,"Job title: Intern, Foundry Engineering Data Analysis. Short title: Data Analyst. Company: Analog Devices. Location: Wilmington, MA. Country: United States. Schedule: Full-time. Remote status: not remote. Skills: python; javascript; sql; r; mongodb; mongodb; go. No degree mention: False. Health insurance mention: False",high_fit,0.9690819208804577,high_fit,not_selected_for_authorization_text,,,,
active_learning_low_margin,HF-103485,Lawyer.com,Junior Data Analyst - Lawyer.com,"Bernards, NJ",United States,"Job title: Junior Data Analyst - Lawyer.com. Short title: Data Analyst. Company: Lawyer.com. Location: Bernards, NJ. Country: United States. Schedule: Full-time. Remote status: not remote. Skills: python; excel. No degree mention: False. Health insurance mention: True",high_fit,0.9765437984610192,high_fit,not_selected_for_authorization_text,,,,
active_learning_low_margin,HF-750010,Booz Allen Hamilton,Data Analyst,"Arlington, TX",United States,"Job title: Data Analyst. Short title: Data Analyst. Company: Booz Allen Hamilton. Location: Arlington, TX. Country: United States. Schedule: Full-time and Part-time. Remote status: not remote. Skills: excel; qlik; power bi. No degree mention: False. Health insurance mention: True",high_fit,0.9840866663528715,high_fit,not_selected_for_authorization_text,,,,
active_learning_low_margin,HF-646208,Pipe Technologies,Data Analyst,"San Francisco, CA",United States,"Job title: Data Analyst. Short title: Data Analyst. Company: Pipe Technologies. Location: San Francisco, CA. Country: United States. Schedule: Full-time. Remote status: not remote. Skills: sql; postgresql; bigquery; spark; airflow; flow. No degree mention: True. Health insurance mention: True",high_fit,0.9879561937715005,high_fit,not_selected_for_authorization_text,,,,
active_learning_low_margin,HF-143663,Amerit Consulting,Data Analyst-Implementation,"Boston, MA",United States,"Job title: Data Analyst-Implementation. Short title: Data Analyst. Company: Amerit Consulting. Location: Boston, MA. Country: United States. Schedule: Full-time. Remote status: not remote. Skills: sql; sql server; windows; outlook; excel; word. No degree mention: True. Health insurance mention: False",high_fit,0.9898557913294649,high_fit,not_selected_for_authorization_text,,,,
active_learning_low_margin,HF-121068,Aquent,Data Analyst | HCSCJP00019217 | CHI; Hybrid,"Chicago, IL",United States,"Job title: Data Analyst | HCSCJP00019217 | CHI; Hybrid. Short title: Data Analyst. Company: Aquent. Location: Chicago, IL. Country: United States. Schedule: Full-time. Remote status: not remote. Skills: sql; r. No degree mention: False. Health insurance mention: True",high_fit,0.9927776078873953,high_fit,not_selected_for_authorization_text,,,,
active_learning_low_margin,HF-401930,Stanford University,Research Data Analyst,"Stanford, CA",United States,"Job title: Research Data Analyst. Short title: Data Analyst. Company: Stanford University. Location: Stanford, CA. Country: United States. Schedule: Full-time. Remote status: not remote. Skills: r; sheets; spss; slack. No degree mention: False. Health insurance mention: True",high_fit,0.9935614562340751,high_fit,not_selected_for_authorization_text,,,,
active_learning_low_margin,HF-178056,WellBe Senior Medical,Data Analyst,"Schiller Park, IL",United States,"Job title: Data Analyst. Short title: Data Analyst. Company: WellBe Senior Medical. Location: Schiller Park, IL. Country: United States. Schedule: Full-time. Remote status: not remote. Skills: sql; python; r; snowflake. No degree mention: False. Health insurance mention: False",high_fit,0.9984474805929594,high_fit,not_selected_for_authorization_text,,,,
active_learning_low_margin,HF-373822,Amerit Consulting,Data Analyst-Implementation,"San Antonio, TX",United States,"Job title: Data Analyst-Implementation. Short title: Data Analyst. Company: Amerit Consulting. Location: San Antonio, TX. Country: United States. Schedule: Full-time. Remote status: not remote. Skills: sql; sql server; windows; outlook; excel; word. No degree mention: True. Health insurance mention: False",high_fit,1.0033968895537613,high_fit,not_selected_for_authorization_text,,,,
active_learning_low_margin,HF-75946,"Grant Leading Technology, LLC",Fleet Data Analyst,"Washington, DC",United States,"Job title: Fleet Data Analyst. Short title: Data Analyst. Company: Grant Leading Technology, LLC. Location: Washington, DC. Country: United States. Schedule: Full-time. Remote status: not remote. Skills: excel; tableau; sharepoint. No degree mention: False. Health insurance mention: True",high_fit,1.0067518794625587,high_fit,not_selected_for_authorization_text,,,,
active_learning_low_margin,HF-392140,NTT DATA Services,Data & Analytics Consulting Prin. Cnslt.,"Charlotte, NC",United States,"Job title: Data & Analytics Consulting Prin. Cnslt.. Short title: Data Analyst. Company: NTT DATA Services. Location: Charlotte, NC. Country: United States. Schedule: Full-time. Remote status: not remote. Skills: sql; python; azure. No degree mention: False. Health insurance mention: False",high_fit,1.0071476719803445,high_fit,not_selected_for_authorization_text,,,,
active_learning_low_margin,HF-730719,WayUp,"Capital One, Data Analyst Intern - Summer 2024 - Application via WayUp","Plano, TX",United States,"Job title: Capital One, Data Analyst Intern - Summer 2024 - Application via WayUp. Short title: Data Analyst. Company: WayUp. Location: Plano, TX. Country: United States. Schedule: Internship. Remote status: not remote. Skills: sql; excel. No degree mention: False. Health insurance mention: True",high_fit,1.0086916508594563,high_fit,not_selected_for_authorization_text,,,,
active_learning_low_margin,HF-83006,Louis Vuitton,Client Data Analyst,"New York, NY",United States,"Job title: Client Data Analyst. Short title: Data Analyst. Company: Louis Vuitton. Location: New York, NY. Country: United States. Schedule: Full-time. Remote status: not remote. Skills: sql; go; cognos; excel. No degree mention: True. Health insurance mention: True",high_fit,1.0126352258072346,high_fit,not_selected_for_authorization_text,,,,
active_learning_low_margin,HF-749196,Cerebra Consulting Inc,Data Analyst (only who can work on W2),"Bethpage, NY",United States,"Job title: Data Analyst (only who can work on W2). Short title: Data Analyst. Company: Cerebra Consulting Inc. Location: Bethpage, NY. Country: United States. Schedule: Contractor. Remote status: not remote. Skills: excel; visio; tableau. No degree mention: True. Health insurance mention: False",high_fit,1.0136238254341299,high_fit,not_selected_for_authorization_text,,,,
active_learning_low_margin,HF-354806,"General Dynamics Mission Systems, Inc",Nuclear Monitoring Data Analyst,"Chantilly, VA",United States,"Job title: Nuclear Monitoring Data Analyst. Short title: Data Analyst. Company: General Dynamics Mission Systems, Inc. Location: Chantilly, VA. Country: United States. Schedule: Full-time. Remote status: not remote. Skills: c++; java; python; sql; bash; javascript; linux; unix. Average yearly salary: 89000.0. No degree mention: False. Health insurance mention: False",high_fit,1.01461058702957,high_fit,not_selected_for_authorization_text,,,,
active_learning_low_margin,HF-156571,Walmart,Staff Data Steward,"Bentonville, AR",United States,"Job title: Staff Data Steward. Short title: Data Analyst. Company: Walmart. Location: Bentonville, AR. Country: United States. Schedule: Full-time. Remote status: not remote. Skills: python; sql; scala; sql server; oracle; gcp; bigquery; aws; redshift; azure; snowflake; pyspark; spark; airflow; power bi; tableau; ssis. No degree mention: False. Health insurance mention: True",high_fit,1.014742377454162,high_fit,not_selected_for_authorization_text,,,,
active_learning_low_margin,HF-229329,TechFetch.com - On Demand Tech Workforce hiring platform,Data Engineer/BI Analyst,"New York, NY",United States,"Job title: Data Engineer/BI Analyst. Short title: Data Analyst. Company: TechFetch.com - On Demand Tech Workforce hiring platform. Location: New York, NY. Country: United States. Schedule: Part-time. Remote status: not remote. Skills: javascript; sql; snowflake; power bi. No degree mention: False. Health insurance mention: False",high_fit,1.0180122184750222,high_fit,not_selected_for_authorization_text,,,,
active_learning_low_margin,HF-281995,Southland Credit Union,Financial Business Analyst Los Alamitos CA,"Los Alamitos, CA",United States,"Job title: Financial Business Analyst Los Alamitos CA. Short title: Business Analyst. Company: Southland Credit Union. Location: Los Alamitos, CA. Country: United States. Schedule: Full-time. Remote status: not remote. Skills: excel; power bi. No degree mention: False. Health insurance mention: False",high_fit,1.0192355779039999,high_fit,not_selected_for_authorization_text,,,,
active_learning_low_margin,HF-94657,myGwork,Business/Data Analyst Summer 2023,"Boca Raton, FL",United States,"Job title: Business/Data Analyst Summer 2023. Short title: Data Analyst. Company: myGwork. Location: Boca Raton, FL. Country: United States. Schedule: Full-time. Remote status: not remote. Skills: html; java; python; sql; oracle; confluence; jira. No degree mention: False. Health insurance mention: False",high_fit,1.0217989685199464,high_fit,not_selected_for_authorization_text,,,,
active_learning_low_margin,HF-200022,Chubb INA Holdings Inc.,International Claims Business Intelligence Analyst,"Miami, FL",United States,"Job title: International Claims Business Intelligence Analyst. Short title: Business Analyst. Company: Chubb INA Holdings Inc.. Location: Miami, FL. Country: United States. Schedule: Full-time. Remote status: not remote. Skills: sql; python; r; vba; excel; qlik; power bi; cognos; flow. No degree mention: False. Health insurance mention: True",high_fit,1.0224286635944477,high_fit,not_selected_for_authorization_text,,,,
active_learning_low_margin,HF-125900,Get It Recruit - Information Technology,Data Analyst,Anywhere,United States,Job title: Data Analyst. Short title: Data Analyst. Company: Get It Recruit - Information Technology. Location: Anywhere. Country: United States. Schedule: Full-time. Remote status: remote. Skills: r; tableau. Average yearly salary: 85000.0. No degree mention: False. Health insurance mention: True,high_fit,1.022851074613819,high_fit,not_selected_for_authorization_text,,,,
active_learning_low_margin,HF-271063,CVS Pharmacy,Healthcare Data Analyst,"Woonsocket, RI",United States,"Job title: Healthcare Data Analyst. Short title: Data Analyst. Company: CVS Pharmacy. Location: Woonsocket, RI. Country: United States. Schedule: Full-time. Remote status: not remote. Skills: python; sql. No degree mention: False. Health insurance mention: False",high_fit,1.0249554760198243,high_fit,not_selected_for_authorization_text,,,,
active_learning_low_margin,HF-772575,Zallpy Digital,Data Analyst SR,South Carolina,United States,Job title: Data Analyst SR. Short title: Data Analyst. Company: Zallpy Digital. Location: South Carolina. Country: United States. Schedule: Full-time. Remote status: not remote. Skills: python; aws; redshift; pyspark; tableau; qlik. No degree mention: False. Health insurance mention: False,high_fit,1.028025887799292,high_fit,not_selected_for_authorization_text,,,,
active_learning_low_margin,HF-543099,Snap One,Marketing Data Analyst,"Charlotte, NC",United States,"Job title: Marketing Data Analyst. Short title: Data Analyst. Company: Snap One. Location: Charlotte, NC. Country: United States. Schedule: Full-time. Remote status: not remote. Skills: bigquery; snowflake. No degree mention: False. Health insurance mention: False",high_fit,1.029340292024607,high_fit,not_selected_for_authorization_text,,,,
active_learning_low_margin,HF-607959,West Shore Home,Business Intelligence Analyst,"Mechanicsburg, PA",United States,"Job title: Business Intelligence Analyst. Short title: Business Analyst. Company: West Shore Home. Location: Mechanicsburg, PA. Country: United States. Schedule: Full-time. Remote status: not remote. Skills: go; excel; power bi; flow. No degree mention: True. Health insurance mention: True",high_fit,1.0333048847249562,high_fit,not_selected_for_authorization_text,,,,
active_learning_low_margin,HF-445635,Aspired Solutions INC,Product Analyst (Core Data),California,United States,Job title: Product Analyst (Core Data). Short title: Data Analyst. Company: Aspired Solutions INC. Location: California. Country: United States. Schedule: Contractor. Remote status: not remote. Skills: sql; r; python; matlab; jupyter; numpy; pandas; tensorflow. No degree mention: False. Health insurance mention: False,high_fit,1.0425162583231735,high_fit,not_selected_for_authorization_text,,,,
active_learning_low_margin,HF-250902,"Anthem, Inc",Health Data Analyst Work from Home Remote,"St. Louis, MO",United States,"Job title: Health Data Analyst Work from Home Remote. Short title: Data Analyst. Company: Anthem, Inc. Location: St. Louis, MO. Country: United States. Schedule: Full-time. Remote status: not remote. Skills: sql; sas; sas. No degree mention: False. Health insurance mention: True",high_fit,1.0426967251821608,high_fit,not_selected_for_authorization_text,,,,
active_learning_low_margin,HF-201286,Coverent,"Technical Consultant  - McLean, VA | Coverent Careers Jobs","McLean, VA",United States,"Job title: Technical Consultant  - McLean, VA | Coverent Careers Jobs. Short title: Business Analyst. Company: Coverent. Location: McLean, VA. Country: United States. Schedule: Full-time. Remote status: not remote. Skills: python; azure; pandas; spark. No degree mention: False. Health insurance mention: False",high_fit,1.0445951194536536,high_fit,not_selected_for_authorization_text,,,,
active_learning_low_margin,HF-642580,Insight Global,Business Reporting Analyst,"Charlotte, NC",United States,"Job title: Business Reporting Analyst. Short title: Business Analyst. Company: Insight Global. Location: Charlotte, NC. Country: United States. Schedule: Contractor. Remote status: not remote. Skills: tableau; power bi; sharepoint. No degree mention: True. Health insurance mention: False",high_fit,1.046919470530236,high_fit,not_selected_for_authorization_text,,,,
active_learning_low_margin,HF-240751,TechFetch.com - On Demand Tech Workforce hiring platform,Data Analyst II (Healthcare),"New York, NY",United States,"Job title: Data Analyst II (Healthcare). Short title: Data Analyst. Company: TechFetch.com - On Demand Tech Workforce hiring platform. Location: New York, NY. Country: United States. Schedule: Part-time. Remote status: not remote. Skills: sql; snowflake; sap. No degree mention: True. Health insurance mention: False",high_fit,1.0485316495987353,high_fit,not_selected_for_authorization_text,,,,
active_learning_low_margin,HF-279656,TechFetch.com - On Demand Tech Workforce hiring platform,IT - Technology Analyst | Big Data - Data Processing | Spark,"Plano, TX",United States,"Job title: IT - Technology Analyst | Big Data - Data Processing | Spark. Short title: Data Analyst. Company: TechFetch.com - On Demand Tech Workforce hiring platform. Location: Plano, TX. Country: United States. Schedule: Part-time. Remote status: not remote. Skills: sql; aws; databricks; spark. No degree mention: False. Health insurance mention: False",high_fit,1.0508132159371182,high_fit,not_selected_for_authorization_text,,,,
active_learning_low_margin,HF-735425,NYS Office of Temporary & Disability Assistance,Data Analyst 2,"Albany, NY",United States,"Job title: Data Analyst 2. Short title: Data Analyst. Company: NYS Office of Temporary & Disability Assistance. Location: Albany, NY. Country: United States. Schedule: Full-time. Remote status: not remote. Skills: sql; sas; sas. Average yearly salary: 92527.5. No degree mention: False. Health insurance mention: False",high_fit,1.0550003933946983,high_fit,not_selected_for_authorization_text,,,,
active_learning_low_margin,HF-550903,Liberty Personnel Services,SQL Data Analyst Hybrid,"King of Prussia, PA",United States,"Job title: SQL Data Analyst Hybrid. Short title: Data Analyst. Company: Liberty Personnel Services. Location: King of Prussia, PA. Country: United States. Schedule: Contractor. Remote status: not remote. Skills: sql; visio; tableau; word; jira. No degree mention: True. Health insurance mention: False",high_fit,1.0558530367831738,high_fit,not_selected_for_authorization_text,,,,
active_learning_low_margin,HF-73485,Vaco Technology,Data Analyst | Remote in US,"Austin, TX",United States,"Job title: Data Analyst | Remote in US. Short title: Data Analyst. Company: Vaco Technology. Location: Austin, TX. Country: United States. Schedule: Contractor. Remote status: not remote. Skills: r; excel. No degree mention: False. Health insurance mention: False",high_fit,1.0570255136270674,high_fit,not_selected_for_authorization_text,,,,
active_learning_low_margin,HF-218437,Aon,Health Analytics Engineer,United States,United States,Job title: Health Analytics Engineer. Short title: Data Analyst. Company: Aon. Location: United States. Country: United States. Schedule: Full-time. Remote status: not remote. Skills: r; python; sql; html; css; azure; aws; databricks; snowflake; spark; excel; powerpoint; power bi; git; terraform. No degree mention: False. Health insurance mention: True,high_fit,1.062782392792214,high_fit,not_selected_for_authorization_text,,,,
active_learning_low_margin,HF-168329,mdo.io,Business Intelligence Analyst,"Bethesda, MD",United States,"Job title: Business Intelligence Analyst. Short title: Business Analyst. Company: mdo.io. Location: Bethesda, MD. Country: United States. Schedule: Full-time. Remote status: not remote. Skills: tableau; power bi. No degree mention: False. Health insurance mention: False",high_fit,1.0657650234523532,high_fit,not_selected_for_authorization_text,,,,
active_learning_low_margin,HF-448144,American Heart Association,Data Science Analyst,"Pittsburgh, PA",United States,"Job title: Data Science Analyst. Short title: Data Analyst. Company: American Heart Association. Location: Pittsburgh, PA. Country: United States. Schedule: Full-time. Remote status: not remote. Skills: sql; r; python; aws. No degree mention: True. Health insurance mention: True",high_fit,1.078126037136526,high_fit,not_selected_for_authorization_text,,,,
active_learning_low_margin,HF-316317,Fitch Ratings,Salesforce Data Analyst,"New York, NY",United States,"Job title: Salesforce Data Analyst. Short title: Data Analyst. Company: Fitch Ratings. Location: New York, NY. Country: United States. Schedule: Full-time. Remote status: not remote. Skills: sql; mysql; oracle; excel. No degree mention: True. Health insurance mention: True",high_fit,1.0783617581374658,high_fit,not_selected_for_authorization_text,,,,
active_learning_low_margin,HF-466712,Compunnel Inc.,Data Analyst Developer,"Dallas, TX",United States,"Job title: Data Analyst Developer. Short title: Data Analyst. Company: Compunnel Inc.. Location: Dallas, TX. Country: United States. Schedule: Contractor. Remote status: not remote. Skills: sql; azure; snowflake. No degree mention: True. Health insurance mention: False",high_fit,1.0806154076936585,high_fit,not_selected_for_authorization_text,,,,
active_learning_low_margin,HF-603222,UnitedHealth Group,Business Data Analyst - Telecommute,"Los Angeles, CA",United States,"Job title: Business Data Analyst - Telecommute. Short title: Data Analyst. Company: UnitedHealth Group. Location: Los Angeles, CA. Country: United States. Schedule: Full-time. Remote status: not remote. Skills: sql; vba; go; excel. No degree mention: False. Health insurance mention: True",high_fit,1.083158701265935,high_fit,not_selected_for_authorization_text,,,,
active_learning_low_margin,HF-36537,AppleOne,REMOTE DATA ANALYST,California,United States,Job title: REMOTE DATA ANALYST. Short title: Data Analyst. Company: AppleOne. Location: California. Country: United States. Schedule: Full-time. Remote status: not remote. Skills: sql; python; scala; c; c++; postgresql; elasticsearch; oracle; aws; databricks; spark; pyspark; gitlab. No degree mention: True. Health insurance mention: True,high_fit,1.0841148747575207,high_fit,not_selected_for_authorization_text,,,,
active_learning_low_margin,HF-597906,Talentify.io,Data Analyst - Hybrid/Remote ($70000.00 - $85000.00 / year),Anywhere,United States,Job title: Data Analyst - Hybrid/Remote ($70000.00 - $85000.00 / year). Short title: Data Analyst. Company: Talentify.io. Location: Anywhere. Country: United States. Schedule: Full-time. Remote status: remote. Skills: sql; excel. No degree mention: False. Health insurance mention: False,high_fit,1.0850735387873947,high_fit,not_selected_for_authorization_text,,,,
active_learning_low_margin,HF-142969,Fresenius Medical Care,Principle Data Analyst,"Lexington, MA",United States,"Job title: Principle Data Analyst. Short title: Data Analyst. Company: Fresenius Medical Care. Location: Lexington, MA. Country: United States. Schedule: Full-time. Remote status: not remote. Skills: sql; python; tableau; flow. Average yearly salary: 125000.0. No degree mention: False. Health insurance mention: False",high_fit,1.0883932219870422,high_fit,not_selected_for_authorization_text,,,,
active_learning_low_margin,HF-8189,Accenture,Data Analyst,"Austin, TX",United States,"Job title: Data Analyst. Short title: Data Analyst. Company: Accenture. Location: Austin, TX. Country: United States. Schedule: Full-time. Remote status: not remote. Skills: sql; html; css; go; c; tableau; sheets. No degree mention: True. Health insurance mention: False",high_fit,1.093228589984986,high_fit,not_selected_for_authorization_text,,,,
active_learning_low_margin,HF-661160,Katalyst HealthCares & Life Sciences,Clinical Data Analyst,"Santa Clara, CA",United States,"Job title: Clinical Data Analyst. Short title: Data Analyst. Company: Katalyst HealthCares & Life Sciences. Location: Santa Clara, CA. Country: United States. Schedule: Full-time. Remote status: not remote. Skills: r; excel. No degree mention: False. Health insurance mention: False",high_fit,1.0984938981984023,high_fit,not_selected_for_authorization_text,,,,
active_learning_low_margin,HF-266594,State of Illinois,Data Analyst (Management Operations Analyst I),"Springfield, IL",United States,"Job title: Data Analyst (Management Operations Analyst I). Short title: Data Analyst. Company: State of Illinois. Location: Springfield, IL. Country: United States. Schedule: Full-time. Remote status: not remote. Skills: excel; spss. No degree mention: False. Health insurance mention: False",high_fit,1.0997282715245336,high_fit,not_selected_for_authorization_text,,,,
active_learning_low_margin,HF-379414,JB HARRIS TRANSPORT,Data Analyst,"Newnan, GA",United States,"Job title: Data Analyst. Short title: Data Analyst. Company: JB HARRIS TRANSPORT. Location: Newnan, GA. Country: United States. Schedule: Full-time. Remote status: not remote. Skills: sql; power bi; dax. Average yearly salary: 75000.0. No degree mention: False. Health insurance mention: True",high_fit,1.1053779725680268,high_fit,not_selected_for_authorization_text,,,,
active_learning_low_margin,HF-143200,Adecco USA,Business Analyst,"San Francisco, CA",United States,"Job title: Business Analyst. Short title: Business Analyst. Company: Adecco USA. Location: San Francisco, CA. Country: United States. Schedule: Full-time. Remote status: not remote. Skills: python; c++; sql. No degree mention: False. Health insurance mention: True",high_fit,1.1115732835049155,high_fit,not_selected_for_authorization_text,,,,
active_learning_low_margin,HF-107551,SHI International Corp.,Data Analyst - eCommerce,"Somerset, NJ",United States,"Job title: Data Analyst - eCommerce. Short title: Data Analyst. Company: SHI International Corp.. Location: Somerset, NJ. Country: United States. Schedule: Full-time. Remote status: not remote. Skills: looker; excel. No degree mention: False. Health insurance mention: True",high_fit,1.1120415011045024,high_fit,not_selected_for_authorization_text,,,,
active_learning_low_margin,HF-412607,Merchants Bank of Indiana,Data Analyst - MS Power Platform,"Carmel, IN",United States,"Job title: Data Analyst - MS Power Platform. Short title: Data Analyst. Company: Merchants Bank of Indiana. Location: Carmel, IN. Country: United States. Schedule: Full-time. Remote status: not remote. Skills: sql; python; java; scala; azure; aws; gcp; power bi. No degree mention: False. Health insurance mention: False",high_fit,1.1161791215990635,high_fit,not_selected_for_authorization_text,,,,
active_learning_low_margin,HF-591666,PwC,Data Analytics,"Hallandale Beach, FL",United States,"Job title: Data Analytics. Short title: Data Analyst. Company: PwC. Location: Hallandale Beach, FL. Country: United States. Schedule: Full-time. Remote status: not remote. Skills: sql; python; nosql; r; neo4j; azure; aws; gcp; scikit-learn; pandas; alteryx; tableau. No degree mention: False. Health insurance mention: False",high_fit,1.1162553730572586,high_fit,not_selected_for_authorization_text,,,,
active_learning_low_margin,HF-194267,Collabera,Business Data Analytics,"Bernards, NJ",United States,"Job title: Business Data Analytics. Short title: Data Analyst. Company: Collabera. Location: Bernards, NJ. Country: United States. Schedule: Contractor. Remote status: not remote. Skills: sql; tableau. No degree mention: False. Health insurance mention: False",high_fit,1.1218448457778654,high_fit,not_selected_for_authorization_text,,,,
active_learning_low_margin,HF-527937,Robert Half,Marketing Data Analyst,"Aventura, FL",United States,"Job title: Marketing Data Analyst. Short title: Data Analyst. Company: Robert Half. Location: Aventura, FL. Country: United States. Schedule: Full-time. Remote status: not remote. Skills: excel; sheets; tableau. No degree mention: True. Health insurance mention: False",high_fit,1.1239035565216098,high_fit,not_selected_for_authorization_text,,,,
active_learning_low_margin,HF-766191,Wellmark,Data Analyst,"Des Moines, IA",United States,"Job title: Data Analyst. Short title: Data Analyst. Company: Wellmark. Location: Des Moines, IA. Country: United States. Schedule: Full-time. Remote status: not remote. Skills: c; r; excel; word. No degree mention: False. Health insurance mention: False",high_fit,1.1282847777082816,high_fit,not_selected_for_authorization_text,,,,
active_learning_low_margin,HF-536753,Kellogg Company,"Director, Data and Analytics","Elmhurst, IL",United States,"Job title: Director, Data and Analytics. Short title: Data Analyst. Company: Kellogg Company. Location: Elmhurst, IL. Country: United States. Schedule: Full-time. Remote status: not remote. Skills: r; aws; redshift. No degree mention: True. Health insurance mention: False",high_fit,1.1318075947895467,high_fit,not_selected_for_authorization_text,,,,
active_learning_low_margin,HF-337006,R.J. O'Brien & Associates Canada,Head of Data Analytics,"Chicago, IL",United States,"Job title: Head of Data Analytics. Short title: Data Analyst. Company: R.J. O'Brien & Associates Canada. Location: Chicago, IL. Country: United States. Schedule: Full-time. Remote status: not remote. Skills: sql; r; python; sql server; power bi; excel; dax. No degree mention: False. Health insurance mention: False",high_fit,1.1337353099805199,high_fit,not_selected_for_authorization_text,,,,
active_learning_low_margin,HF-59007,UNCOMN LLC,Business Intelligence Analyst,"Scott AFB, IL",United States,"Job title: Business Intelligence Analyst. Short title: Business Analyst. Company: UNCOMN LLC. Location: Scott AFB, IL. Country: United States. Schedule: Full-time. Remote status: not remote. Skills: scala; r; sql; mysql; sql server; aws; azure; bigquery; airflow; hadoop; kafka. No degree mention: True. Health insurance mention: False",high_fit,1.1408895749313657,high_fit,not_selected_for_authorization_text,,,,
active_learning_low_margin,HF-724932,Keylent Inc,Data Analyst - SQL Server,"Howell Township, NJ",United States,"Job title: Data Analyst - SQL Server. Short title: Data Analyst. Company: Keylent Inc. Location: Howell Township, NJ. Country: United States. Schedule: Contractor. Remote status: not remote. Skills: sql; vba; azure; ssis; ssrs; excel. No degree mention: False. Health insurance mention: False",high_fit,1.14196386982021,high_fit,not_selected_for_authorization_text,,,,
active_learning_low_margin,HF-420772,Keste,Data Analyst and Support Consultant,"Plano, TX",United States,"Job title: Data Analyst and Support Consultant. Short title: Data Analyst. Company: Keste. Location: Plano, TX. Country: United States. Schedule: Full-time. Remote status: not remote. Skills: sql; azure; spark; power bi; jira. No degree mention: False. Health insurance mention: False",high_fit,1.143337225065295,high_fit,not_selected_for_authorization_text,,,,
active_learning_low_margin,HF-396348,FirstEnergy,Data Analytics Intern FirstEnergy Internships Summer,"Akron, OH",United States,"Job title: Data Analytics Intern FirstEnergy Internships Summer. Short title: Data Analyst. Company: FirstEnergy. Location: Akron, OH. Country: United States. Schedule: Full-time. Remote status: not remote. Skills: sql; r; python; sas; sas; windows; word; excel; powerpoint; tableau; qlik; spss. No degree mention: False. Health insurance mention: False",high_fit,1.1454364248989917,high_fit,not_selected_for_authorization_text,,,,
active_learning_low_margin,HF-777885,"Sunrise Systems, Inc.",Technical Analyst (Data Analyst),"Lexington, MA",United States,"Job title: Technical Analyst (Data Analyst). Short title: Data Analyst. Company: Sunrise Systems, Inc.. Location: Lexington, MA. Country: United States. Schedule: Full-time. Remote status: not remote. Skills: matplotlib; alteryx; tableau. No degree mention: False. Health insurance mention: False",high_fit,1.1461052215928764,high_fit,not_selected_for_authorization_text,,,,
active_learning_low_margin,HF-160883,Synechron,Data Analyst,"Jersey City, NJ",United States,"Job title: Data Analyst. Short title: Data Analyst. Company: Synechron. Location: Jersey City, NJ. Country: United States. Schedule: Full-time. Remote status: not remote. Skills: sql; shell; python. No degree mention: True. Health insurance mention: False",high_fit,1.1461808447789772,high_fit,not_selected_for_authorization_text,,,,
active_learning_low_margin,HF-439739,The University of Alabama at Birmingham,DATA BASE ANALYST III,"University, FL",United States,"Job title: DATA BASE ANALYST III. Short title: Data Analyst. Company: The University of Alabama at Birmingham. Location: University, FL. Country: United States. Schedule: Full-time. Remote status: not remote. Skills: c#; css; javascript; sql; php; mysql; oracle; jquery; windows; excel. No degree mention: False. Health insurance mention: False",high_fit,1.1484878467888082,high_fit,not_selected_for_authorization_text,,,,
active_learning_low_margin,HF-449943,Benchmark IT - Technology Talent,DW Data Analyst - Hybrid - 5209,"White Plains, NY",United States,"Job title: DW Data Analyst - Hybrid - 5209. Short title: Data Analyst. Company: Benchmark IT - Technology Talent. Location: White Plains, NY. Country: United States. Schedule: Contractor. Remote status: not remote. Skills: sql; sql server; aws; snowflake; oracle; azure. No degree mention: False. Health insurance mention: False",high_fit,1.150048259713772,high_fit,not_selected_for_authorization_text,,,,
active_learning_low_margin,HF-598367,Fairfax County Government,Data Analyst I,"Fairfax, VA",United States,"Job title: Data Analyst I. Short title: Data Analyst. Company: Fairfax County Government. Location: Fairfax, VA. Country: United States. Schedule: Full-time. Remote status: not remote. Skills: sql; db2; sql server; oracle; power bi; flow. No degree mention: False. Health insurance mention: False",high_fit,1.1551256249674813,high_fit,not_selected_for_authorization_text,,,,
active_learning_low_margin,HF-103855,Volta Trucks AB,Charging Solution Admin & Data Analyst,"Paris, France",France,"Job title: Charging Solution Admin & Data Analyst. Short title: Data Analyst. Company: Volta Trucks AB. Location: Paris, France. Country: France. Schedule: Contractor. Remote status: not remote. Skills: power bi; tableau; planner. No degree mention: True. Health insurance mention: False",medium_fit,0.001721853977560417,medium_fit,not_selected_for_authorization_text,,,,
active_learning_low_margin,HF-553703,Worklio,SQL DB Analyst,"Brno, Czechia",Czechia,"Job title: SQL DB Analyst. Short title: Data Analyst. Company: Worklio. Location: Brno, Czechia. Country: Czechia. Schedule: Full-time. Remote status: not remote. Skills: sql; typescript; sass; c#; azure; vue.js; asp.net; asp.net core. No degree mention: True. Health insurance mention: False",medium_fit,0.006681401984653751,unclear,not_selected_for_authorization_text,,,,
active_learning_low_margin,HF-313315,HEINEKEN,Internship - Data Analyst,"Amsterdam, Netherlands",Netherlands,"Job title: Internship - Data Analyst. Short title: Data Analyst. Company: HEINEKEN. Location: Amsterdam, Netherlands. Country: Netherlands. Schedule: Full-time. Remote status: not remote. Skills: python; matlab; go. No degree mention: False. Health insurance mention: False",medium_fit,0.00807320197611483,unclear,not_selected_for_authorization_text,,,,
active_learning_low_margin,HF-398922,DISBYTE S.A.,Data Analyst/Scientist- SemiSenior,"Buenos Aires, Argentina",Argentina,"Job title: Data Analyst/Scientist- SemiSenior. Short title: Data Analyst. Company: DISBYTE S.A.. Location: Buenos Aires, Argentina. Country: Argentina. Schedule: Full-time. Remote status: not remote. Skills: python; bigquery; sheets; power bi. No degree mention: False. Health insurance mention: False",medium_fit,0.009796963054209296,low_fit,not_selected_for_authorization_text,,,,
active_learning_low_margin,HF-633076,SEMrush,Data Scientist,"Limassol, Cyprus",Cyprus,"Job title: Data Scientist. Short title: Data Scientist. Company: SEMrush. Location: Limassol, Cyprus. Country: Cyprus. Schedule: Full-time. Remote status: not remote. Skills: python. No degree mention: False. Health insurance mention: False",medium_fit,0.014685566099856828,unclear,not_selected_for_authorization_text,,,,
active_learning_low_margin,HF-622953,Analytik Jena,Data Analyst Supply Chain Management,"Reinach, Switzerland",Switzerland,"Job title: Data Analyst Supply Chain Management. Short title: Data Analyst. Company: Analytik Jena. Location: Reinach, Switzerland. Country: Switzerland. Schedule: Full-time. Remote status: not remote. Skills: python; sap. No degree mention: False. Health insurance mention: False",medium_fit,0.014902980545931283,unclear,not_selected_for_authorization_text,,,,
active_learning_low_margin,HF-400417,Experis LTD,Ionospheric Data Scientist,"Upper Colwall, Malvern, UK",United Kingdom,"Job title: Ionospheric Data Scientist. Short title: Data Scientist. Company: Experis LTD. Location: Upper Colwall, Malvern, UK. Country: United Kingdom. Schedule: Full-time. Remote status: not remote. Skills: python. No degree mention: False. Health insurance mention: False",medium_fit,0.016100937916755653,unclear,not_selected_for_authorization_text,,,,
active_learning_low_margin,HF-52157,Globant,Data Scientist,"Montevideo, Montevideo Department, Uruguay",Uruguay,"Job title: Data Scientist. Short title: Data Scientist. Company: Globant. Location: Montevideo, Montevideo Department, Uruguay. Country: Uruguay. Schedule: Full-time. Remote status: not remote. Skills: java; python. No degree mention: False. Health insurance mention: False",medium_fit,0.02020780031650654,unclear,not_selected_for_authorization_text,,,,
active_learning_low_margin,HF-615416,Stadium,Data Scientist,"Solna, Sweden",Sweden,"Job title: Data Scientist. Short title: Data Scientist. Company: Stadium. Location: Solna, Sweden. Country: Sweden. Schedule: Full-time. Remote status: not remote. Skills: sql. No degree mention: False. Health insurance mention: False",medium_fit,0.020943826552210054,unclear,not_selected_for_authorization_text,,,,
active_learning_low_margin,HF-754223,NVIDIA,"Data Scientist Telco Intern, Machine Learning - Summer 2023","Santa Clara, CA",United States,"Job title: Data Scientist Telco Intern, Machine Learning - Summer 2023. Short title: Data Scientist. Company: NVIDIA. Location: Santa Clara, CA. Country: United States. Schedule: Full-time. Remote status: not remote. Skills: python; c++; tensorflow; pytorch; scikit-learn; spark; github; kubernetes. No degree mention: False. Health insurance mention: False",medium_fit,0.021508333741691144,medium_fit,not_selected_for_authorization_text,,,,
active_learning_low_margin,HF-557087,Merican Inc,Remote Data,United States,Sudan,Job title: Remote Data. Short title: Data Scientist. Company: Merican Inc. Location: United States. Country: Sudan. Schedule: Full-time. Remote status: not remote. Skills: sql; go. No degree mention: True. Health insurance mention: False,medium_fit,0.02153176954640168,unclear,not_selected_for_authorization_text,,,,
active_learning_low_margin,HF-327416,Smart Capital Center,Data Scientist,Türkiye,Turkey,Job title: Data Scientist. Short title: Data Scientist. Company: Smart Capital Center. Location: Türkiye. Country: Turkey. Schedule: Full-time. Remote status: not remote. Skills: python; spark; hadoop. No degree mention: False. Health insurance mention: False,medium_fit,0.024960302177662208,unclear,not_selected_for_authorization_text,,,,
active_learning_low_margin,HF-581049,E.ON Sverige,Data Scientist,"Malmö, Sweden",Sweden,"Job title: Data Scientist. Short title: Data Scientist. Company: E.ON Sverige. Location: Malmö, Sweden. Country: Sweden. Schedule: Full-time. Remote status: not remote. Skills: python; azure; aws; pytorch; tensorflow; chef. No degree mention: False. Health insurance mention: False",medium_fit,0.027742775564036537,unclear,not_selected_for_authorization_text,,,,
active_learning_low_margin,HF-501702,Avis Budget Group,Beca: Data Analyst,"Madrid, Spain",Spain,"Job title: Beca: Data Analyst. Short title: Data Analyst. Company: Avis Budget Group. Location: Madrid, Spain. Country: Spain. Schedule: Full-time. Remote status: not remote. Skills: power bi; excel. No degree mention: True. Health insurance mention: False",medium_fit,0.031175502662874166,medium_fit,not_selected_for_authorization_text,,,,
active_learning_low_margin,HF-330036,Pierre Fabre,Data analyst,"Toulouse, France",France,"Job title: Data analyst. Short title: Data Analyst. Company: Pierre Fabre. Location: Toulouse, France. Country: France. Schedule: Full-time. Remote status: not remote. Skills: tableau; alteryx; sharepoint. No degree mention: False. Health insurance mention: False",medium_fit,0.03137253830815559,unclear,not_selected_for_authorization_text,,,,
active_learning_low_margin,HF-136322,MUFG,"Data Integration Analyst, Assistant Vice President, Hybrid","Budapest, Hungary",Hungary,"Job title: Data Integration Analyst, Assistant Vice President, Hybrid. Short title: Data Analyst. Company: MUFG. Location: Budapest, Hungary. Country: Hungary. Schedule: Full-time. Remote status: not remote. Skills: tableau; excel. No degree mention: False. Health insurance mention: False",medium_fit,0.035721641826025885,medium_fit,not_selected_for_authorization_text,,,,
active_learning_low_margin,HF-214840,Dell,"Consultant, Data Science","Dallas, TX",Sudan,"Job title: Consultant, Data Science. Short title: Data Scientist. Company: Dell. Location: Dallas, TX. Country: Sudan. Schedule: Full-time. Remote status: not remote. Skills: python; powerbi. No degree mention: False. Health insurance mention: False",medium_fit,0.03734279540227134,unclear,not_selected_for_authorization_text,,,,
active_learning_low_margin,HF-426906,Aviva,Alternance IT – Quantitative – Data Scientist,"Paris, France",France,"Job title: Alternance IT – Quantitative – Data Scientist. Short title: Data Scientist. Company: Aviva. Location: Paris, France. Country: France. Schedule: Full-time. Remote status: not remote. Skills: java; sql; sql server. No degree mention: False. Health insurance mention: False",medium_fit,0.0384166502446448,unclear,not_selected_for_authorization_text,,,,
active_learning_low_margin,HF-739560,Mobile Programming LLC,Data Scientist,Anywhere,India,Job title: Data Scientist. Short title: Data Scientist. Company: Mobile Programming LLC. Location: Anywhere. Country: India. Schedule: Full-time. Remote status: remote. Skills: python; hadoop; spark; nltk; tensorflow; keras; pytorch. No degree mention: False. Health insurance mention: False,medium_fit,0.042765804919502465,unclear,not_selected_for_authorization_text,,,,
active_learning_low_margin,HF-481959,ALTEN,Ingénieur Industriel Data Analyst H/F,"Nantes, France",France,"Job title: Ingénieur Industriel Data Analyst H/F. Short title: Data Analyst. Company: ALTEN. Location: Nantes, France. Country: France. Schedule: Full-time. Remote status: not remote. Skills: tableau; power bi. No degree mention: False. Health insurance mention: False",medium_fit,0.04404103459844666,medium_fit,not_selected_for_authorization_text,,,,
active_learning_low_margin,HF-771232,Caterpillar,2024 Data Science Recent Grad Positions - Cat Digital,"Irving, TX",United States,"Job title: 2024 Data Science Recent Grad Positions - Cat Digital. Short title: Data Scientist. Company: Caterpillar. Location: Irving, TX. Country: United States. Schedule: Full-time. Remote status: not remote. Skills: sql; nosql; mongodb; mongodb; aws; snowflake; django; tableau; power bi. No degree mention: False. Health insurance mention: True",medium_fit,0.04485059747344233,medium_fit,not_selected_for_authorization_text,,,,
active_learning_low_margin,HF-651954,The Recruiter Network,Data Scientist,"Chicago, IL",United States,"Job title: Data Scientist. Short title: Data Scientist. Company: The Recruiter Network. Location: Chicago, IL. Country: United States. Schedule: Full-time. Remote status: not remote. Skills: python; r; julia; aws; azure; tensorflow; pytorch. No degree mention: False. Health insurance mention: False",medium_fit,0.053723524815613155,medium_fit,not_selected_for_authorization_text,,,,
active_learning_low_margin,HF-717887,Grid Dynamics,Data Scientist,Romania,Romania,Job title: Data Scientist. Short title: Data Scientist. Company: Grid Dynamics. Location: Romania. Country: Romania. Schedule: Full-time. Remote status: not remote. Skills: python; cassandra; redis; spark. No degree mention: False. Health insurance mention: False,medium_fit,0.05541685891925607,unclear,not_selected_for_authorization_text,,,,
active_learning_low_margin,HF-377945,Proximus,Medior Data Scientist,"Brussels, Belgium",Belgium,"Job title: Medior Data Scientist. Short title: Data Scientist. Company: Proximus. Location: Brussels, Belgium. Country: Belgium. Schedule: Full-time. Remote status: not remote. Skills: python; azure; tensorflow; pytorch; spark; hadoop; airflow; docker; kubernetes; gitlab. No degree mention: False. Health insurance mention: False",medium_fit,0.05766942582070428,unclear,not_selected_for_authorization_text,,,,
active_learning_low_margin,HF-548416,MotorK,Ingénieur Data,"Paris, France",France,"Job title: Ingénieur Data. Short title: Data Analyst. Company: MotorK. Location: Paris, France. Country: France. Schedule: Full-time. Remote status: not remote. Skills: php; java; groovy; python; javascript; sql; mongodb; mongodb; bash; mysql; aws; gcp; kafka; linux; unix; kubernetes; docker; git. No degree mention: False. Health insurance mention: False",medium_fit,0.05900041316972471,medium_fit,not_selected_for_authorization_text,,,,
active_learning_low_margin,HF-773499,Optimal Dynamics,Data Scientist,Anywhere,United States,Job title: Data Scientist. Short title: Data Scientist. Company: Optimal Dynamics. Location: Anywhere. Country: United States. Schedule: Full-time. Remote status: remote. Skills: python; aws; pandas. No degree mention: False. Health insurance mention: True,medium_fit,0.06083020946116735,medium_fit,not_selected_for_authorization_text,,,,
active_learning_low_margin,HF-283591,Cowboys Unica All Jobs,Data Analyst till Bolag inom Rymdbranschen by Friday,"Segersäng, Sweden",Sweden,"Job title: Data Analyst till Bolag inom Rymdbranschen by Friday. Short title: Data Analyst. Company: Cowboys Unica All Jobs. Location: Segersäng, Sweden. Country: Sweden. Schedule: Full-time. Remote status: not remote. Skills: python; matlab. No degree mention: True. Health insurance mention: False",medium_fit,0.061661276086533684,unclear,not_selected_for_authorization_text,,,,
active_learning_low_margin,HF-414297,Forward Role,Marketing Data Analyst,"Preston, UK",United Kingdom,"Job title: Marketing Data Analyst. Short title: Data Analyst. Company: Forward Role. Location: Preston, UK. Country: United Kingdom. Schedule: Full-time. Remote status: not remote. Skills: power bi; excel. No degree mention: True. Health insurance mention: False",medium_fit,0.06543183934274438,medium_fit,not_selected_for_authorization_text,,,,
active_learning_low_margin,HF-106479,Citi,Officer (C11) - Ref Data Mgt Intmd Analyst Hybrid (ROHQ - ISG Ops),"Taguig, Metro Manila, Philippines",Philippines,"Job title: Officer (C11) - Ref Data Mgt Intmd Analyst Hybrid (ROHQ - ISG Ops). Short title: Data Analyst. Company: Citi. Location: Taguig, Metro Manila, Philippines. Country: Philippines. Schedule: Full-time. Remote status: not remote. Skills: excel; powerpoint. No degree mention: False. Health insurance mention: False",medium_fit,0.07262061467158282,medium_fit,not_selected_for_authorization_text,,,,
active_learning_low_margin,HF-717620,PPOAR,Data Analyst,Dubai - United Arab Emirates,United Arab Emirates,Job title: Data Analyst. Short title: Data Analyst. Company: PPOAR. Location: Dubai - United Arab Emirates. Country: United Arab Emirates. Schedule: Full-time. Remote status: not remote. Skills: tableau; spss. No degree mention: True. Health insurance mention: False,medium_fit,0.07501417120289017,medium_fit,not_selected_for_authorization_text,,,,
active_learning_low_margin,HF-142238,Adecco Recrutamento Especializado,Data Analyst,"Porto, Portugal",Portugal,"Job title: Data Analyst. Short title: Data Analyst. Company: Adecco Recrutamento Especializado. Location: Porto, Portugal. Country: Portugal. Schedule: Full-time. Remote status: not remote. Skills: mongodb; mongodb; snowflake; aws; kafka; spark. No degree mention: True. Health insurance mention: False",medium_fit,0.0781275514963036,unclear,not_selected_for_authorization_text,,,,
active_learning_low_margin,HF-353427,Old Mutual Finance (Pty) Ltd,OMF Junior Data Scientist Scorecard Development,"Pineland, SC",United States,"Job title: OMF Junior Data Scientist Scorecard Development. Short title: Data Scientist. Company: Old Mutual Finance (Pty) Ltd. Location: Pineland, SC. Country: United States. Schedule: Full-time. Remote status: not remote. Skills: sql; r; python. No degree mention: False. Health insurance mention: False",medium_fit,0.08156524497982498,medium_fit,not_selected_for_authorization_text,,,,
active_learning_low_margin,HF-424040,Textron Specialized Vehicles,IT Data Scientist,"Augusta, GA",United States,"Job title: IT Data Scientist. Short title: Data Scientist. Company: Textron Specialized Vehicles. Location: Augusta, GA. Country: United States. Schedule: Full-time. Remote status: not remote. Skills: python; r; scala; c; postgresql; mysql; azure; aws; oracle; spark; pyspark. No degree mention: False. Health insurance mention: False",medium_fit,0.08375731445889828,medium_fit,not_selected_for_authorization_text,,,,
active_learning_low_margin,HF-716453,Colgate-Palmolive Careers,Data Analyst -  Engagement,"Bến Cát, Binh Duong, Vietnam",Vietnam,"Job title: Data Analyst -  Engagement. Short title: Data Analyst. Company: Colgate-Palmolive Careers. Location: Bến Cát, Binh Duong, Vietnam. Country: Vietnam. Schedule: Full-time. Remote status: not remote. Skills: vba; spring; excel; sap; tableau; flow. No degree mention: False. Health insurance mention: False",medium_fit,0.08431638863262703,medium_fit,not_selected_for_authorization_text,,,,
active_learning_low_margin,HF-370560,Jobberman,Staff Data Scientist,"Accra, Ghana",Ghana,"Job title: Staff Data Scientist. Short title: Data Scientist. Company: Jobberman. Location: Accra, Ghana. Country: Ghana. Schedule: Full-time. Remote status: not remote. Skills: sql. No degree mention: False. Health insurance mention: False",medium_fit,0.08476884911017546,unclear,not_selected_for_authorization_text,,,,
active_learning_low_margin,HF-595485,MinData,Científico de datos es España,"Madrid, Spain",Spain,"Job title: Científico de datos es España. Short title: Data Scientist. Company: MinData. Location: Madrid, Spain. Country: Spain. Schedule: Full-time. Remote status: not remote. Skills: python; spark. No degree mention: False. Health insurance mention: False",medium_fit,0.08561729406168792,unclear,not_selected_for_authorization_text,,,,
active_learning_low_margin,HF-58661,Absa Bank Limited,Specialist Data Scientist,"Sandton, South Africa",South Africa,"Job title: Specialist Data Scientist. Short title: Data Scientist. Company: Absa Bank Limited. Location: Sandton, South Africa. Country: South Africa. Schedule: Full-time. Remote status: not remote. Skills: java; scala; python; hadoop; spark; kafka. No degree mention: False. Health insurance mention: False",medium_fit,0.08655873668245354,unclear,not_selected_for_authorization_text,,,,
active_learning_low_margin,HF-33921,European Climate Foundation,Data Analyst (Power Bi) Jobs,"Brussels, Belgium",Belgium,"Job title: Data Analyst (Power Bi) Jobs. Short title: Data Analyst. Company: European Climate Foundation. Location: Brussels, Belgium. Country: Belgium. Schedule: Full-time. Remote status: not remote. Skills: azure; power bi; dax. No degree mention: False. Health insurance mention: False",medium_fit,0.08893345942547448,unclear,not_selected_for_authorization_text,,,,
active_learning_low_margin,HF-188474,BMW AG,Data Analyst - Use Case Befähigung (w/m/x),"Munich, Germany",Germany,"Job title: Data Analyst - Use Case Befähigung (w/m/x). Short title: Data Analyst. Company: BMW AG. Location: Munich, Germany. Country: Germany. Schedule: Full-time. Remote status: not remote. Skills: aws; tableau. No degree mention: True. Health insurance mention: False",medium_fit,0.09121548363676793,unclear,not_selected_for_authorization_text,,,,
active_learning_low_margin,HF-396224,IQVIA,SAS Data Programmer,"San Francisco, CA",United States,"Job title: SAS Data Programmer. Short title: Data Scientist. Company: IQVIA. Location: San Francisco, CA. Country: United States. Schedule: Full-time. Remote status: not remote. Skills: sas; sas; sql; sap. No degree mention: False. Health insurance mention: False",medium_fit,0.09123655017410015,medium_fit,not_selected_for_authorization_text,,,,
active_learning_low_margin,HF-153892,QUANT AI Lab,Data analyst - Power BI,"Madrid, Spain",Spain,"Job title: Data analyst - Power BI. Short title: Data Analyst. Company: QUANT AI Lab. Location: Madrid, Spain. Country: Spain. Schedule: Full-time. Remote status: not remote. Skills: sql; sql server; azure; power bi; dax. No degree mention: True. Health insurance mention: False",medium_fit,0.09148266568309349,medium_fit,not_selected_for_authorization_text,,,,
active_learning_low_margin,HF-299128,Gear Inc,Quality Analyst Jobs,Indonesia,Indonesia,Job title: Quality Analyst Jobs. Short title: Business Analyst. Company: Gear Inc. Location: Indonesia. Country: Indonesia. Schedule: Full-time. Remote status: not remote. Skills: powerpoint; word; excel; spreadsheet. No degree mention: False. Health insurance mention: False,medium_fit,0.09154965096675916,medium_fit,not_selected_for_authorization_text,,,,
active_learning_low_margin,HF-729729,ASML,Customer Support Data Analyst,"Veldhoven, Netherlands",Netherlands,"Job title: Customer Support Data Analyst. Short title: Data Analyst. Company: ASML. Location: Veldhoven, Netherlands. Country: Netherlands. Schedule: Full-time. Remote status: not remote. Skills: python; matlab; r; azure; alteryx. No degree mention: False. Health insurance mention: False",medium_fit,0.09241091476405944,medium_fit,not_selected_for_authorization_text,,,,
active_learning_low_margin,HF-167329,Naval Facilities Engineering Systems Command (NAVFAC),DATA SCIENTIST,"Atlantic, VA",United States,"Job title: DATA SCIENTIST. Short title: Data Scientist. Company: Naval Facilities Engineering Systems Command (NAVFAC). Location: Atlantic, VA. Country: United States. Schedule: Full-time. Remote status: not remote. Skills: sql; python; oracle. No degree mention: False. Health insurance mention: True",medium_fit,0.0931132177951971,medium_fit,not_selected_for_authorization_text,,,,
active_learning_low_margin,HF-484049,Confidencial,Cientista de dados Pl/Sr,"Brasília - Brasilia, Federal District, Brazil",Brazil,"Job title: Cientista de dados Pl/Sr. Short title: Business Analyst. Company: Confidencial. Location: Brasília - Brasilia, Federal District, Brazil. Country: Brazil. Schedule: Full-time. Remote status: not remote. Skills: python; r; aws; git. No degree mention: False. Health insurance mention: False",medium_fit,0.09383768501833528,medium_fit,not_selected_for_authorization_text,,,,
active_learning_low_margin,HF-331973,Kenvue,10010079 Undergraduate Data Science Co Op,"Ontario, CA",United States,"Job title: 10010079 Undergraduate Data Science Co Op. Short title: Data Scientist. Company: Kenvue. Location: Ontario, CA. Country: United States. Schedule: Internship. Remote status: not remote. Skills: sql; java; drupal; tableau; jira. No degree mention: False. Health insurance mention: False",medium_fit,0.09618993896838424,medium_fit,not_selected_for_authorization_text,,,,
active_learning_low_margin,HF-585879,Guardian Recruiting (Pty) Ltd.,Technical Data Analyst - Fund Services (Cape Town),South Africa,South Africa,Job title: Technical Data Analyst - Fund Services (Cape Town). Short title: Data Analyst. Company: Guardian Recruiting (Pty) Ltd.. Location: South Africa. Country: South Africa. Schedule: Full-time. Remote status: not remote. Skills: vba; mysql; snowflake; alteryx; excel. No degree mention: True. Health insurance mention: False,medium_fit,0.09653834066649382,medium_fit,not_selected_for_authorization_text,,,,
active_learning_low_margin,HF-330588,Morgan Mckinley,HR Data Analyst - Urgent Position,"Dublin, Ireland",Ireland,"Job title: HR Data Analyst - Urgent Position. Short title: Data Analyst. Company: Morgan Mckinley. Location: Dublin, Ireland. Country: Ireland. Schedule: Full-time. Remote status: not remote. Skills: gdpr; excel; sap. No degree mention: False. Health insurance mention: False",medium_fit,0.10006779478362307,unclear,not_selected_for_authorization_text,,,,
active_learning_low_margin,HF-338574,Bloomberg,"Enterprise Data Service Delivery - Technical Support Analyst, Sydney",Australia,Australia,"Job title: Enterprise Data Service Delivery - Technical Support Analyst, Sydney. Short title: Data Analyst. Company: Bloomberg. Location: Australia. Country: Australia. Schedule: Full-time. Remote status: not remote. Skills: shell; perl; python; java; c++; sql; nosql; go; aws; azure; gcp; unix. No degree mention: True. Health insurance mention: False",medium_fit,0.10048051515485618,medium_fit,not_selected_for_authorization_text,,,,
active_learning_low_margin,HF-348239,Nissan,"Data Scientist Aftersales Business Intelligence (Hampton Roads, VA)",United States,United States,"Job title: Data Scientist Aftersales Business Intelligence (Hampton Roads, VA). Short title: Data Scientist. Company: Nissan. Location: United States. Country: United States. Schedule: Full-time. Remote status: not remote. Skills: r; hadoop; tableau; word; spreadsheet. No degree mention: False. Health insurance mention: False",medium_fit,0.1015989987310214,medium_fit,not_selected_for_authorization_text,,,,
active_learning_low_margin,HF-148194,The Aerospace Corporation,Data Scientist,United States,United States,Job title: Data Scientist. Short title: Data Scientist. Company: The Aerospace Corporation. Location: United States. Country: United States. Schedule: Full-time. Remote status: not remote. Skills: python; pytorch; scikit-learn; tensorflow. No degree mention: False. Health insurance mention: True,medium_fit,0.1023356757317565,medium_fit,not_selected_for_authorization_text,,,,
active_learning_low_margin,HF-369370,RCA,DATA ANALYST F/H,"Saint-Herblain, France",France,"Job title: DATA ANALYST F/H. Short title: Data Analyst. Company: RCA. Location: Saint-Herblain, France. Country: France. Schedule: Full-time. Remote status: not remote. Skills: snowflake; aws; airflow. No degree mention: True. Health insurance mention: False",medium_fit,0.10298664479990474,unclear,not_selected_for_authorization_text,,,,
active_learning_low_margin,HF-480836,Workwise,Sales Data Analyst SAP,"Trierweiler, Germany",Germany,"Job title: Sales Data Analyst SAP. Short title: Data Analyst. Company: Workwise. Location: Trierweiler, Germany. Country: Germany. Schedule: Full-time. Remote status: not remote. Skills: sql; sap; excel. No degree mention: True. Health insurance mention: False",medium_fit,0.10823992889919914,medium_fit,not_selected_for_authorization_text,,,,
active_learning_low_margin,HF-189330,CAPGEMINI ENGINEERING,Data Scientist,"Milan, Metropolitan City of Milan, Italy",Italy,"Job title: Data Scientist. Short title: Data Scientist. Company: CAPGEMINI ENGINEERING. Location: Milan, Metropolitan City of Milan, Italy. Country: Italy. Schedule: Full-time. Remote status: not remote. Skills: matlab; python; aws; azure; gcp; spark; hadoop. No degree mention: False. Health insurance mention: False",medium_fit,0.1089043729100092,unclear,not_selected_for_authorization_text,,,,
active_learning_low_margin,HF-735327,Lawrence Berkeley National Laboratory,Associate Data Scientist,United States,United States,Job title: Associate Data Scientist. Short title: Data Scientist. Company: Lawrence Berkeley National Laboratory. Location: United States. Country: United States. Schedule: Full-time. Remote status: not remote. Skills: python; matplotlib; tensorflow; git. No degree mention: False. Health insurance mention: False,medium_fit,0.10936500011413328,medium_fit,not_selected_for_authorization_text,,,,
active_learning_low_margin,HF-671743,Square One Resources,Data Scientist,Italy,Italy,Job title: Data Scientist. Short title: Data Scientist. Company: Square One Resources. Location: Italy. Country: Italy. Schedule: Full-time. Remote status: not remote. Skills: python; gcp; pytorch; keras. No degree mention: False. Health insurance mention: False,medium_fit,0.11095014101206879,unclear,not_selected_for_authorization_text,,,,
active_learning_low_margin,HF-550858,Rachael Gunn LTD,Data Analyst,Anywhere,United Kingdom,Job title: Data Analyst. Short title: Data Analyst. Company: Rachael Gunn LTD. Location: Anywhere. Country: United Kingdom. Schedule: Part-time and Contractor. Remote status: remote. Skills: sql; go; gdpr; excel; clickup; airtable; slack. No degree mention: True. Health insurance mention: False,medium_fit,0.11127943584238129,medium_fit,not_selected_for_authorization_text,,,,
active_learning_low_margin,HF-142356,Centene Corporation,Data Analyst III,"Afton, TX",Sudan,"Job title: Data Analyst III. Short title: Data Analyst. Company: Centene Corporation. Location: Afton, TX. Country: Sudan. Schedule: Full-time. Remote status: not remote. Skills: sql; excel. No degree mention: False. Health insurance mention: True",medium_fit,0.11161435165200362,medium_fit,not_selected_for_authorization_text,,,,
active_learning_low_margin,HF-396525,PM Group,Data Analyst,"Dublin, Ireland",Ireland,"Job title: Data Analyst. Short title: Data Analyst. Company: PM Group. Location: Dublin, Ireland. Country: Ireland. Schedule: Full-time. Remote status: not remote. Skills: excel; power bi. No degree mention: False. Health insurance mention: False",medium_fit,0.11195675275041217,medium_fit,not_selected_for_authorization_text,,,,
active_learning_low_margin,HF-356449,Cyprus Marine And Maritime Institute (Cmmi),Data Scientist,"Athens, Greece",Greece,"Job title: Data Scientist. Short title: Data Scientist. Company: Cyprus Marine And Maritime Institute (Cmmi). Location: Athens, Greece. Country: Greece. Schedule: Full-time and Temp work. Remote status: not remote. Skills: python; jupyter. No degree mention: False. Health insurance mention: False",medium_fit,0.1141923105054572,unclear,not_selected_for_authorization_text,,,,
active_learning_low_margin,HF-402955,Moseley Technical Services,"Data Scientist, Junior","Huntsville, AL",United States,"Job title: Data Scientist, Junior. Short title: Data Scientist. Company: Moseley Technical Services. Location: Huntsville, AL. Country: United States. Schedule: Contractor. Remote status: not remote. Skills: sql; nosql; neo4j; tensorflow; keras; pytorch; nltk; scikit-learn. No degree mention: False. Health insurance mention: True",medium_fit,0.11442798433347323,medium_fit,not_selected_for_authorization_text,,,,
active_learning_low_margin,HF-486328,Verband Creditreform,Werkstudenten (w/m/d) im Bereich KI und Data Analytics (mind. 16...,"Neuss, Germany",Germany,"Job title: Werkstudenten (w/m/d) im Bereich KI und Data Analytics (mind. 16.... Short title: Data Analyst. Company: Verband Creditreform. Location: Neuss, Germany. Country: Germany. Schedule: Full-time, Part-time, and Internship. Remote status: not remote. Skills: python; julia; scala; linux. No degree mention: False. Health insurance mention: False",medium_fit,0.11825598150069389,unclear,not_selected_for_authorization_text,,,,
active_learning_low_margin,HF-546530,The Edge Partnership,Data Analyst,"Kuala Lumpur, Federal Territory of Kuala Lumpur, Malaysia",Malaysia,"Job title: Data Analyst. Short title: Data Analyst. Company: The Edge Partnership. Location: Kuala Lumpur, Federal Territory of Kuala Lumpur, Malaysia. Country: Malaysia. Schedule: Full-time. Remote status: not remote. Skills: python; hadoop; excel. No degree mention: True. Health insurance mention: False",medium_fit,0.1211758876288351,medium_fit,not_selected_for_authorization_text,,,,
active_learning_low_margin,HF-13212,PwC,Data Management Specialists,"Gdańsk, Poland",Poland,"Job title: Data Management Specialists. Short title: Data Scientist. Company: PwC. Location: Gdańsk, Poland. Country: Poland. Schedule: Full-time. Remote status: not remote. Skills: sql. No degree mention: False. Health insurance mention: False",medium_fit,0.12250649725372509,unclear,not_selected_for_authorization_text,,,,
active_learning_low_margin,HF-138886,Skillventory,Data Scientist,"New Delhi, Delhi, India",India,"Job title: Data Scientist. Short title: Data Scientist. Company: Skillventory. Location: New Delhi, Delhi, India. Country: India. Schedule: Full-time. Remote status: not remote. Skills: sql; hadoop. No degree mention: False. Health insurance mention: False",medium_fit,0.12360610167633362,unclear,not_selected_for_authorization_text,,,,
active_learning_low_margin,HF-654321,Dice,Data Scientist/Lead Python Developer with Financial Exp - Iselin...,Anywhere,United States,Job title: Data Scientist/Lead Python Developer with Financial Exp - Iselin.... Short title: Data Scientist. Company: Dice. Location: Anywhere. Country: United States. Schedule: Full-time and Contractor. Remote status: remote. Skills: python; r; scala; aws; azure; spark; scikit-learn; pandas; theano; tensorflow; matplotlib; ggplot2; hadoop; excel; power bi; tableau; flow. No degree mention: False. Health insurance mention: False,medium_fit,0.12463009864787011,low_fit,not_selected_for_authorization_text,,,,
active_learning_low_margin,HF-306732,COLSA Corporation,Data Science/Artificial Intelligence Summer Intern (Undergraduate...,"Huntsville, AL",United States,"Job title: Data Science/Artificial Intelligence Summer Intern (Undergraduate.... Short title: Data Scientist. Company: COLSA Corporation. Location: Huntsville, AL. Country: United States. Schedule: Internship. Remote status: not remote. Skills: python; c#; julia; jupyter; tensorflow; keras; linux; github. No degree mention: False. Health insurance mention: False",medium_fit,0.12532653270539296,unclear,not_selected_for_authorization_text,,,,
active_learning_low_margin,HF-772373,workidentity GmbH,Data Analyst,"Hamburg, Germany",Germany,"Job title: Data Analyst. Short title: Data Analyst. Company: workidentity GmbH. Location: Hamburg, Germany. Country: Germany. Schedule: Full-time. Remote status: not remote. Skills: sql; vb.net; vba; postgresql; qlik. No degree mention: True. Health insurance mention: False",medium_fit,0.12822250765099238,unclear,not_selected_for_authorization_text,,,,
active_learning_low_margin,HF-69933,Microsoft,Data Scientist 2,"Bengaluru, Karnataka, India",India,"Job title: Data Scientist 2. Short title: Data Scientist. Company: Microsoft. Location: Bengaluru, Karnataka, India. Country: India. Schedule: Full-time. Remote status: not remote. Skills: python; c#; pytorch; tensorflow; excel. No degree mention: False. Health insurance mention: False",medium_fit,0.12860074885423006,medium_fit,not_selected_for_authorization_text,,,,
active_learning_low_margin,HF-257188,Bunge,"Data Scientist (St. Louis, MO)","Chesterfield, MO",United States,"Job title: Data Scientist (St. Louis, MO). Short title: Data Scientist. Company: Bunge. Location: Chesterfield, MO. Country: United States. Schedule: Full-time. Remote status: not remote. Skills: r; python; spark. No degree mention: False. Health insurance mention: False",medium_fit,0.1301701941078205,medium_fit,not_selected_for_authorization_text,,,,
active_learning_low_margin,HF-277555,Stemly,Data Scientist,Anywhere,India,Job title: Data Scientist. Short title: Data Scientist. Company: Stemly. Location: Anywhere. Country: India. Schedule: Full-time. Remote status: remote. Skills: python; postgresql. No degree mention: False. Health insurance mention: False,medium_fit,0.13081046584243916,unclear,not_selected_for_authorization_text,,,,
active_learning_low_margin,HF-181014,Avenueshr Consulting,Data Scientist,"New Delhi, Delhi, India",India,"Job title: Data Scientist. Short title: Data Scientist. Company: Avenueshr Consulting. Location: New Delhi, Delhi, India. Country: India. Schedule: Full-time. Remote status: not remote. Skills: sql; mongo; oracle; gcp; azure. No degree mention: False. Health insurance mention: False",medium_fit,0.13423520702257527,unclear,not_selected_for_authorization_text,,,,
active_learning_low_margin,HF-227148,UNAVAILABLE,Graduate Data Scientist/Physicist,"Loughborough, UK",United Kingdom,"Job title: Graduate Data Scientist/Physicist. Short title: Data Scientist. Company: UNAVAILABLE. Location: Loughborough, UK. Country: United Kingdom. Schedule: Full-time. Remote status: not remote. Skills: matlab; python. No degree mention: False. Health insurance mention: False",medium_fit,0.13682085143002526,unclear,not_selected_for_authorization_text,,,,
active_learning_low_margin,HF-432481,Morgan State University,Data Science Researcher,"Baltimore, MD",United States,"Job title: Data Science Researcher. Short title: Data Scientist. Company: Morgan State University. Location: Baltimore, MD. Country: United States. Schedule: Full-time. Remote status: not remote. Skills: r; python; sql. No degree mention: False. Health insurance mention: False",medium_fit,0.13774334353431317,medium_fit,not_selected_for_authorization_text,,,,
active_learning_low_margin,HF-385518,Bayer,Data Scientist - Breeding Customer Insights,"Chesterfield, MO",United States,"Job title: Data Scientist - Breeding Customer Insights. Short title: Data Scientist. Company: Bayer. Location: Chesterfield, MO. Country: United States. Schedule: Full-time. Remote status: not remote. Skills: r; python. No degree mention: False. Health insurance mention: True",medium_fit,0.14095195442169905,medium_fit,not_selected_for_authorization_text,,,,
active_learning_low_margin,HF-524344,Manulife Insurance Malaysia,Director-Data Enablement and Governance,Canada,Canada,Job title: Director-Data Enablement and Governance. Short title: Senior Data Scientist. Company: Manulife Insurance Malaysia. Location: Canada. Country: Canada. Schedule: Full-time. Remote status: not remote. Skills: sql; nosql; java; scala; c; c++; c#; javascript; python; r; azure; databricks. No degree mention: False. Health insurance mention: False,medium_fit,0.14098212536837393,low_fit,not_selected_for_authorization_text,,,,
active_learning_low_margin,HF-381947,MatchTalent Limited,Data Architect,Hong Kong,Hong Kong,Job title: Data Architect. Short title: Data Analyst. Company: MatchTalent Limited. Location: Hong Kong. Country: Hong Kong. Schedule: Full-time. Remote status: not remote. Skills: sql; sql server; azure; aws; gcp; oracle; kafka. No degree mention: False. Health insurance mention: False,medium_fit,0.14489407056170742,unclear,not_selected_for_authorization_text,,,,
active_learning_low_margin,HF-614925,Universal Music Belgium,Data Analyst,Anywhere,Belgium,Job title: Data Analyst. Short title: Data Analyst. Company: Universal Music Belgium. Location: Anywhere. Country: Belgium. Schedule: Full-time. Remote status: remote. Skills: swift; sql; python; r; gcp. No degree mention: False. Health insurance mention: False,medium_fit,0.14629846875300156,medium_fit,not_selected_for_authorization_text,,,,
active_learning_low_margin,HF-609076,BB-BUSINESS BUREAU SOCIEDAD ANONIMA,Media Analyst,Argentina,Argentina,Job title: Media Analyst. Short title: Business Analyst. Company: BB-BUSINESS BUREAU SOCIEDAD ANONIMA. Location: Argentina. Country: Argentina. Schedule: Full-time. Remote status: not remote. Skills: spss; excel. No degree mention: True. Health insurance mention: False,medium_fit,0.1494452762796105,medium_fit,not_selected_for_authorization_text,,,,
active_learning_low_margin,HF-756543,ITDS,Analytics Translator @ ITDS,Riyadh Saudi Arabia,Saudi Arabia,Job title: Analytics Translator @ ITDS. Short title: Data Analyst. Company: ITDS. Location: Riyadh Saudi Arabia. Country: Saudi Arabia. Schedule: Full-time. Remote status: not remote. Skills: r; python; oracle. No degree mention: True. Health insurance mention: False,medium_fit,0.14976255646569753,medium_fit,not_selected_for_authorization_text,,,,
active_learning_low_margin,HF-603843,Tower Research Capital,Quantitative Research Analyst,"New York, NY",United States,"Job title: Quantitative Research Analyst. Short title: Data Scientist. Company: Tower Research Capital. Location: New York, NY. Country: United States. Schedule: Full-time. Remote status: not remote. Skills: python; c++; matlab; r. No degree mention: True. Health insurance mention: True",medium_fit,0.15035345886659324,medium_fit,not_selected_for_authorization_text,,,,
active_learning_low_margin,HF-250342,MiQ,Analyst II,"Bengaluru, Karnataka, India",India,"Job title: Analyst II. Short title: Business Analyst. Company: MiQ. Location: Bengaluru, Karnataka, India. Country: India. Schedule: Full-time. Remote status: not remote. Skills: sql; tableau; unity. No degree mention: False. Health insurance mention: False",medium_fit,0.15179690070832486,medium_fit,not_selected_for_authorization_text,,,,
active_learning_low_margin,HF-173288,Icybit,Software Engineer (.NET/C#) / Data Scientist,"Kaunas, Kaunas City Municipality, Lithuania",Lithuania,"Job title: Software Engineer (.NET/C#) / Data Scientist. Short title: Data Scientist. Company: Icybit. Location: Kaunas, Kaunas City Municipality, Lithuania. Country: Lithuania. Schedule: Full-time. Remote status: not remote. Skills: sql; javascript; oracle; react.js; angular.js; vue.js. No degree mention: True. Health insurance mention: False",medium_fit,0.1533688922761762,unclear,not_selected_for_authorization_text,,,,
active_learning_low_margin,HF-12528,University of New Mexico,Data Analyst - req# 23525,"Albuquerque, NM",Sudan,"Job title: Data Analyst - req# 23525. Short title: Data Analyst. Company: University of New Mexico. Location: Albuquerque, NM. Country: Sudan. Schedule: Full-time. Remote status: not remote. Skills: excel; word; power bi; smartsheet; trello; zoom; slack. No degree mention: True. Health insurance mention: True",medium_fit,0.15473926073360234,medium_fit,not_selected_for_authorization_text,,,,
active_learning_low_margin,HF-351764,Confidential,Data Analyst (Visualization Engineer) Job at,"Lagos, Nigeria",Nigeria,"Job title: Data Analyst (Visualization Engineer) Job at. Short title: Data Analyst. Company: Confidential. Location: Lagos, Nigeria. Country: Nigeria. Schedule: Full-time. Remote status: not remote. Skills: power bi; tableau. No degree mention: False. Health insurance mention: False",medium_fit,0.1584270014912711,medium_fit,not_selected_for_authorization_text,,,,
active_learning_low_margin,HF-776368,Reckitt,"Digital Marketing Data Scientist, Hygiene/Home","Warsaw, Poland",Poland,"Job title: Digital Marketing Data Scientist, Hygiene/Home. Short title: Data Scientist. Company: Reckitt. Location: Warsaw, Poland. Country: Poland. Schedule: Full-time. Remote status: not remote. Skills: databricks; jupyter. No degree mention: False. Health insurance mention: False",medium_fit,0.15860696426027693,unclear,not_selected_for_authorization_text,,,,
active_learning_low_margin,HF-17131,LNE,Data Scientist - Expert en données pour l'évaluation de...,"Trappes, France",France,"Job title: Data Scientist - Expert en données pour l'évaluation de.... Short title: Data Scientist. Company: LNE. Location: Trappes, France. Country: France. Schedule: Full-time. Remote status: not remote. Skills: python; c++. No degree mention: False. Health insurance mention: False",medium_fit,0.15903884991459533,unclear,not_selected_for_authorization_text,,,,
active_learning_low_margin,HF-699424,Motimatic,Data Scientist,"Oakland, CA",United States,"Job title: Data Scientist. Short title: Data Scientist. Company: Motimatic. Location: Oakland, CA. Country: United States. Schedule: Full-time. Remote status: not remote. Skills: python; sql. No degree mention: False. Health insurance mention: False",medium_fit,0.15985995505408945,medium_fit,not_selected_for_authorization_text,,,,
active_learning_low_margin,HF-423675,Motimatic,Data Scientist,"Oakland, CA",United States,"Job title: Data Scientist. Short title: Data Scientist. Company: Motimatic. Location: Oakland, CA. Country: United States. Schedule: Full-time. Remote status: not remote. Skills: python; sql. No degree mention: False. Health insurance mention: False",medium_fit,0.15985995505408945,medium_fit,not_selected_for_authorization_text,,,,
active_learning_low_margin,HF-748184,Insight Global,Data Scientist,"Douglasville, GA",United States,"Job title: Data Scientist. Short title: Data Scientist. Company: Insight Global. Location: Douglasville, GA. Country: United States. Schedule: Full-time. Remote status: not remote. Skills: mysql; pandas; numpy; tableau; flow. No degree mention: False. Health insurance mention: False",medium_fit,0.16165852141648895,medium_fit,not_selected_for_authorization_text,,,,
active_learning_low_margin,HF-133719,IBM,Data Scientist,"Madrid, Spain",Spain,"Job title: Data Scientist. Short title: Data Scientist. Company: IBM. Location: Madrid, Spain. Country: Spain. Schedule: Full-time. Remote status: not remote. Skills: python; aws; gcp; azure; mxnet; tensorflow; pytorch. No degree mention: False. Health insurance mention: False",medium_fit,0.16240030326758192,unclear,not_selected_for_authorization_text,,,,
active_learning_low_margin,HF-248773,GAF AG,Geospatial Data Scientist,Austria,Austria,Job title: Geospatial Data Scientist. Short title: Data Scientist. Company: GAF AG. Location: Austria. Country: Austria. Schedule: Full-time. Remote status: not remote. Skills: python; postgresql; airflow; wsl; linux; git; docker; jenkins. No degree mention: False. Health insurance mention: False,medium_fit,0.16248927159620996,unclear,not_selected_for_authorization_text,,,,
active_learning_low_margin,HF-99702,CareerAddict,Data scientist,"Philadelphia, PA",United States,"Job title: Data scientist. Short title: Data Scientist. Company: CareerAddict. Location: Philadelphia, PA. Country: United States. Schedule: Full-time and Temp work. Remote status: not remote. Skills: python; r; databricks; snowflake; azure. No degree mention: False. Health insurance mention: False",medium_fit,0.16284328572605677,medium_fit,not_selected_for_authorization_text,,,,
active_learning_low_margin,HF-626732,Get It Recruit - Finance,Data Analyst or Data Scientist,Anywhere,United States,Job title: Data Analyst or Data Scientist. Short title: Data Analyst. Company: Get It Recruit - Finance. Location: Anywhere. Country: United States. Schedule: Full-time. Remote status: remote. Skills: python; r; sql. Average yearly salary: 90000.0. No degree mention: False. Health insurance mention: True,medium_fit,0.16336474012962032,high_fit,not_selected_for_authorization_text,,,,
active_learning_low_margin,HF-35181,Finatal,Interim Power BI Data Analyst,United Kingdom,United Kingdom,Job title: Interim Power BI Data Analyst. Short title: Data Analyst. Company: Finatal. Location: United Kingdom. Country: United Kingdom. Schedule: Full-time. Remote status: not remote. Skills: power bi. No degree mention: True. Health insurance mention: False,medium_fit,0.16427727347517368,unclear,not_selected_for_authorization_text,,,,
active_learning_low_margin,HF-326871,Mediaan,Data Scientist,"Brussels, Belgium",Belgium,"Job title: Data Scientist. Short title: Data Scientist. Company: Mediaan. Location: Brussels, Belgium. Country: Belgium. Schedule: Full-time. Remote status: not remote. Skills: sql; azure. No degree mention: False. Health insurance mention: False",medium_fit,0.1660875542150726,unclear,not_selected_for_authorization_text,,,,
active_learning_low_margin,HF-369340,ITFS sp. z o.o.,Data Scientist,"Warsaw, Poland",Poland,"Job title: Data Scientist. Short title: Data Scientist. Company: ITFS sp. z o.o.. Location: Warsaw, Poland. Country: Poland. Schedule: Full-time. Remote status: not remote. Skills: python; aws. No degree mention: False. Health insurance mention: False",medium_fit,0.16669049167842953,unclear,not_selected_for_authorization_text,,,,
active_learning_low_margin,HF-595139,Cpl Healthcare,Software Tester/Data Analyst,"Dublin, Ireland",Ireland,"Job title: Software Tester/Data Analyst. Short title: Data Analyst. Company: Cpl Healthcare. Location: Dublin, Ireland. Country: Ireland. Schedule: Full-time. Remote status: not remote. Skills: sql; python; nosql; mongodb; mongodb; elasticsearch; selenium; airflow; bitbucket; github; jira. No degree mention: False. Health insurance mention: False",medium_fit,0.1668222362238856,medium_fit,not_selected_for_authorization_text,,,,
active_learning_low_margin,HF-241870,LHH,Junior Data Scientist,"Milan, Metropolitan City of Milan, Italy",Italy,"Job title: Junior Data Scientist. Short title: Data Scientist. Company: LHH. Location: Milan, Metropolitan City of Milan, Italy. Country: Italy. Schedule: Full-time. Remote status: not remote. Skills: python. No degree mention: False. Health insurance mention: False",medium_fit,0.16744471913977976,unclear,not_selected_for_authorization_text,,,,
active_learning_low_margin,HF-598319,Donaldson,Data Scientist,"Gurugram, Haryana, India",India,"Job title: Data Scientist. Short title: Data Scientist. Company: Donaldson. Location: Gurugram, Haryana, India. Country: India. Schedule: Full-time. Remote status: not remote. Skills: python; java; matlab; mysql; azure; aws; spark. No degree mention: False. Health insurance mention: False",medium_fit,0.16788547741522641,unclear,not_selected_for_authorization_text,,,,
active_learning_low_margin,HF-594507,CIGP - Compagnie d'Investissements et de Gestion Privée,Operations Analyst,Hong Kong,Hong Kong,Job title: Operations Analyst. Short title: Business Analyst. Company: CIGP - Compagnie d'Investissements et de Gestion Privée. Location: Hong Kong. Country: Hong Kong. Schedule: Full-time. Remote status: not remote. Skills: vba; go; excel; word; flow. No degree mention: False. Health insurance mention: False,medium_fit,0.1716730059176551,unclear,not_selected_for_authorization_text,,,,
active_learning_low_margin,HF-182617,LMI,Data Scientist,United States,Sudan,Job title: Data Scientist. Short title: Data Scientist. Company: LMI. Location: United States. Country: Sudan. Schedule: Full-time. Remote status: not remote. Skills: python; sql. No degree mention: False. Health insurance mention: False,medium_fit,0.17347273090080817,medium_fit,not_selected_for_authorization_text,,,,
active_learning_low_margin,HF-515316,Econolytics,581 - Data Scientist & ML,"Bengaluru, Karnataka, India",India,"Job title: 581 - Data Scientist & ML. Short title: Data Scientist. Company: Econolytics. Location: Bengaluru, Karnataka, India. Country: India. Schedule: Full-time. Remote status: not remote. Skills: sql; aws; gcp; pytorch; tensorflow; airflow; docker; kubernetes. No degree mention: False. Health insurance mention: False",medium_fit,0.17778936582975852,unclear,not_selected_for_authorization_text,,,,
active_learning_low_margin,HF-365268,EMPREGARA,Senior Engineering Data Scientist,"São Paulo, State of São Paulo, Brazil",Brazil,"Job title: Senior Engineering Data Scientist. Short title: Data Scientist. Company: EMPREGARA. Location: São Paulo, State of São Paulo, Brazil. Country: Brazil. Schedule: Full-time. Remote status: not remote. Skills: c#; java; sql; html; r; python; sql server; oracle; azure; gcp; windows; tableau; git. No degree mention: False. Health insurance mention: False",medium_fit,0.18016676700189896,low_fit,not_selected_for_authorization_text,,,,
active_learning_low_margin,HF-393640,"J2P Softnic Co., Ltd.",รับสมัครฝึกงาน IT/Developer/Data Analyst/Cyber Security/Graphic...,"Salaya, Phutthamonthon District, Nakhon Pathom, Thailand",Thailand,"Job title: รับสมัครฝึกงาน IT/Developer/Data Analyst/Cyber Security/Graphic.... Short title: Data Analyst. Company: J2P Softnic Co., Ltd.. Location: Salaya, Phutthamonthon District, Nakhon Pathom, Thailand. Country: Thailand. Schedule: Full-time. Remote status: not remote. Skills: php; java; python; sql; aws. No degree mention: False. Health insurance mention: False",medium_fit,0.18094302467499845,medium_fit,not_selected_for_authorization_text,,,,
active_learning_low_margin,HF-494311,Pfizer,Real World Evidence Analytic Scientist,"Burnsville, NC",United States,"Job title: Real World Evidence Analytic Scientist. Short title: Data Analyst. Company: Pfizer. Location: Burnsville, NC. Country: United States. Schedule: Full-time. Remote status: not remote. Skills: r; sql; sas; sas. No degree mention: False. Health insurance mention: True",medium_fit,0.18212481533606523,high_fit,not_selected_for_authorization_text,,,,
active_learning_low_margin,HF-207464,Aurora Energy Research,Graduate Analyst,"Austin, TX",United States,"Job title: Graduate Analyst. Short title: Data Scientist. Company: Aurora Energy Research. Location: Austin, TX. Country: United States. Schedule: Full-time. Remote status: not remote. Skills: c++; matlab; python; r; aurora; excel. No degree mention: False. Health insurance mention: False",medium_fit,0.18289024042782853,medium_fit,not_selected_for_authorization_text,,,,
active_learning_low_margin,HF-215323,Harnham,Data Scientist,,United States,Job title: Data Scientist. Short title: Data Scientist. Company: Harnham. Location: . Country: United States. Schedule: Full-time. Remote status: not remote. Skills: sql; python; r. Average yearly salary: 132500.0. No degree mention: False. Health insurance mention: True,medium_fit,0.19124459964368984,unclear,not_selected_for_authorization_text,,,,
active_learning_low_margin,HF-444572,Shift,Data Scientist,"London, UK",United Kingdom,"Job title: Data Scientist. Short title: Data Scientist. Company: Shift. Location: London, UK. Country: United Kingdom. Schedule: Full-time. Remote status: not remote. Skills: sql; aws. No degree mention: False. Health insurance mention: False",medium_fit,0.19861225370334346,unclear,not_selected_for_authorization_text,,,,
active_learning_low_margin,HF-187040,Harvey Nash,Cloud Database Engineer,"Galway, Ireland",Ireland,"Job title: Cloud Database Engineer. Short title: Data Scientist. Company: Harvey Nash. Location: Galway, Ireland. Country: Ireland. Schedule: Full-time. Remote status: not remote. Skills: sql; python; aws; azure. No degree mention: True. Health insurance mention: False",medium_fit,0.19997937659467108,medium_fit,not_selected_for_authorization_text,,,,
active_learning_low_margin,HF-653270,ICON plc,Clinical Data Scientist (Real-World Evidence or RWE) - Homebased,Anywhere,India,Job title: Clinical Data Scientist (Real-World Evidence or RWE) - Homebased. Short title: Data Scientist. Company: ICON plc. Location: Anywhere. Country: India. Schedule: Full-time. Remote status: remote. Skills: sql. No degree mention: False. Health insurance mention: False,medium_fit,0.20157278546621304,unclear,not_selected_for_authorization_text,,,,
active_learning_low_margin,HF-712021,Richemont,Regional Digital Analyst,Hong Kong,Hong Kong,Job title: Regional Digital Analyst. Short title: Data Analyst. Company: Richemont. Location: Hong Kong. Country: Hong Kong. Schedule: Full-time. Remote status: not remote. Skills: python; tableau. No degree mention: False. Health insurance mention: False,medium_fit,0.2023343073281414,medium_fit,not_selected_for_authorization_text,,,,
active_learning_low_margin,HF-341687,Visa,Internship - Data Science (For Current Students),"Johannesburg, South Africa",South Africa,"Job title: Internship - Data Science (For Current Students). Short title: Data Scientist. Company: Visa. Location: Johannesburg, South Africa. Country: South Africa. Schedule: Internship. Remote status: not remote. Skills: tableau. No degree mention: False. Health insurance mention: False",medium_fit,0.20359869849418438,unclear,not_selected_for_authorization_text,,,,
active_learning_low_margin,HF-593059,PriceLabs,Data Scientist,Germany,Germany,Job title: Data Scientist. Short title: Data Scientist. Company: PriceLabs. Location: Germany. Country: Germany. Schedule: Full-time. Remote status: not remote. Skills: sql. No degree mention: False. Health insurance mention: False,medium_fit,0.20726862788607836,unclear,not_selected_for_authorization_text,,,,
active_learning_low_margin,HF-527551,Sky Group,Data Architect,"Milan, Metropolitan City of Milan, Italy",Italy,"Job title: Data Architect. Short title: Data Analyst. Company: Sky Group. Location: Milan, Metropolitan City of Milan, Italy. Country: Italy. Schedule: Full-time. Remote status: not remote. Skills: nosql; sql; java; python; c++; aws; azure; gcp; hadoop; spark. No degree mention: False. Health insurance mention: False",medium_fit,0.2073795841595899,medium_fit,not_selected_for_authorization_text,,,,
active_learning_low_margin,HF-265010,Thales,Alternance - Data Analyst H/F,"Toulouse, France",France,"Job title: Alternance - Data Analyst H/F. Short title: Data Analyst. Company: Thales. Location: Toulouse, France. Country: France. Schedule: Full-time. Remote status: not remote. Skills: python; javascript; html; java; vue; qlik; kubernetes; docker. No degree mention: False. Health insurance mention: False",medium_fit,0.20770199974073578,unclear,not_selected_for_authorization_text,,,,
active_learning_low_margin,HF-586819,VirtualVocations,Data Analyst Researcher,"Boston, MA",United States,"Job title: Data Analyst Researcher. Short title: Data Scientist. Company: VirtualVocations. Location: Boston, MA. Country: United States. Schedule: Full-time. Remote status: not remote. Skills: sql; excel; ms access. No degree mention: False. Health insurance mention: False",medium_fit,0.2081554729392895,medium_fit,not_selected_for_authorization_text,,,,
active_learning_low_margin,HF-154563,Credit Agricole Assurances,ALTERNANCE - Data scientist audit H/F,"Paris, France",France,"Job title: ALTERNANCE - Data scientist audit H/F. Short title: Data Scientist. Company: Credit Agricole Assurances. Location: Paris, France. Country: France. Schedule: Full-time. Remote status: not remote. Skills: python; gitlab. No degree mention: False. Health insurance mention: False",medium_fit,0.20893501448081964,unclear,not_selected_for_authorization_text,,,,
active_learning_low_margin,HF-308882,Tesla,Finance Data Analyst,"Amsterdam, Netherlands",Netherlands,"Job title: Finance Data Analyst. Short title: Data Analyst. Company: Tesla. Location: Amsterdam, Netherlands. Country: Netherlands. Schedule: Full-time. Remote status: not remote. Skills: sql; sap; excel; dax. No degree mention: False. Health insurance mention: False",medium_fit,0.20991086755940527,medium_fit,not_selected_for_authorization_text,,,,
active_learning_low_margin,HF-759826,Septodont Specialites Septodont,Data Analyst - Global Marketing H/F,"Paris, France",France,"Job title: Data Analyst - Global Marketing H/F. Short title: Data Analyst. Company: Septodont Specialites Septodont. Location: Paris, France. Country: France. Schedule: Full-time. Remote status: not remote. Skills: power bi. No degree mention: False. Health insurance mention: False",medium_fit,0.21342647230074321,unclear,not_selected_for_authorization_text,,,,
active_learning_low_margin,HF-293641,Walgreens,Data Scientist,"Mundelein, IL",United States,"Job title: Data Scientist. Short title: Data Scientist. Company: Walgreens. Location: Mundelein, IL. Country: United States. Schedule: Full-time. Remote status: not remote. Skills: python; r; spark. No degree mention: False. Health insurance mention: False",medium_fit,0.21561650268403276,medium_fit,not_selected_for_authorization_text,,,,
active_learning_low_margin,HF-367736,VirtualVocations,RTO Governance Data Analyst,"Caguas, Puerto Rico",Puerto Rico,"Job title: RTO Governance Data Analyst. Short title: Data Analyst. Company: VirtualVocations. Location: Caguas, Puerto Rico. Country: Puerto Rico. Schedule: Full-time. Remote status: not remote. Skills: python; excel. No degree mention: False. Health insurance mention: False",medium_fit,0.21748130886637487,medium_fit,not_selected_for_authorization_text,,,,
active_learning_low_margin,HF-630108,Oliver Bernard,Data Scientist,United Kingdom,United Kingdom,Job title: Data Scientist. Short title: Data Scientist. Company: Oliver Bernard. Location: United Kingdom. Country: United Kingdom. Schedule: Full-time. Remote status: not remote. Skills: python; aws; gcp; azure. No degree mention: False. Health insurance mention: False,medium_fit,0.21891140439579493,unclear,not_selected_for_authorization_text,,,,
active_learning_low_margin,HF-711958,Give,Give - Data Scientist/Engineer - Web/Ecommerce Analytics,India,India,Job title: Give - Data Scientist/Engineer - Web/Ecommerce Analytics. Short title: Data Scientist. Company: Give. Location: India. Country: India. Schedule: Full-time. Remote status: not remote. Skills: python; mongodb; mongodb; postgresql. No degree mention: False. Health insurance mention: False,medium_fit,0.2218900716022476,unclear,not_selected_for_authorization_text,,,,
active_learning_low_margin,HF-581834,MOLOCO,Data Analyst Intern - Korea,South Korea (+2 others),South Korea,Job title: Data Analyst Intern - Korea. Short title: Data Analyst. Company: MOLOCO. Location: South Korea (+2 others). Country: South Korea. Schedule: Internship. Remote status: not remote. Skills: python; sql. No degree mention: False. Health insurance mention: False,medium_fit,0.2227458159309321,medium_fit,not_selected_for_authorization_text,,,,
active_learning_low_margin,HF-400690,Oscar Technology,Graduate Data Scientist - Manchester - Up to £30K,"Manchester, UK",United Kingdom,"Job title: Graduate Data Scientist - Manchester - Up to £30K. Short title: Data Scientist. Company: Oscar Technology. Location: Manchester, UK. Country: United Kingdom. Schedule: Full-time. Remote status: not remote. Skills: python. No degree mention: False. Health insurance mention: False",medium_fit,0.2266878506306389,unclear,not_selected_for_authorization_text,,,,
active_learning_low_margin,HF-632158,S-Kreditpartner GmbH,Referent Datenanalyst (m/w/d),"Frankfurt, Germany",Germany,"Job title: Referent Datenanalyst (m/w/d). Short title: Data Analyst. Company: S-Kreditpartner GmbH. Location: Frankfurt, Germany. Country: Germany. Schedule: Full-time. Remote status: not remote. Skills: kafka; power bi. No degree mention: True. Health insurance mention: False",medium_fit,0.2276436523850408,unclear,not_selected_for_authorization_text,,,,
active_learning_low_margin,HF-543059,PREDICTif Solutions,Data Scientist,Anywhere,United States,Job title: Data Scientist. Short title: Data Scientist. Company: PREDICTif Solutions. Location: Anywhere. Country: United States. Schedule: Full-time. Remote status: remote. Skills: python; r; dynamodb; aws; redshift; pyspark. No degree mention: False. Health insurance mention: True,medium_fit,0.22770766071604243,medium_fit,not_selected_for_authorization_text,,,,
active_learning_low_margin,HF-587385,diconium GmbH,Consultant Data Analytics (all genders),"Stuttgart, Germany",Germany,"Job title: Consultant Data Analytics (all genders). Short title: Data Analyst. Company: diconium GmbH. Location: Stuttgart, Germany. Country: Germany. Schedule: Full-time. Remote status: not remote. Skills: sql; python; firebase; firebase; aws; azure. No degree mention: True. Health insurance mention: False",medium_fit,0.22804017789986814,medium_fit,not_selected_for_authorization_text,,,,
active_learning_low_margin,HF-119876,ETP International Private Limited,Support Analyst,Mexico,Mexico,Job title: Support Analyst. Short title: Data Scientist. Company: ETP International Private Limited. Location: Mexico. Country: Mexico. Schedule: Full-time. Remote status: not remote. Skills: sql. No degree mention: True. Health insurance mention: False,medium_fit,0.2290134791159537,unclear,not_selected_for_authorization_text,,,,
active_learning_low_margin,HF-469043,SEGULA Technologies,Data Analyst Junior H/F,"Marignane, France",France,"Job title: Data Analyst Junior H/F. Short title: Data Analyst. Company: SEGULA Technologies. Location: Marignane, France. Country: France. Schedule: Full-time. Remote status: not remote. Skills: sql; vba; excel; sap. No degree mention: False. Health insurance mention: False",medium_fit,0.22921361427528958,medium_fit,not_selected_for_authorization_text,,,,
active_learning_low_margin,HF-550479,Saras Analytics,Saras Analytics - Customer Success Engineer - Technical...,"Hyderabad, Telangana, India",India,"Job title: Saras Analytics - Customer Success Engineer - Technical.... Short title: Data Analyst. Company: Saras Analytics. Location: Hyderabad, Telangana, India. Country: India. Schedule: Full-time. Remote status: not remote. Skills: sql; nosql; java; redshift; bigquery; snowflake; angular. No degree mention: False. Health insurance mention: False",medium_fit,0.22981245403920209,medium_fit,not_selected_for_authorization_text,,,,
active_learning_low_margin,HF-689093,Conduent,Business Analyst (Remote in Romania),Anywhere,Romania,Job title: Business Analyst (Remote in Romania). Short title: Business Analyst. Company: Conduent. Location: Anywhere. Country: Romania. Schedule: Full-time. Remote status: remote. Skills: excel; word; powerpoint; jira. No degree mention: False. Health insurance mention: False,medium_fit,0.2298595080291701,medium_fit,not_selected_for_authorization_text,,,,
active_learning_low_margin,HF-755353,The Judge Group,Data Scientist,Anywhere,United States,Job title: Data Scientist. Short title: Data Scientist. Company: The Judge Group. Location: Anywhere. Country: United States. Schedule: Contractor. Remote status: remote. Skills: python; r; aws; gcp; docker; git. No degree mention: False. Health insurance mention: False,medium_fit,0.2316601024222929,medium_fit,not_selected_for_authorization_text,,,,
active_learning_low_margin,HF-111627,Ac Amiens,DNUM SDIT BLD 75 / Data scientist Architecte Devops,"Paris, France",France,"Job title: DNUM SDIT BLD 75 / Data scientist Architecte Devops. Short title: Data Scientist. Company: Ac Amiens. Location: Paris, France. Country: France. Schedule: Contractor. Remote status: not remote. Skills: pytorch; scikit-learn; terraform; ansible; chef. No degree mention: False. Health insurance mention: False",medium_fit,0.2382215226727067,unclear,not_selected_for_authorization_text,,,,
active_learning_low_margin,HF-699832,Trimane,Data Science et performance sportive,France,France,Job title: Data Science et performance sportive. Short title: Data Scientist. Company: Trimane. Location: France. Country: France. Schedule: Internship. Remote status: not remote. Skills: python; vue; git; docker. No degree mention: False. Health insurance mention: False,medium_fit,0.2417093856750675,unclear,not_selected_for_authorization_text,,,,
active_learning_low_margin,HF-192874,Michael Page Technology,HR / People Data Analyst. Job in Lincoln My Valley Jobs Today,"Lincolnshire, UK",United Kingdom,"Job title: HR / People Data Analyst. Job in Lincoln My Valley Jobs Today. Short title: Data Analyst. Company: Michael Page Technology. Location: Lincolnshire, UK. Country: United Kingdom. Schedule: Full-time. Remote status: not remote. Skills: sheets; qlik; power bi; tableau. No degree mention: True. Health insurance mention: False",medium_fit,0.2420497417618332,medium_fit,not_selected_for_authorization_text,,,,
active_learning_low_margin,HF-584937,Skywaves Rise,Technical Business Analyst,Anywhere,India,Job title: Technical Business Analyst. Short title: Business Analyst. Company: Skywaves Rise. Location: Anywhere. Country: India. Schedule: Contractor. Remote status: remote. Skills: sql; python; sql server; azure; sap. No degree mention: False. Health insurance mention: False,medium_fit,0.24216726431427338,medium_fit,not_selected_for_authorization_text,,,,
active_learning_low_margin,HF-127109,Atrium Health,DIVE Data Science Programmer,"Winston-Salem, NC",United States,"Job title: DIVE Data Science Programmer. Short title: Data Scientist. Company: Atrium Health. Location: Winston-Salem, NC. Country: United States. Schedule: Full-time. Remote status: not remote. Skills: r; sql; sql server; oracle; aurora; tableau. No degree mention: False. Health insurance mention: False",medium_fit,0.24254790437337603,medium_fit,not_selected_for_authorization_text,,,,
active_learning_low_margin,HF-378697,Block,"Data Scientist, Data Governance Foundation","San Francisco, CA",United States,"Job title: Data Scientist, Data Governance Foundation. Short title: Data Scientist. Company: Block. Location: San Francisco, CA. Country: United States. Schedule: Full-time. Remote status: not remote. Skills: python; c; go. No degree mention: False. Health insurance mention: True",medium_fit,0.24381873118633413,unclear,not_selected_for_authorization_text,,,,
active_learning_low_margin,HF-691906,SaltPay,Data Analyst,"Reykjavík, Iceland",Iceland,"Job title: Data Analyst. Short title: Data Analyst. Company: SaltPay. Location: Reykjavík, Iceland. Country: Iceland. Schedule: Full-time. Remote status: not remote. Skills: aws; redshift; snowflake; flask; tableau. No degree mention: True. Health insurance mention: False",medium_fit,0.24426235693545295,medium_fit,not_selected_for_authorization_text,,,,
active_learning_low_margin,HF-735148,MSCI Inc.,Company Data Analyst,"Manila, Metro Manila, Philippines",Philippines,"Job title: Company Data Analyst. Short title: Data Analyst. Company: MSCI Inc.. Location: Manila, Metro Manila, Philippines. Country: Philippines. Schedule: . Remote status: not remote. Skills: sql; python; r; excel; tableau; power bi. No degree mention: False. Health insurance mention: False",medium_fit,0.24536000519537632,unclear,not_selected_for_authorization_text,,,,
active_learning_low_margin,HF-596032,The Cypress Group,Data Scientist,"New York, NY",United States,"Job title: Data Scientist. Short title: Data Scientist. Company: The Cypress Group. Location: New York, NY. Country: United States. Schedule: Full-time. Remote status: not remote. Skills: python; tensorflow; pandas; spark. No degree mention: False. Health insurance mention: False",medium_fit,0.2457561608875537,medium_fit,not_selected_for_authorization_text,,,,
active_learning_low_margin,HF-100566,AI Technologies LLC.,Data science engineer,"Atlanta, GA",United States,"Job title: Data science engineer. Short title: Data Scientist. Company: AI Technologies LLC.. Location: Atlanta, GA. Country: United States. Schedule: Full-time and Temp work. Remote status: not remote. Skills: sql; python; sql server; aws; gcp; azure; pandas; numpy. No degree mention: False. Health insurance mention: False",medium_fit,0.24654849677681,medium_fit,not_selected_for_authorization_text,,,,
active_learning_low_margin,HF-601558,Цифровые технологии и платформы,Сomputer vision engineer/Data Scientiest,"Moscow, Russia",Russia,"Job title: Сomputer vision engineer/Data Scientiest. Short title: Data Scientist. Company: Цифровые технологии и платформы. Location: Moscow, Russia. Country: Russia. Schedule: Full-time. Remote status: not remote. Skills: python; numpy; opencv; tensorflow; pytorch. No degree mention: False. Health insurance mention: False",medium_fit,0.24686227644672976,medium_fit,not_selected_for_authorization_text,,,,
active_learning_low_margin,HF-360094,88 SAS,DATA SPECIALIST BUSINESS ANALYST | FLUENT MANDARIN,"Utrecht, Netherlands",Netherlands,"Job title: DATA SPECIALIST BUSINESS ANALYST | FLUENT MANDARIN. Short title: Business Analyst. Company: 88 SAS. Location: Utrecht, Netherlands. Country: Netherlands. Schedule: Full-time. Remote status: not remote. Skills: visual basic; tableau; excel. No degree mention: False. Health insurance mention: False",medium_fit,0.24934167022101417,medium_fit,not_selected_for_authorization_text,,,,
active_learning_low_margin,HF-756813,Qbe Insurance,Regional - Data Analyst,"Kuala Lumpur, Federal Territory of Kuala Lumpur, Malaysia",Malaysia,"Job title: Regional - Data Analyst. Short title: Data Analyst. Company: Qbe Insurance. Location: Kuala Lumpur, Federal Territory of Kuala Lumpur, Malaysia. Country: Malaysia. Schedule: Full-time. Remote status: not remote. Skills: excel; tableau. No degree mention: True. Health insurance mention: False",medium_fit,0.24985701815155198,medium_fit,not_selected_for_authorization_text,,,,
active_learning_low_margin,HF-508738,Zurich Insurance Company Ltd.,Associate Data Scientist,"Schaumburg, IL",United States,"Job title: Associate Data Scientist. Short title: Data Scientist. Company: Zurich Insurance Company Ltd.. Location: Schaumburg, IL. Country: United States. Schedule: Full-time. Remote status: not remote. Skills: r; python; sql; go. No degree mention: False. Health insurance mention: True",medium_fit,0.25326909550794513,medium_fit,not_selected_for_authorization_text,,,,
active_learning_low_margin,HF-738844,Regal Beloit Corporation,Trade Compliance Analyst II,Brazil,Brazil,Job title: Trade Compliance Analyst II. Short title: Business Analyst. Company: Regal Beloit Corporation. Location: Brazil. Country: Brazil. Schedule: Full-time. Remote status: not remote. Skills: oracle; word; powerpoint; excel; sap. No degree mention: False. Health insurance mention: False,medium_fit,0.2542806372163242,medium_fit,not_selected_for_authorization_text,,,,
active_learning_low_margin,HF-94661,Citi,Officer (C09) - Reference Data Management Analyst 1 (Hybrid) ROHQ...,Philippines,Philippines,Job title: Officer (C09) - Reference Data Management Analyst 1 (Hybrid) ROHQ.... Short title: Data Analyst. Company: Citi. Location: Philippines. Country: Philippines. Schedule: Full-time. Remote status: not remote. Skills: excel; powerpoint; flow. No degree mention: False. Health insurance mention: False,medium_fit,0.2548323641628488,medium_fit,not_selected_for_authorization_text,,,,
active_learning_low_margin,HF-177852,CohnReznick,Data Scientist,"Vienna, VA",United States,"Job title: Data Scientist. Short title: Data Scientist. Company: CohnReznick. Location: Vienna, VA. Country: United States. Schedule: Full-time. Remote status: not remote. Skills: r; python; azure; gcp; aws; spring; spark; hadoop. No degree mention: False. Health insurance mention: True",medium_fit,0.25492426503282434,medium_fit,not_selected_for_authorization_text,,,,
active_learning_low_margin,HF-89125,SKIILS SAS,Data analyste informatique Supply (IT) / Freelance,"Paris, France",France,"Job title: Data analyste informatique Supply (IT) / Freelance. Short title: Data Analyst. Company: SKIILS SAS. Location: Paris, France. Country: France. Schedule: Full-time. Remote status: not remote. Skills: r; python; gcp. No degree mention: True. Health insurance mention: False",medium_fit,0.2571291676642483,medium_fit,not_selected_for_authorization_text,,,,
active_learning_low_margin,HF-273336,Taltere SA de CV,Progress Data Base,"Monterrey, Nuevo Leon, Mexico",Mexico,"Job title: Progress Data Base. Short title: Data Scientist. Company: Taltere SA de CV. Location: Monterrey, Nuevo Leon, Mexico. Country: Mexico. Schedule: Full-time. Remote status: not remote. Skills: sql; c#; javascript; sql server; linux. No degree mention: True. Health insurance mention: False",medium_fit,0.2580069531532557,unclear,not_selected_for_authorization_text,,,,
active_learning_low_margin,HF-249134,Rent-A-Center,Business Intelligence Data Developer,"Plano, TX",United States,"Job title: Business Intelligence Data Developer. Short title: Data Scientist. Company: Rent-A-Center. Location: Plano, TX. Country: United States. Schedule: Full-time. Remote status: not remote. Skills: sql; sas; sas; ruby; ruby; python; snowflake; databricks; excel. No degree mention: False. Health insurance mention: False",medium_fit,0.2650077708330094,medium_fit,not_selected_for_authorization_text,,,,
active_learning_low_margin,HF-170556,thyssenkrupp,ESG Data Analyst & Reporting Expert (all genders welcome),"Dortmund, Germany",Germany,"Job title: ESG Data Analyst & Reporting Expert (all genders welcome). Short title: Data Analyst. Company: thyssenkrupp. Location: Dortmund, Germany. Country: Germany. Schedule: Full-time. Remote status: not remote. Skills: word; powerpoint; excel. No degree mention: True. Health insurance mention: False",medium_fit,0.2655496735598968,medium_fit,not_selected_for_authorization_text,,,,
active_learning_low_margin,HF-310308,Open Sistemas,"Data Scientist- Opción a teletrabajo, Madrid","Madrid, Spain",Spain,"Job title: Data Scientist- Opción a teletrabajo, Madrid. Short title: Data Scientist. Company: Open Sistemas. Location: Madrid, Spain. Country: Spain. Schedule: Full-time. Remote status: not remote. Skills: python. No degree mention: False. Health insurance mention: False",medium_fit,0.26728465570338134,unclear,not_selected_for_authorization_text,,,,
active_learning_low_margin,HF-503707,MaxBet,Data Scientist,"Belgrade, Serbia",Serbia,"Job title: Data Scientist. Short title: Data Scientist. Company: MaxBet. Location: Belgrade, Serbia. Country: Serbia. Schedule: Full-time. Remote status: not remote. Skills: python; aws. No degree mention: False. Health insurance mention: False",medium_fit,0.2676446183077559,unclear,not_selected_for_authorization_text,,,,
active_learning_low_margin,HF-367456,Jobleads,Data Analyst,"Rotterdam, Netherlands",Netherlands,"Job title: Data Analyst. Short title: Data Analyst. Company: Jobleads. Location: Rotterdam, Netherlands. Country: Netherlands. Schedule: Full-time. Remote status: not remote. Skills: sql; snowflake; azure; sap; flow. No degree mention: False. Health insurance mention: False",medium_fit,0.2702722140280717,medium_fit,not_selected_for_authorization_text,,,,
active_learning_low_margin,HF-122873,Makro,Marketing Data Analyst,Thailand,Thailand,Job title: Marketing Data Analyst. Short title: Data Analyst. Company: Makro. Location: Thailand. Country: Thailand. Schedule: Full-time. Remote status: not remote. Skills: tableau; power bi. No degree mention: False. Health insurance mention: False,medium_fit,0.2710708683352966,medium_fit,not_selected_for_authorization_text,,,,
active_learning_low_margin,HF-261659,Persolkelly,Data Analyst,Malaysia,Malaysia,Job title: Data Analyst. Short title: Data Analyst. Company: Persolkelly. Location: Malaysia. Country: Malaysia. Schedule: Full-time. Remote status: not remote. Skills: excel; sap; power bi. No degree mention: False. Health insurance mention: False,medium_fit,0.27448077558955286,medium_fit,not_selected_for_authorization_text,,,,
active_learning_low_margin,HF-485283,TECDATA ENGINEERING,Big Data Analyst,Anywhere,Spain,Job title: Big Data Analyst. Short title: Data Analyst. Company: TECDATA ENGINEERING. Location: Anywhere. Country: Spain. Schedule: Full-time. Remote status: remote. Skills: sql; aws; spark. No degree mention: True. Health insurance mention: False,medium_fit,0.27449507501572656,unclear,not_selected_for_authorization_text,,,,
active_learning_low_margin,HF-612217,APM Terminals,Business Analyst,"Rotterdam, Netherlands",Netherlands,"Job title: Business Analyst. Short title: Business Analyst. Company: APM Terminals. Location: Rotterdam, Netherlands. Country: Netherlands. Schedule: Full-time. Remote status: not remote. Skills: sql; python; terminal; atlassian; jira. No degree mention: False. Health insurance mention: False",medium_fit,0.2758429598185836,medium_fit,not_selected_for_authorization_text,,,,
active_learning_low_margin,HF-509148,Lightcast Discovery,Data Scientist,"Cambridge, UK",United Kingdom,"Job title: Data Scientist. Short title: Data Scientist. Company: Lightcast Discovery. Location: Cambridge, UK. Country: United Kingdom. Schedule: Full-time. Remote status: not remote. Skills: c#; python. No degree mention: False. Health insurance mention: False",medium_fit,0.2775110877793987,unclear,not_selected_for_authorization_text,,,,
active_learning_low_margin,HF-732616,Omega CRM,Data & Analytics Consultant,"Bilbao, Spain",Spain,"Job title: Data & Analytics Consultant. Short title: Data Analyst. Company: Omega CRM. Location: Bilbao, Spain. Country: Spain. Schedule: Full-time. Remote status: not remote. Skills: go; tableau; power bi; flow. No degree mention: True. Health insurance mention: False",medium_fit,0.2805459405726098,medium_fit,not_selected_for_authorization_text,,,,
active_learning_low_margin,HF-699590,Kyyba Inc,Data Scientist I. Job in Cary NBC4i Jobs,"Cary, NC",United States,"Job title: Data Scientist I. Job in Cary NBC4i Jobs. Short title: Data Scientist. Company: Kyyba Inc. Location: Cary, NC. Country: United States. Schedule: Full-time. Remote status: not remote. Skills: sas; sas; spss. No degree mention: False. Health insurance mention: True",medium_fit,0.28312972809505205,medium_fit,not_selected_for_authorization_text,,,,
active_learning_low_margin,HF-183710,Fundación Ayuda en Acción,Data Analyst - Adjumani,Uganda,Uganda,Job title: Data Analyst - Adjumani. Short title: Data Analyst. Company: Fundación Ayuda en Acción. Location: Uganda. Country: Uganda. Schedule: Full-time. Remote status: not remote. Skills: excel; ms access; tableau. No degree mention: False. Health insurance mention: False,medium_fit,0.2832342410991419,medium_fit,not_selected_for_authorization_text,,,,
active_learning_low_margin,HF-506448,Københavns Lufthavne A/S,Data Analyst Studentermedhjælper til Operational Performance,Anywhere,Denmark,Job title: Data Analyst Studentermedhjælper til Operational Performance. Short title: Data Analyst. Company: Københavns Lufthavne A/S. Location: Anywhere. Country: Denmark. Schedule: Full-time. Remote status: remote. Skills: power bi. No degree mention: True. Health insurance mention: False,medium_fit,0.28432111214977673,unclear,not_selected_for_authorization_text,,,,
active_learning_low_margin,HF-171143,GoldmanTech (Stand-Out Staffing),Data Analyst,"Cape Town, South Africa",South Africa,"Job title: Data Analyst. Short title: Data Analyst. Company: GoldmanTech (Stand-Out Staffing). Location: Cape Town, South Africa. Country: South Africa. Schedule: Full-time. Remote status: not remote. Skills: sql; r. No degree mention: False. Health insurance mention: False",medium_fit,0.28545253973007284,medium_fit,not_selected_for_authorization_text,,,,
active_learning_low_margin,HF-158252,Netquest,Math/stats/itm. (QA Department),"Barcelona, Spain",Spain,"Job title: Math/stats/itm. (QA Department). Short title: Data Analyst. Company: Netquest. Location: Barcelona, Spain. Country: Spain. Schedule: Full-time. Remote status: not remote. Skills: go; excel; spss. No degree mention: False. Health insurance mention: False",medium_fit,0.2970511535946848,medium_fit,not_selected_for_authorization_text,,,,
active_learning_low_margin,HF-213419,Human Technopole,Data Scientist,"Milan, Metropolitan City of Milan, Italy",Italy,"Job title: Data Scientist. Short title: Data Scientist. Company: Human Technopole. Location: Milan, Metropolitan City of Milan, Italy. Country: Italy. Schedule: Full-time. Remote status: not remote. Skills: r; github. No degree mention: False. Health insurance mention: False",medium_fit,0.298982332695928,unclear,not_selected_for_authorization_text,,,,
active_learning_low_margin,HF-524192,Kering,KERING Finance Data Analyst,"Petaling Jaya, Selangor, Malaysia",Malaysia,"Job title: KERING Finance Data Analyst. Short title: Data Analyst. Company: Kering. Location: Petaling Jaya, Selangor, Malaysia. Country: Malaysia. Schedule: Full-time. Remote status: not remote. Skills: sql; express; dax; confluence. No degree mention: False. Health insurance mention: False",medium_fit,0.3013435004484535,unclear,not_selected_for_authorization_text,,,,
active_learning_low_margin,HF-709810,UnitedHealth Group,Data Scientist II,"Dallas, TX",United States,"Job title: Data Scientist II. Short title: Data Scientist. Company: UnitedHealth Group. Location: Dallas, TX. Country: United States. Schedule: Full-time. Remote status: not remote. Skills: sql; sas; sas. No degree mention: False. Health insurance mention: True",medium_fit,0.3026085431852211,medium_fit,not_selected_for_authorization_text,,,,
active_learning_low_margin,HF-781423,Indizen,Data Scientist,"Madrid, Spain",Spain,"Job title: Data Scientist. Short title: Data Scientist. Company: Indizen. Location: Madrid, Spain. Country: Spain. Schedule: Full-time. Remote status: not remote. Skills: python. No degree mention: False. Health insurance mention: False",medium_fit,0.3032849397021068,unclear,not_selected_for_authorization_text,,,,
active_learning_low_margin,HF-523195,Western Digital,"Scientist 1, Data Science","Petaling Jaya, Selangor, Malaysia",Malaysia,"Job title: Scientist 1, Data Science. Short title: Data Scientist. Company: Western Digital. Location: Petaling Jaya, Selangor, Malaysia. Country: Malaysia. Schedule: . Remote status: not remote. Skills: python; powershell; c#; vb.net; typescript; html; css; javascript; sas; sas; r; sql; azure; redshift; spark; pyspark; kafka; hadoop; angular; jquery; tableau; ssis; flow; docker; bitbucket; kubernetes. No degree mention: False. Health insurance mention: False",medium_fit,0.3046594595817613,unclear,not_selected_for_authorization_text,,,,
active_learning_low_margin,HF-189484,Contemporary Staffing Solutions,REMOTE - Digital Analytics Specialist,"Dallas, TX",United States,"Job title: REMOTE - Digital Analytics Specialist. Short title: Data Scientist. Company: Contemporary Staffing Solutions. Location: Dallas, TX. Country: United States. Schedule: Contractor. Remote status: not remote. Skills: css; sql; html; javascript; looker; tableau; excel. No degree mention: True. Health insurance mention: False",medium_fit,0.3053556136951514,medium_fit,not_selected_for_authorization_text,,,,
active_learning_low_margin,HF-686946,UBS,Data Analyst,"Zürich, Switzerland",Switzerland,"Job title: Data Analyst. Short title: Data Analyst. Company: UBS. Location: Zürich, Switzerland. Country: Switzerland. Schedule: Full-time. Remote status: not remote. Skills: python; db2; tableau; microstrategy. No degree mention: True. Health insurance mention: False",medium_fit,0.30623734331677377,medium_fit,not_selected_for_authorization_text,,,,
active_learning_low_margin,HF-543335,UBS,Data Analyst,"Zürich, Switzerland",Switzerland,"Job title: Data Analyst. Short title: Data Analyst. Company: UBS. Location: Zürich, Switzerland. Country: Switzerland. Schedule: Full-time. Remote status: not remote. Skills: python; db2; tableau; microstrategy. No degree mention: True. Health insurance mention: False",medium_fit,0.30623734331677377,medium_fit,not_selected_for_authorization_text,,,,
active_learning_low_margin,HF-333264,Banque de France,data scientist,"Bordeaux, France",France,"Job title: data scientist. Short title: Data Scientist. Company: Banque de France. Location: Bordeaux, France. Country: France. Schedule: Full-time. Remote status: not remote. Skills: python; bash; spark; chef. No degree mention: False. Health insurance mention: False",medium_fit,0.30774133676474225,unclear,not_selected_for_authorization_text,,,,
active_learning_low_margin,HF-159000,Telesure Investment Holdings,Business Intelligence Analyst,South Africa,South Africa,Job title: Business Intelligence Analyst. Short title: Business Analyst. Company: Telesure Investment Holdings. Location: South Africa. Country: South Africa. Schedule: Full-time. Remote status: not remote. Skills: sql; express; excel. No degree mention: False. Health insurance mention: False,medium_fit,0.30891457149893037,medium_fit,not_selected_for_authorization_text,,,,
active_learning_low_margin,HF-25723,Zalora,Business Analyst,"Kuala Lumpur, Federal Territory of Kuala Lumpur, Malaysia",Malaysia,"Job title: Business Analyst. Short title: Business Analyst. Company: Zalora. Location: Kuala Lumpur, Federal Territory of Kuala Lumpur, Malaysia. Country: Malaysia. Schedule: Full-time. Remote status: not remote. Skills: excel; tableau. No degree mention: False. Health insurance mention: False",medium_fit,0.31037298341531916,medium_fit,not_selected_for_authorization_text,,,,
active_learning_low_margin,HF-446251,Gresham Hunt,Director of Data Analytics Audit | Leading US Banking Group,United Kingdom,United Kingdom,Job title: Director of Data Analytics Audit | Leading US Banking Group. Short title: Data Analyst. Company: Gresham Hunt. Location: United Kingdom. Country: United Kingdom. Schedule: Full-time. Remote status: not remote. Skills: sql; python. No degree mention: True. Health insurance mention: False,medium_fit,0.3107320693881106,low_fit,not_selected_for_authorization_text,,,,
active_learning_low_margin,HF-360266,ESRI CHINA (HONG KONG) LIMITED,Assistant Research Engineer,Hong Kong,Hong Kong,Job title: Assistant Research Engineer. Short title: Data Analyst. Company: ESRI CHINA (HONG KONG) LIMITED. Location: Hong Kong. Country: Hong Kong. Schedule: Contractor. Remote status: not remote. Skills: vb.net; c#; java; javascript; excel. No degree mention: False. Health insurance mention: False,medium_fit,0.3108917375914524,unclear,not_selected_for_authorization_text,,,,
active_learning_low_margin,HF-382863,University of California - Davis,Assistant Specialist - Spatial Data Scientist (Young Lab) - Now Hiring,"Davis, CA",United States,"Job title: Assistant Specialist - Spatial Data Scientist (Young Lab) - Now Hiring. Short title: Data Scientist. Company: University of California - Davis. Location: Davis, CA. Country: United States. Schedule: Full-time. Remote status: not remote. Skills: r; c; python; go; linux; git. No degree mention: False. Health insurance mention: False",medium_fit,0.3148932380912504,medium_fit,not_selected_for_authorization_text,,,,
active_learning_low_margin,HF-403549,Capital Empresarial Horizonte,Data Analyst,"Mexico City, CDMX, Mexico",Mexico,"Job title: Data Analyst. Short title: Data Analyst. Company: Capital Empresarial Horizonte. Location: Mexico City, CDMX, Mexico. Country: Mexico. Schedule: Full-time. Remote status: not remote. Skills: sql; scala; python; powershell; oracle; azure; hadoop; spark; ssis. No degree mention: True. Health insurance mention: False",medium_fit,0.31690697572293897,medium_fit,not_selected_for_authorization_text,,,,
active_learning_low_margin,HF-244042,Axim Geospatial,Analytic/Data Modeler,United States,Sudan,Job title: Analytic/Data Modeler. Short title: Data Analyst. Company: Axim Geospatial. Location: United States. Country: Sudan. Schedule: Full-time. Remote status: not remote. Skills: r; matlab; python; javascript; sql; java; html; c++; oracle; tableau. No degree mention: False. Health insurance mention: False,medium_fit,0.31748156178561343,medium_fit,not_selected_for_authorization_text,,,,
active_learning_low_margin,HF-33523,ARI Foods,Data Analyst,Greece,Greece,Job title: Data Analyst. Short title: Data Analyst. Company: ARI Foods. Location: Greece. Country: Greece. Schedule: Full-time. Remote status: not remote. Skills: sql; sap; excel; alteryx. No degree mention: True. Health insurance mention: False,medium_fit,0.3185971091417087,medium_fit,not_selected_for_authorization_text,,,,
active_learning_low_margin,HF-696858,Nordea Bank,Data/IT Analyst working with Integrated Risk Mgt App,"Gdańsk, Poland",Poland,"Job title: Data/IT Analyst working with Integrated Risk Mgt App. Short title: Data Analyst. Company: Nordea Bank. Location: Gdańsk, Poland. Country: Poland. Schedule: Full-time. Remote status: not remote. Skills: go; sql; gdpr; jira; confluence. No degree mention: True. Health insurance mention: False",medium_fit,0.3217182361132246,unclear,not_selected_for_authorization_text,,,,
active_learning_low_margin,HF-454284,Collins Mcnicholas Recruitment & Hr Services Group,Data Analyst Supply Chain,Australia,Australia,Job title: Data Analyst Supply Chain. Short title: Data Analyst. Company: Collins Mcnicholas Recruitment & Hr Services Group. Location: Australia. Country: Australia. Schedule: Full-time. Remote status: not remote. Skills: windows; excel; sap; power bi; word; flow; microsoft teams. No degree mention: True. Health insurance mention: False,medium_fit,0.3218470195667583,medium_fit,not_selected_for_authorization_text,,,,
active_learning_low_margin,HF-737156,Maastricht University,Post doctoral researcher in Biomedial Discovery Science,"Maastricht, Netherlands",Netherlands,"Job title: Post doctoral researcher in Biomedial Discovery Science. Short title: Data Scientist. Company: Maastricht University. Location: Maastricht, Netherlands. Country: Netherlands. Schedule: Full-time. Remote status: not remote. Skills: python; java; kubernetes. No degree mention: False. Health insurance mention: False",medium_fit,0.3238704359328493,unclear,not_selected_for_authorization_text,,,,
active_learning_low_margin,HF-564700,Property Developer UAE,Mis and Data Analyst,Dubai - United Arab Emirates,United Arab Emirates,Job title: Mis and Data Analyst. Short title: Data Analyst. Company: Property Developer UAE. Location: Dubai - United Arab Emirates. Country: United Arab Emirates. Schedule: Full-time. Remote status: not remote. Skills: power bi; dax; excel. No degree mention: True. Health insurance mention: False,medium_fit,0.32482994673700993,medium_fit,not_selected_for_authorization_text,,,,
active_learning_low_margin,HF-727189,Itemize Corp.,Machine Learning Data Scientist,"Delaware, OH",United States,"Job title: Machine Learning Data Scientist. Short title: Data Scientist. Company: Itemize Corp.. Location: Delaware, OH. Country: United States. Schedule: Full-time. Remote status: not remote. Skills: python; pytorch; nltk; scikit-learn; numpy; opencv. No degree mention: False. Health insurance mention: True",medium_fit,0.32667307463087064,medium_fit,not_selected_for_authorization_text,,,,
active_learning_low_margin,HF-465804,Ericsson,Data Scientist Intern,"Málaga, Spain",Spain,"Job title: Data Scientist Intern. Short title: Data Scientist. Company: Ericsson. Location: Málaga, Spain. Country: Spain. Schedule: Internship. Remote status: not remote. Skills: go; python; tensorflow; pytorch; scikit-learn. No degree mention: False. Health insurance mention: False",medium_fit,0.32851981389736573,medium_fit,not_selected_for_authorization_text,,,,
active_learning_low_margin,HF-111747,Lorven Technologies,Data data,"Los Angeles, CA",United States,"Job title: Data data. Short title: Data Scientist. Company: Lorven Technologies. Location: Los Angeles, CA. Country: United States. Schedule: Full-time and Contractor. Remote status: not remote. Skills: sql; python; spreadsheet; excel; sheets; git; bitbucket. No degree mention: False. Health insurance mention: False",medium_fit,0.32854956511600053,medium_fit,not_selected_for_authorization_text,,,,
active_learning_low_margin,HF-767303,TMC,Data Scientist - Experimenté - Life Sciences,"Strasbourg, France",France,"Job title: Data Scientist - Experimenté - Life Sciences. Short title: Data Scientist. Company: TMC. Location: Strasbourg, France. Country: France. Schedule: Full-time. Remote status: not remote. Skills: python; java. No degree mention: False. Health insurance mention: False",medium_fit,0.32865740379572983,unclear,not_selected_for_authorization_text,,,,
active_learning_low_margin,HF-586617,Pactera,Business Analyst(Data Team),Hong Kong,Hong Kong,Job title: Business Analyst(Data Team). Short title: Business Analyst. Company: Pactera. Location: Hong Kong. Country: Hong Kong. Schedule: Full-time. Remote status: not remote. Skills: sql; python. No degree mention: False. Health insurance mention: False,medium_fit,0.32966347854973693,medium_fit,not_selected_for_authorization_text,,,,
active_learning_low_margin,HF-721415,Barton Malow,"BMH - Data Scientist - Southfield, MI","Southfield, MI",United States,"Job title: BMH - Data Scientist - Southfield, MI. Short title: Data Scientist. Company: Barton Malow. Location: Southfield, MI. Country: United States. Schedule: Full-time. Remote status: not remote. Skills: databricks; aws; azure; power bi; datarobot; slack. No degree mention: False. Health insurance mention: False",medium_fit,0.3318432617057933,medium_fit,not_selected_for_authorization_text,,,,
active_learning_low_margin,HF-691552,Infrabel,Business Data Scientist,"Brussels, Belgium",Belgium,"Job title: Business Data Scientist. Short title: Data Scientist. Company: Infrabel. Location: Brussels, Belgium. Country: Belgium. Schedule: Full-time. Remote status: not remote. Skills: sas; sas. No degree mention: False. Health insurance mention: False",medium_fit,0.33208935242445237,unclear,not_selected_for_authorization_text,,,,
active_learning_low_margin,HF-666636,University of Colorado Anschutz Medical Campus,Learning Health System/Data Science and Artificial Intelligence...,"Aurora, CO",Sudan,"Job title: Learning Health System/Data Science and Artificial Intelligence.... Short title: Data Scientist. Company: University of Colorado Anschutz Medical Campus. Location: Aurora, CO. Country: Sudan. Schedule: Full-time. Remote status: not remote. Skills: sql; gcp; aurora. No degree mention: False. Health insurance mention: True",medium_fit,0.3325317017457766,unclear,not_selected_for_authorization_text,,,,
active_learning_low_margin,HF-26452,Robert Walters,Data Analyst,"Makati, Metro Manila, Philippines",Philippines,"Job title: Data Analyst. Short title: Data Analyst. Company: Robert Walters. Location: Makati, Metro Manila, Philippines. Country: Philippines. Schedule: Full-time. Remote status: not remote. Skills: sql; windows; excel; word; outlook; ms access. No degree mention: False. Health insurance mention: False",medium_fit,0.3325619778172816,medium_fit,not_selected_for_authorization_text,,,,
active_learning_low_margin,HF-740118,The Vanguard Group,"Data Scientist, Specialist - Now Hiring","Malvern, PA",United States,"Job title: Data Scientist, Specialist - Now Hiring. Short title: Data Scientist. Company: The Vanguard Group. Location: Malvern, PA. Country: United States. Schedule: Full-time and Part-time. Remote status: not remote. Skills: python; go; pyspark; hugging face; excel. No degree mention: False. Health insurance mention: False",medium_fit,0.33578064929711854,medium_fit,not_selected_for_authorization_text,,,,
active_learning_low_margin,HF-610377,Statkraft,O&M Monitoring Engineer,"Oslo, Norway",Norway,"Job title: O&M Monitoring Engineer. Short title: Data Analyst. Company: Statkraft. Location: Oslo, Norway. Country: Norway. Schedule: Full-time. Remote status: not remote. Skills: excel; word; powerpoint; unity. No degree mention: False. Health insurance mention: False",low_fit,0.0005828527109700277,medium_fit,not_selected_for_authorization_text,,,,
active_learning_low_margin,HF-527646,Envision Healthcare,SR BUSINESS ANALYST - DATA GOVERNANCE,"Fort Lauderdale, FL",United States,"Job title: SR BUSINESS ANALYST - DATA GOVERNANCE. Short title: Business Analyst. Company: Envision Healthcare. Location: Fort Lauderdale, FL. Country: United States. Schedule: Full-time. Remote status: not remote. Skills: jira; confluence. No degree mention: False. Health insurance mention: True",low_fit,0.006940526955536486,low_fit,not_selected_for_authorization_text,,,,
active_learning_low_margin,HF-217564,Jobleads-AE/BR/HK/MX/ZA,"Manager, Data Scientist",Hong Kong,Hong Kong,"Job title: Manager, Data Scientist. Short title: Data Scientist. Company: Jobleads-AE/BR/HK/MX/ZA. Location: Hong Kong. Country: Hong Kong. Schedule: Full-time. Remote status: not remote. Skills: sas; sas; r; python; sql; azure; aws; spark; spss. No degree mention: False. Health insurance mention: False",low_fit,0.011094081156534097,low_fit,not_selected_for_authorization_text,,,,
active_learning_low_margin,HF-341812,NTT DATA Services,Project Program Management Analyst,"Heredia Province, Heredia, Costa Rica",Costa Rica,"Job title: Project Program Management Analyst. Short title: Software Engineer. Company: NTT DATA Services. Location: Heredia Province, Heredia, Costa Rica. Country: Costa Rica. Schedule: Full-time. Remote status: not remote. Skills: go. No degree mention: False. Health insurance mention: False",low_fit,0.020816370666650846,low_fit,not_selected_for_authorization_text,,,,
active_learning_low_margin,HF-704774,Deutsche Bahn,Junior Data Engineer / Business Analyst (w/m/d),"Frankfurt, Germany",Germany,"Job title: Junior Data Engineer / Business Analyst (w/m/d). Short title: Business Analyst. Company: Deutsche Bahn. Location: Frankfurt, Germany. Country: Germany. Schedule: Full-time. Remote status: not remote. Skills: python; excel. No degree mention: True. Health insurance mention: False",low_fit,0.021645627967789127,medium_fit,not_selected_for_authorization_text,,,,
active_learning_low_margin,HF-708695,Airwallex,Staff/Senior Risk Data Scientist,Singapore,Singapore,Job title: Staff/Senior Risk Data Scientist. Short title: Data Scientist. Company: Airwallex. Location: Singapore. Country: Singapore. Schedule: Full-time. Remote status: not remote. Skills: python; r; sql. No degree mention: False. Health insurance mention: False,low_fit,0.0258977175278578,low_fit,not_selected_for_authorization_text,,,,
active_learning_low_margin,HF-153582,Splunk,Customer Trust Analyst - 27534,"Kraków, Poland",Poland,"Job title: Customer Trust Analyst - 27534. Short title: Senior Data Analyst. Company: Splunk. Location: Kraków, Poland. Country: Poland. Schedule: Full-time. Remote status: not remote. Skills: splunk. No degree mention: False. Health insurance mention: False",low_fit,0.028374543236532185,low_fit,not_selected_for_authorization_text,,,,
active_learning_low_margin,HF-765654,Principal Financial Group,Business Intelligence Analyst III,"Austin, TX",United States,"Job title: Business Intelligence Analyst III. Short title: Business Analyst. Company: Principal Financial Group. Location: Austin, TX. Country: United States. Schedule: Full-time. Remote status: not remote. Skills: oracle; looker; qlik; tableau; sap; ssrs. No degree mention: False. Health insurance mention: False",low_fit,0.035951723117609746,high_fit,not_selected_for_authorization_text,,,,
active_learning_low_margin,HF-437892,ST Strategy & Technology,Bell Labs Applied Analytics Co-op,"New Providence, NJ",United States,"Job title: Bell Labs Applied Analytics Co-op. Short title: Data Scientist. Company: ST Strategy & Technology. Location: New Providence, NJ. Country: United States. Schedule: Full-time and Internship. Remote status: not remote. Skills: python; shell; spring; excel; git. No degree mention: False. Health insurance mention: False",low_fit,0.04540499529199182,medium_fit,not_selected_for_authorization_text,,,,
active_learning_low_margin,HF-171353,Salt Search,Senior Data Scientist Job in Dubai,Dubai - United Arab Emirates,United Arab Emirates,Job title: Senior Data Scientist Job in Dubai. Short title: Data Scientist. Company: Salt Search. Location: Dubai - United Arab Emirates. Country: United Arab Emirates. Schedule: Full-time. Remote status: not remote. Skills: python; r; sql; c++; java; sas; sas; scala; nosql; mysql; plotly; hadoop; spark; tableau; power bi; spss. No degree mention: False. Health insurance mention: False,low_fit,0.04879422996945279,low_fit,not_selected_for_authorization_text,,,,
active_learning_low_margin,HF-45064,ADP,Lead Data Scientist,"Porto Alegre, RS, Brazil",Brazil,"Job title: Lead Data Scientist. Short title: Data Scientist. Company: ADP. Location: Porto Alegre, RS, Brazil. Country: Brazil. Schedule: Full-time. Remote status: not remote. Skills: python; sql; databricks; aws; pandas; jupyter; excel. No degree mention: False. Health insurance mention: False",low_fit,0.0544126103781766,low_fit,not_selected_for_authorization_text,,,,
active_learning_low_margin,HF-37243,Hi-Quality Recruits,Junior Data Scientist - $99k+ (Hybrid),"Boston, MA",United States,"Job title: Junior Data Scientist - $99k+ (Hybrid). Short title: Data Scientist. Company: Hi-Quality Recruits. Location: Boston, MA. Country: United States. Schedule: Full-time. Remote status: not remote. Skills: sql; python; snowflake; aws; git. No degree mention: False. Health insurance mention: True",low_fit,0.07949836998254978,medium_fit,not_selected_for_authorization_text,,,,
active_learning_low_margin,HF-80685,OCBC Bank,"AVP, Observability Engineer",Singapore,Singapore,"Job title: AVP, Observability Engineer. Short title: Senior Data Scientist. Company: OCBC Bank. Location: Singapore. Country: Singapore. Schedule: Full-time. Remote status: not remote. Skills: powershell; elasticsearch; watson; aws; azure; gcp; splunk; ansible; terraform. No degree mention: False. Health insurance mention: False",low_fit,0.0945453087273502,low_fit,not_selected_for_authorization_text,,,,
active_learning_low_margin,HF-611805,Agoda,"Analyst/ Senior Analyst (Bangkok Based, relocation provided)","Atlanta, GA",United States,"Job title: Analyst/ Senior Analyst (Bangkok Based, relocation provided). Short title: Business Analyst. Company: Agoda. Location: Atlanta, GA. Country: United States. Schedule: Full-time. Remote status: not remote. Skills: sas; sas; r; python; vba; sql; java; sql server; pandas; spss; tableau; excel; power bi. No degree mention: False. Health insurance mention: False",low_fit,0.10646776815213532,low_fit,not_selected_for_authorization_text,,,,
active_learning_low_margin,HF-228108,Dominion Energy,Engineer I/II/III - Engineering Analytics & Modeling: Data...,"Glen Allen, VA",United States,"Job title: Engineer I/II/III - Engineering Analytics & Modeling: Data.... Short title: Data Engineer. Company: Dominion Energy. Location: Glen Allen, VA. Country: United States. Schedule: Full-time. Remote status: not remote. Skills: go; python; r; visual basic; sql; sas; sas; excel; power bi; tableau. No degree mention: False. Health insurance mention: True",low_fit,0.10816742922805078,low_fit,not_selected_for_authorization_text,,,,
active_learning_low_margin,HF-533071,"Axtria, Inc",Omnichannel Data Scientist Lead,United States,United States,"Job title: Omnichannel Data Scientist Lead. Short title: Data Scientist. Company: Axtria, Inc. Location: United States. Country: United States. Schedule: Full-time. Remote status: not remote. Skills: symphony. No degree mention: False. Health insurance mention: True",low_fit,0.113204609775434,low_fit,not_selected_for_authorization_text,,,,
active_learning_low_margin,HF-450543,Hitachi Solutions Europe,Contract Analysts' Team Leader APAC,"Kuala Lumpur, Federal Territory of Kuala Lumpur, Malaysia",Malaysia,"Job title: Contract Analysts' Team Leader APAC. Short title: Data Analyst. Company: Hitachi Solutions Europe. Location: Kuala Lumpur, Federal Territory of Kuala Lumpur, Malaysia. Country: Malaysia. Schedule: Full-time. Remote status: not remote. Skills: go; excel. No degree mention: True. Health insurance mention: False",low_fit,0.11583353526407489,low_fit,not_selected_for_authorization_text,,,,
active_learning_low_margin,HF-167135,Deutsches Elektronen-Synchrotron DESY,Software Engineer as a Postdoc in data reduction and machine learning,"Hamburg, Germany",Germany,"Job title: Software Engineer as a Postdoc in data reduction and machine learning. Short title: Software Engineer. Company: Deutsches Elektronen-Synchrotron DESY. Location: Hamburg, Germany. Country: Germany. Schedule: Full-time. Remote status: not remote. Skills: c++. No degree mention: False. Health insurance mention: False",low_fit,0.14328946560897476,low_fit,not_selected_for_authorization_text,,,,
active_learning_low_margin,HF-645795,Communauté d'Agglomération du Niortais,MISSION - DATAOPS/MLOPS - NIORT (IT) / Freelance (H/F),"Niort, France",France,"Job title: MISSION - DATAOPS/MLOPS - NIORT (IT) / Freelance (H/F). Short title: Data Analyst. Company: Communauté d'Agglomération du Niortais. Location: Niort, France. Country: France. Schedule: Full-time. Remote status: not remote. Skills: python; powershell; azure; databricks; github; terraform. No degree mention: False. Health insurance mention: False",low_fit,0.14493365681636267,medium_fit,not_selected_for_authorization_text,,,,
active_learning_low_margin,HF-480572,Randstad Italia,Junior Data Analyst & Category Manager,"Pozzuoli, Metropolitan City of Naples, Italy",Italy,"Job title: Junior Data Analyst & Category Manager. Short title: Data Analyst. Company: Randstad Italia. Location: Pozzuoli, Metropolitan City of Naples, Italy. Country: Italy. Schedule: Full-time. Remote status: not remote. Skills: gdpr. No degree mention: False. Health insurance mention: False",low_fit,0.1526679393484186,low_fit,not_selected_for_authorization_text,,,,
active_learning_low_margin,HF-38619,Agensi Pekerjaan Mvc Resources Sdn Bhd,Senior Data Engineer,"Selangor, Malaysia",Malaysia,"Job title: Senior Data Engineer. Short title: Senior Data Engineer. Company: Agensi Pekerjaan Mvc Resources Sdn Bhd. Location: Selangor, Malaysia. Country: Malaysia. Schedule: . Remote status: not remote. Skills: sql; mysql; postgresql; aws; excel; word; powerpoint; flow. No degree mention: True. Health insurance mention: False",low_fit,0.1572533243176904,unclear,not_selected_for_authorization_text,,,,
active_learning_low_margin,HF-241546,Luminant Generation Company LLC,Supply Chain - Lead Data Analyst,"Irving, TX",United States,"Job title: Supply Chain - Lead Data Analyst. Short title: Data Analyst. Company: Luminant Generation Company LLC. Location: Irving, TX. Country: United States. Schedule: Full-time. Remote status: not remote. Skills: sql; tableau; alteryx; powerpoint; word; excel. No degree mention: False. Health insurance mention: False",low_fit,0.160752397419739,low_fit,not_selected_for_authorization_text,,,,
active_learning_low_margin,HF-138696,SAIC,Senior Data Analyst Jobs,"Chantilly, VA",United States,"Job title: Senior Data Analyst Jobs. Short title: Data Analyst. Company: SAIC. Location: Chantilly, VA. Country: United States. Schedule: Full-time. Remote status: not remote. Skills: sql; python; r; excel; tableau; power bi; github. No degree mention: False. Health insurance mention: False",low_fit,0.17111788670108138,low_fit,not_selected_for_authorization_text,,,,
active_learning_low_margin,HF-514126,_VOIS,Senior Sales Reporting Specialist - Data Scientist,"Budapest, Hungary",Hungary,"Job title: Senior Sales Reporting Specialist - Data Scientist. Short title: Data Scientist. Company: _VOIS. Location: Budapest, Hungary. Country: Hungary. Schedule: Full-time. Remote status: not remote. Skills: python; aws; azure; gcp; spark; hadoop; tensorflow. No degree mention: False. Health insurance mention: False",low_fit,0.17228848853345666,low_fit,not_selected_for_authorization_text,,,,
active_learning_low_margin,HF-514659,dentsu,"Data Lead, Media","Marseille, France",France,"Job title: Data Lead, Media. Short title: Data Scientist. Company: dentsu. Location: Marseille, France. Country: France. Schedule: Full-time. Remote status: not remote. Skills: excel. No degree mention: False. Health insurance mention: False",low_fit,0.18111704896587244,low_fit,not_selected_for_authorization_text,,,,
active_learning_low_margin,HF-231925,Air Asia,Senior Data Scientist,Malaysia,Malaysia,Job title: Senior Data Scientist. Short title: Senior Data Scientist. Company: Air Asia. Location: Malaysia. Country: Malaysia. Schedule: Full-time. Remote status: not remote. Skills: git; jira; confluence. No degree mention: False. Health insurance mention: False,low_fit,0.18963703742915317,low_fit,not_selected_for_authorization_text,,,,
active_learning_low_margin,HF-371709,Sandia Resort and Casino,MANAGER- ANALYTICS/FINANCIAL PLANNING,"Albuquerque, NM",Sudan,"Job title: MANAGER- ANALYTICS/FINANCIAL PLANNING. Short title: Business Analyst. Company: Sandia Resort and Casino. Location: Albuquerque, NM. Country: Sudan. Schedule: Full-time. Remote status: not remote. Skills: spreadsheet; word. No degree mention: False. Health insurance mention: False",low_fit,0.18997977617581618,low_fit,not_selected_for_authorization_text,,,,
active_learning_low_margin,HF-189239,Premea,Process Analyst - CAD Data,"Leamington Spa, UK",United Kingdom,"Job title: Process Analyst - CAD Data. Short title: Data Analyst. Company: Premea. Location: Leamington Spa, UK. Country: United Kingdom. Schedule: Contractor. Remote status: not remote. Skills: excel; powerpoint; tableau; word. No degree mention: True. Health insurance mention: False",low_fit,0.19046506215455217,medium_fit,not_selected_for_authorization_text,,,,
active_learning_low_margin,HF-38912,Biso24,Middle/senior Test Engineer,"Ho Chi Minh City, Vietnam",Vietnam,"Job title: Middle/senior Test Engineer. Short title: Senior Data Engineer. Company: Biso24. Location: Ho Chi Minh City, Vietnam. Country: Vietnam. Schedule: Full-time. Remote status: not remote. Skills: . No degree mention: True. Health insurance mention: False",low_fit,0.208527782714116,unclear,not_selected_for_authorization_text,,,,
active_learning_low_margin,HF-781339,Torrance Memorial Medical Center,Sr Web & Data Analyst - FT - Days,"Torrance, CA",United States,"Job title: Sr Web & Data Analyst - FT - Days. Short title: Data Analyst. Company: Torrance Memorial Medical Center. Location: Torrance, CA. Country: United States. Schedule: Full-time. Remote status: not remote. Skills: sql; crystal; vb.net; sql server; oracle; asp.net; sharepoint; sap; ssrs; power bi; tableau; ssis; flow. No degree mention: False. Health insurance mention: False",low_fit,0.2151813251981056,low_fit,not_selected_for_authorization_text,,,,
active_learning_low_margin,HF-536209,Green Dot Corporation,Data Scientist/Sr. Data Scientist - Remote,Anywhere,Sudan,Job title: Data Scientist/Sr. Data Scientist - Remote. Short title: Data Scientist. Company: Green Dot Corporation. Location: Anywhere. Country: Sudan. Schedule: Full-time. Remote status: remote. Skills: sql; python; r; redshift; aws; tableau; microstrategy. No degree mention: False. Health insurance mention: False,low_fit,0.22085029852639215,low_fit,not_selected_for_authorization_text,,,,
active_learning_low_margin,HF-574819,Royal Caribbean Group,"Lead, Strategy & Analytics","Miami, FL",United States,"Job title: Lead, Strategy & Analytics. Short title: Business Analyst. Company: Royal Caribbean Group. Location: Miami, FL. Country: United States. Schedule: Full-time. Remote status: not remote. Skills: sql; power bi; tableau; excel; powerpoint; word. No degree mention: False. Health insurance mention: False",low_fit,0.22206339261773367,low_fit,not_selected_for_authorization_text,,,,
active_learning_low_margin,HF-368064,Splunk,Security Governance Analyst,"San José Province, San José, Costa Rica",Costa Rica,"Job title: Security Governance Analyst. Short title: Senior Data Analyst. Company: Splunk. Location: San José Province, San José, Costa Rica. Country: Costa Rica. Schedule: Full-time. Remote status: not remote. Skills: splunk. No degree mention: False. Health insurance mention: False",low_fit,0.23132746018374825,low_fit,not_selected_for_authorization_text,,,,
active_learning_low_margin,HF-341286,Huntington Bank OH,Lead Database Engineer,"Vienna, Austria",Austria,"Job title: Lead Database Engineer. Short title: Data Scientist. Company: Huntington Bank OH. Location: Vienna, Austria. Country: Austria. Schedule: Full-time. Remote status: not remote. Skills: db2; unix. No degree mention: True. Health insurance mention: False",low_fit,0.23615446402809703,low_fit,not_selected_for_authorization_text,,,,
active_learning_low_margin,HF-30724,FleetCor,"VP, Advanced Analytics/Data Science","Atlanta, GA",United States,"Job title: VP, Advanced Analytics/Data Science. Short title: Senior Data Scientist. Company: FleetCor. Location: Atlanta, GA. Country: United States. Schedule: Full-time. Remote status: not remote. Skills: aws; azure; react. No degree mention: False. Health insurance mention: False",low_fit,0.26030809275426436,low_fit,not_selected_for_authorization_text,,,,
active_learning_low_margin,HF-202040,Dekra,Máster Data Lead,"Madrid, Spain",Spain,"Job title: Máster Data Lead. Short title: Data Scientist. Company: Dekra. Location: Madrid, Spain. Country: Spain. Schedule: Full-time. Remote status: not remote. Skills: excel; sap; jira. No degree mention: False. Health insurance mention: False",low_fit,0.27215540716275255,low_fit,not_selected_for_authorization_text,,,,
active_learning_low_margin,HF-217961,CBRE Argentina,Analyst/Sr Analyst,"Kuala Lumpur, Federal Territory of Kuala Lumpur, Malaysia",Malaysia,"Job title: Analyst/Sr Analyst. Short title: Business Analyst. Company: CBRE Argentina. Location: Kuala Lumpur, Federal Territory of Kuala Lumpur, Malaysia. Country: Malaysia. Schedule: Full-time. Remote status: not remote. Skills: excel; power bi. No degree mention: False. Health insurance mention: False",low_fit,0.272385824356538,medium_fit,not_selected_for_authorization_text,,,,
active_learning_low_margin,HF-562387,CORMAC,Data Science Practice Lead - Remote,Anywhere,Sudan,Job title: Data Science Practice Lead - Remote. Short title: Data Scientist. Company: CORMAC. Location: Anywhere. Country: Sudan. Schedule: Full-time. Remote status: remote. Skills: r; python; matlab; sql; java; aws; azure; pytorch; tensorflow; keras; scikit-learn; numpy; pandas; linux; git; github; docker. No degree mention: False. Health insurance mention: False,low_fit,0.28264431129410406,low_fit,not_selected_for_authorization_text,,,,
active_learning_low_margin,HF-351482,MD Anderson Cancer Center,Data Science Group Leader /  Institute for Data Science in...,"Houston, TX",Sudan,"Job title: Data Science Group Leader /  Institute for Data Science in.... Short title: Data Scientist. Company: MD Anderson Cancer Center. Location: Houston, TX. Country: Sudan. Schedule: Full-time. Remote status: not remote. Skills: flow. No degree mention: False. Health insurance mention: True",low_fit,0.2846141531784131,low_fit,not_selected_for_authorization_text,,,,
active_learning_low_margin,HF-713233,Ernst & Young Advisory Services Sdn Bhd,"Executive, Junior Manager, Data Analytics","England, UK",United Kingdom,"Job title: Executive, Junior Manager, Data Analytics. Short title: Data Analyst. Company: Ernst & Young Advisory Services Sdn Bhd. Location: England, UK. Country: United Kingdom. Schedule: Full-time. Remote status: not remote. Skills: r; python; sql; vba; rshiny; excel; word; power bi; tableau; alteryx. No degree mention: True. Health insurance mention: False",low_fit,0.2964243638290744,low_fit,not_selected_for_authorization_text,,,,
active_learning_low_margin,HF-402552,Microsoft,Principal Applied Data Scientist,"Mountain View, CA",United States,"Job title: Principal Applied Data Scientist. Short title: Data Scientist. Company: Microsoft. Location: Mountain View, CA. Country: United States. Schedule: Full-time. Remote status: not remote. Skills: java; ruby; ruby; azure; linux; outlook; docker. No degree mention: False. Health insurance mention: True",low_fit,0.3163759057539483,low_fit,not_selected_for_authorization_text,,,,
active_learning_low_margin,HF-132336,BXGI,Principal Data Scientist,"Remote, OR",United States,"Job title: Principal Data Scientist. Short title: Data Scientist. Company: BXGI. Location: Remote, OR. Country: United States. Schedule: Full-time. Remote status: not remote. Skills: outlook. No degree mention: False. Health insurance mention: True",low_fit,0.31945502211598564,low_fit,not_selected_for_authorization_text,,,,
active_learning_low_margin,HF-512590,Lufthansa Technik Logistik Services GmbH,Processmanager & Data Analyst Global Warehousing (all genders),"Hamburg, Germany",Germany,"Job title: Processmanager & Data Analyst Global Warehousing (all genders). Short title: Data Analyst. Company: Lufthansa Technik Logistik Services GmbH. Location: Hamburg, Germany. Country: Germany. Schedule: Full-time. Remote status: not remote. Skills: sql; excel; word. No degree mention: True. Health insurance mention: False",low_fit,0.3220520583761982,low_fit,not_selected_for_authorization_text,,,,
active_learning_low_margin,HF-300283,The Hong Kong Jockey Club,"(Senior) Data and Machine Learning Engineer, CSII",Hong Kong,Hong Kong,"Job title: (Senior) Data and Machine Learning Engineer, CSII. Short title: Senior Data Engineer. Company: The Hong Kong Jockey Club. Location: Hong Kong. Country: Hong Kong. Schedule: . Remote status: not remote. Skills: sql; c#; java; c++; python; vba; sql server; docker; kubernetes. No degree mention: False. Health insurance mention: False",low_fit,0.32667850068476423,unclear,not_selected_for_authorization_text,,,,
active_learning_low_margin,HF-5003,The Hong Kong Jockey Club,"(Senior) Data and Machine Learning Engineer, CSII",Hong Kong,Hong Kong,"Job title: (Senior) Data and Machine Learning Engineer, CSII. Short title: Senior Data Engineer. Company: The Hong Kong Jockey Club. Location: Hong Kong. Country: Hong Kong. Schedule: . Remote status: not remote. Skills: sql; c#; java; c++; python; vba; sql server; docker; kubernetes. No degree mention: False. Health insurance mention: False",low_fit,0.32667850068476423,unclear,not_selected_for_authorization_text,,,,
active_learning_low_margin,HF-777680,Sportradar,Product Analyst,"Leonding, Austria",Austria,"Job title: Product Analyst. Short title: Software Engineer. Company: Sportradar. Location: Leonding, Austria. Country: Austria. Schedule: Full-time. Remote status: not remote. Skills: go. No degree mention: True. Health insurance mention: False",low_fit,0.33244192843541087,low_fit,not_selected_for_authorization_text,,,,
active_learning_low_margin,HF-178504,Incedo Inc.,Senior Data Scientist,"Bernards, NJ",United States,"Job title: Senior Data Scientist. Short title: Senior Data Scientist. Company: Incedo Inc.. Location: Bernards, NJ. Country: United States. Schedule: Full-time. Remote status: not remote. Skills: c; go. No degree mention: False. Health insurance mention: False",low_fit,0.33785661410941814,low_fit,not_selected_for_authorization_text,,,,
active_learning_low_margin,HF-723785,Unisys,Principal Data Scientist,"Mt Pleasant Township, PA",United States,"Job title: Principal Data Scientist. Short title: Data Scientist. Company: Unisys. Location: Mt Pleasant Township, PA. Country: United States. Schedule: Full-time. Remote status: not remote. Skills: express. No degree mention: False. Health insurance mention: False",low_fit,0.3392750329403116,low_fit,not_selected_for_authorization_text,,,,
active_learning_low_margin,HF-743667,"Zachary Piper Solutions, LLC","Data Scientist, Sr with Security Clearance","Washington, DC",United States,"Job title: Data Scientist, Sr with Security Clearance. Short title: Senior Data Scientist. Company: Zachary Piper Solutions, LLC. Location: Washington, DC. Country: United States. Schedule: Full-time. Remote status: not remote. Skills: html. No degree mention: False. Health insurance mention: False",low_fit,0.3445190036074284,low_fit,not_selected_for_authorization_text,,,,
active_learning_low_margin,HF-136171,Johnson Matthey,Data Analytics Lead,"Kuala Lumpur, Federal Territory of Kuala Lumpur, Malaysia",Malaysia,"Job title: Data Analytics Lead. Short title: Data Analyst. Company: Johnson Matthey. Location: Kuala Lumpur, Federal Territory of Kuala Lumpur, Malaysia. Country: Malaysia. Schedule: Full-time. Remote status: not remote. Skills: c#; sql; python; r; java; azure; aws; pandas; dplyr; scikit-learn; tensorflow; pytorch; hadoop; spark; power bi; tableau; github. No degree mention: True. Health insurance mention: False",low_fit,0.3470251188228713,low_fit,not_selected_for_authorization_text,,,,
active_learning_low_margin,HF-455630,Boston Consulting Group (BCG),"Data Science Manager, AI CoE","London, UK",United Kingdom,"Job title: Data Science Manager, AI CoE. Short title: Data Scientist. Company: Boston Consulting Group (BCG). Location: London, UK. Country: United Kingdom. Schedule: Full-time. Remote status: not remote. Skills: python; r; sql; scala; aws; azure; gcp; pyspark; scikit-learn; tensorflow; pytorch; keras; opencv; nltk; datarobot; tableau; docker; kubernetes. No degree mention: False. Health insurance mention: False",low_fit,0.34815496811679864,low_fit,not_selected_for_authorization_text,,,,
active_learning_low_margin,HF-746339,Aptiv,Data Analytics Engineer,"Monterrey, Nuevo Leon, Mexico",Mexico,"Job title: Data Analytics Engineer. Short title: Data Engineer. Company: Aptiv. Location: Monterrey, Nuevo Leon, Mexico. Country: Mexico. Schedule: Full-time. Remote status: not remote. Skills: python; sql; matlab; pandas; numpy; matplotlib; scikit-learn; pyspark; linux; qlik; tableau; power bi; git. No degree mention: False. Health insurance mention: False",low_fit,0.35538801577291806,low_fit,not_selected_for_authorization_text,,,,
active_learning_low_margin,HF-513527,Emprego,"Site Reliability Engineering, Senior","Buenos Aires, Argentina",Argentina,"Job title: Site Reliability Engineering, Senior. Short title: Business Analyst. Company: Emprego. Location: Buenos Aires, Argentina. Country: Argentina. Schedule: Full-time. Remote status: not remote. Skills: python; bash; linux; windows; ansible; terraform; jenkins. No degree mention: True. Health insurance mention: False",low_fit,0.36021053016316423,low_fit,not_selected_for_authorization_text,,,,
active_learning_low_margin,HF-51343,ZENITH INFOTECH (S) PTE LTD.,Project Manager (Data Science),Singapore,Singapore,Job title: Project Manager (Data Science). Short title: Data Scientist. Company: ZENITH INFOTECH (S) PTE LTD.. Location: Singapore. Country: Singapore. Schedule: Contractor. Remote status: not remote. Skills: word. No degree mention: False. Health insurance mention: False,low_fit,0.3707753047121167,low_fit,not_selected_for_authorization_text,,,,
active_learning_low_margin,HF-520168,Garuda Ventures,"Software Engineer, Data Science","Los Angeles, CA",United States,"Job title: Software Engineer, Data Science. Short title: Data Scientist. Company: Garuda Ventures. Location: Los Angeles, CA. Country: United States. Schedule: Full-time. Remote status: not remote. Skills: python; typescript; react. No degree mention: False. Health insurance mention: True",low_fit,0.37832282884143076,unclear,not_selected_for_authorization_text,,,,
active_learning_low_margin,HF-89196,Vanderbilt University Medical Center,Data Scientist Assistant I - Remote  from United States,Anywhere,United States,Job title: Data Scientist Assistant I - Remote  from United States. Short title: Data Scientist. Company: Vanderbilt University Medical Center. Location: Anywhere. Country: United States. Schedule: Full-time. Remote status: remote. Skills: r; python; go. No degree mention: False. Health insurance mention: False,low_fit,0.3972281410115762,medium_fit,not_selected_for_authorization_text,,,,
active_learning_low_margin,HF-783372,V2Soft,Business Analyst-Service now Salesforce Einstein CRM Analytics Lead,"Hyderabad, Telangana, India",India,"Job title: Business Analyst-Service now Salesforce Einstein CRM Analytics Lead. Short title: Business Analyst. Company: V2Soft. Location: Hyderabad, Telangana, India. Country: India. Schedule: Full-time. Remote status: not remote. Skills: kafka. No degree mention: False. Health insurance mention: False",low_fit,0.40081527643324455,low_fit,not_selected_for_authorization_text,,,,
active_learning_low_margin,HF-678322,Virtual Vocations Inc,Senior Claims Analyst,"Lawrenceville, GA",United States,"Job title: Senior Claims Analyst. Short title: Business Analyst. Company: Virtual Vocations Inc. Location: Lawrenceville, GA. Country: United States. Schedule: Full-time. Remote status: not remote. Skills: sql. No degree mention: False. Health insurance mention: False",low_fit,0.40623385038641524,low_fit,not_selected_for_authorization_text,,,,
active_learning_low_margin,HF-309477,Golden Hippo,Sr. Data Analyst (Retention Marketing) (REMOTE),"Los Angeles, CA",United States,"Job title: Sr. Data Analyst (Retention Marketing) (REMOTE). Short title: Data Analyst. Company: Golden Hippo. Location: Los Angeles, CA. Country: United States. Schedule: Full-time. Remote status: not remote. Skills: sql; python; bigquery; tableau; power bi; excel; git. No degree mention: False. Health insurance mention: True",low_fit,0.4084446897703369,low_fit,not_selected_for_authorization_text,,,,
active_learning_low_margin,HF-639165,Wells Fargo,WIM Data Governance Lead Data Management Analyst,"Creve Coeur, MO",United States,"Job title: WIM Data Governance Lead Data Management Analyst. Short title: Data Analyst. Company: Wells Fargo. Location: Creve Coeur, MO. Country: United States. Schedule: Full-time. Remote status: not remote. Skills: flow. No degree mention: True. Health insurance mention: False",low_fit,0.4174322681776072,low_fit,not_selected_for_authorization_text,,,,
active_learning_low_margin,HF-259235,Playtika,People Analytics Team Leader,"Herzliya, Israel",Israel,"Job title: People Analytics Team Leader. Short title: Data Scientist. Company: Playtika. Location: Herzliya, Israel. Country: Israel. Schedule: Full-time. Remote status: not remote. Skills: python; sql; oracle; tableau; excel; powerpoint; word. No degree mention: True. Health insurance mention: False",low_fit,0.41996680289260424,low_fit,not_selected_for_authorization_text,,,,
active_learning_low_margin,HF-11428,AccorCorpo,Apprenti Data Scientist Leader,"Issy-les-Moulineaux, France",France,"Job title: Apprenti Data Scientist Leader. Short title: Data Scientist. Company: AccorCorpo. Location: Issy-les-Moulineaux, France. Country: France. Schedule: Full-time. Remote status: not remote. Skills: python; tensorflow; pytorch; scikit-learn; pandas. No degree mention: False. Health insurance mention: False",low_fit,0.4240824557804867,low_fit,not_selected_for_authorization_text,,,,
active_learning_low_margin,HF-297671,Engineering Ingegneria Informatica S.p.A.,Data & Analytics Sales Manager,"Rome, Metropolitan City of Rome Capital, Italy",Italy,"Job title: Data & Analytics Sales Manager. Short title: Data Analyst. Company: Engineering Ingegneria Informatica S.p.A.. Location: Rome, Metropolitan City of Rome Capital, Italy. Country: Italy. Schedule: Full-time. Remote status: not remote. Skills: gdpr. No degree mention: True. Health insurance mention: False",low_fit,0.4267405644639939,low_fit,not_selected_for_authorization_text,,,,
active_learning_low_margin,HF-601996,Dice,Lead BI Analyst,"Schertz, TX",United States,"Job title: Lead BI Analyst. Short title: Business Analyst. Company: Dice. Location: Schertz, TX. Country: United States. Schedule: Full-time. Remote status: not remote. Skills: sql; r; python; scala; javascript; sas; sas; nosql; cassandra; aws; redshift; snowflake; spark; microstrategy; spss; excel. No degree mention: False. Health insurance mention: True",low_fit,0.4288556538969064,low_fit,not_selected_for_authorization_text,,,,
active_learning_low_margin,HF-90884,Illinois State Toll Highway Authority,Senior SAP Data Analyst,"Downers Grove, IL",United States,"Job title: Senior SAP Data Analyst. Short title: Senior Data Analyst. Company: Illinois State Toll Highway Authority. Location: Downers Grove, IL. Country: United States. Schedule: Full-time. Remote status: not remote. Skills: sap. No degree mention: True. Health insurance mention: False",low_fit,0.4302240028320594,low_fit,not_selected_for_authorization_text,,,,
active_learning_low_margin,HF-82227,unitedhealthgroup,Manager- Data Analytics- Hybrid,"Letterkenny, County Donegal, Ireland",Ireland,"Job title: Manager- Data Analytics- Hybrid. Short title: Data Analyst. Company: unitedhealthgroup. Location: Letterkenny, County Donegal, Ireland. Country: Ireland. Schedule: . Remote status: not remote. Skills: sql; snowflake; oracle; databricks; power bi; tableau; alteryx; word; excel; powerpoint. No degree mention: True. Health insurance mention: False",low_fit,0.4379073855269957,unclear,not_selected_for_authorization_text,,,,
active_learning_low_margin,HF-723010,Softtest pays pty ltd,Devops Engineer,"Brisbane QLD, Australia",Australia,"Job title: Devops Engineer. Short title: Software Engineer. Company: Softtest pays pty ltd. Location: Brisbane QLD, Australia. Country: Australia. Schedule: Full-time. Remote status: not remote. Skills: terraform. No degree mention: True. Health insurance mention: False",low_fit,0.44107715178305834,low_fit,not_selected_for_authorization_text,,,,
active_learning_low_margin,HF-785255,World Wide Technology,Senior Business Analyst / PMO support with Cloud Migration & Data...,India,India,Job title: Senior Business Analyst / PMO support with Cloud Migration & Data.... Short title: Business Analyst. Company: World Wide Technology. Location: India. Country: India. Schedule: Contractor. Remote status: not remote. Skills: jira; confluence. No degree mention: False. Health insurance mention: False,low_fit,0.455076051722509,low_fit,not_selected_for_authorization_text,,,,
active_learning_low_margin,HF-585511,Bokio Software,Senior Software Engineer,Sweden,Sweden,Job title: Senior Software Engineer. Short title: Software Engineer. Company: Bokio Software. Location: Sweden. Country: Sweden. Schedule: Full-time. Remote status: not remote. Skills: c#. No degree mention: True. Health insurance mention: False,low_fit,0.4566754796890317,low_fit,not_selected_for_authorization_text,,,,
active_learning_low_margin,HF-188725,Vigeo Eiris,Senior Data Operations Associate,"Heredia Province, Heredia, Costa Rica",Costa Rica,"Job title: Senior Data Operations Associate. Short title: Data Analyst. Company: Vigeo Eiris. Location: Heredia Province, Heredia, Costa Rica. Country: Costa Rica. Schedule: Full-time. Remote status: not remote. Skills: excel; flow. No degree mention: False. Health insurance mention: False",low_fit,0.4597404192984744,low_fit,not_selected_for_authorization_text,,,,
active_learning_low_margin,HF-553028,Lockheed Martin,Data Analyst | Technical Lead,"Fort Worth, TX",United States,"Job title: Data Analyst | Technical Lead. Short title: Data Analyst. Company: Lockheed Martin. Location: Fort Worth, TX. Country: United States. Schedule: Full-time and Part-time. Remote status: not remote. Skills: sql; python; c#; scala; r; java; matlab; tableau; spss. No degree mention: False. Health insurance mention: True",low_fit,0.4616652341306424,low_fit,not_selected_for_authorization_text,,,,
active_learning_low_margin,HF-102604,Sap Asia Pte. Ltd.,Associate AI Scientist / AI Scientist - Artificial Intelligence...,Singapore,Singapore,Job title: Associate AI Scientist / AI Scientist - Artificial Intelligence.... Short title: Machine Learning Engineer. Company: Sap Asia Pte. Ltd.. Location: Singapore. Country: Singapore. Schedule: Full-time. Remote status: not remote. Skills: python; c++; java; scala; theano; tensorflow; keras; scikit-learn; linux; redhat; ubuntu; suse; sap. No degree mention: False. Health insurance mention: False,low_fit,0.4657606088800154,low_fit,not_selected_for_authorization_text,,,,
active_learning_low_margin,HF-243318,Whirlpool Corporation,"Senior Analyst, Engineering","Ciudad Apodaca, Nuevo Leon, Mexico",Mexico,"Job title: Senior Analyst, Engineering. Short title: Senior Data Engineer. Company: Whirlpool Corporation. Location: Ciudad Apodaca, Nuevo Leon, Mexico. Country: Mexico. Schedule: Full-time. Remote status: not remote. Skills: . No degree mention: False. Health insurance mention: False",low_fit,0.4780142946728639,unclear,not_selected_for_authorization_text,,,,
active_learning_low_margin,HF-698071,Roche Services (Asia Pacific) Sdn Bhd,GAMA Senior Analyst,"Kuala Lumpur, Federal Territory of Kuala Lumpur, Malaysia",Malaysia,"Job title: GAMA Senior Analyst. Short title: Business Analyst. Company: Roche Services (Asia Pacific) Sdn Bhd. Location: Kuala Lumpur, Federal Territory of Kuala Lumpur, Malaysia. Country: Malaysia. Schedule: Full-time. Remote status: not remote. Skills: sap. No degree mention: True. Health insurance mention: False",low_fit,0.47966213651851386,low_fit,not_selected_for_authorization_text,,,,
active_learning_low_margin,HF-617606,Unum Group,"Principal Data Scientist, Decision Technologies","Portland, ME",United States,"Job title: Principal Data Scientist, Decision Technologies. Short title: Data Scientist. Company: Unum Group. Location: Portland, ME. Country: United States. Schedule: Full-time. Remote status: not remote. Skills: sql; db2; sql server. Average yearly salary: 150000.0. No degree mention: False. Health insurance mention: True",low_fit,0.48146404816551625,low_fit,not_selected_for_authorization_text,,,,
active_learning_low_margin,HF-584244,Earable® Neuroscience,Science Director (Machine Learning),"Hanoi, Vietnam",Vietnam,"Job title: Science Director (Machine Learning). Short title: Senior Data Scientist. Company: Earable® Neuroscience. Location: Hanoi, Vietnam. Country: Vietnam. Schedule: Full-time. Remote status: not remote. Skills: python; r; java; tensorflow; pytorch; scikit-learn. No degree mention: False. Health insurance mention: False",low_fit,0.483503720790497,low_fit,not_selected_for_authorization_text,,,,
active_learning_low_margin,HF-654058,GRAFANA LABS,"Senior Software Engineer, Cloud Database",Gabon,,"Job title: Senior Software Engineer, Cloud Database. Short title: Software Engineer. Company: GRAFANA LABS. Location: Gabon. Country: . Schedule: Full-time. Remote status: not remote. Skills: go; gcp; azure; aws; kubernetes. No degree mention: False. Health insurance mention: False",low_fit,0.5037304459308984,unclear,not_selected_for_authorization_text,,,,
active_learning_low_margin,HF-180535,Otis Elevator Co.,Senior Engineer - FEA (Fine Element Analysis),"Hyderabad, Telangana, India",India,"Job title: Senior Engineer - FEA (Fine Element Analysis). Short title: Senior Data Analyst. Company: Otis Elevator Co.. Location: Hyderabad, Telangana, India. Country: India. Schedule: Full-time. Remote status: not remote. Skills: matlab. No degree mention: False. Health insurance mention: False",low_fit,0.5112785339117192,low_fit,not_selected_for_authorization_text,,,,
active_learning_low_margin,HF-478025,DataScientest.com,Partnerships Development Manager - Coach HR,France,France,Job title: Partnerships Development Manager - Coach HR. Short title: Business Analyst. Company: DataScientest.com. Location: France. Country: France. Schedule: Full-time. Remote status: not remote. Skills: microstrategy. No degree mention: False. Health insurance mention: False,low_fit,0.5119970302818263,low_fit,not_selected_for_authorization_text,,,,
active_learning_low_margin,HF-251836,BBI-Consultancy,Senior Big Data Analyst,"Cairo, Egypt",Egypt,"Job title: Senior Big Data Analyst. Short title: Senior Data Analyst. Company: BBI-Consultancy. Location: Cairo, Egypt. Country: Egypt. Schedule: Full-time. Remote status: not remote. Skills: nosql; mongodb; mongodb; cassandra; hadoop. No degree mention: True. Health insurance mention: False",low_fit,0.5150796900619226,low_fit,not_selected_for_authorization_text,,,,
active_learning_low_margin,HF-441587,Flip retail,Docker,"Doha, Qatar",Qatar,"Job title: Docker. Short title: Senior Data Scientist. Company: Flip retail. Location: Doha, Qatar. Country: Qatar. Schedule: Full-time. Remote status: not remote. Skills: sql; nosql; azure; selenium; jenkins; docker. No degree mention: False. Health insurance mention: False",low_fit,0.5158494711780529,low_fit,not_selected_for_authorization_text,,,,
active_learning_low_margin,HF-199235,Kolle Rebbe,Data & BI architect,"Dublin, Ireland",Ireland,"Job title: Data & BI architect. Short title: Data Engineer. Company: Kolle Rebbe. Location: Dublin, Ireland. Country: Ireland. Schedule: Full-time. Remote status: not remote. Skills: python; r; sql; sas; sas; java; sql server; snowflake; azure; aws; redshift; databricks; tableau; power bi; qlik; alteryx; sap; ssis. No degree mention: True. Health insurance mention: False",low_fit,0.5267491960339072,low_fit,not_selected_for_authorization_text,,,,
active_learning_low_margin,HF-333908,AIA Group,Data Visualization Engineering Consultant,"Taguig, Metro Manila, Philippines",Philippines,"Job title: Data Visualization Engineering Consultant. Short title: Data Engineer. Company: AIA Group. Location: Taguig, Metro Manila, Philippines. Country: Philippines. Schedule: Full-time. Remote status: not remote. Skills: sql; python; power bi; tableau; sap; excel. No degree mention: True. Health insurance mention: False",low_fit,0.5294156339903258,low_fit,not_selected_for_authorization_text,,,,
active_learning_low_margin,HF-148310,Swedbank AB,Data Scientist or Senior Data Scientist in Anti-Financial Crime,"Stockholm, Sweden",Sweden,"Job title: Data Scientist or Senior Data Scientist in Anti-Financial Crime. Short title: Data Scientist. Company: Swedbank AB. Location: Stockholm, Sweden. Country: Sweden. Schedule: Full-time. Remote status: not remote. Skills: python. No degree mention: True. Health insurance mention: False",low_fit,0.5473915945055181,low_fit,not_selected_for_authorization_text,,,,
active_learning_low_margin,HF-588669,HP,Business Analyst and Intelligence Lead,"Guadalajara, Jalisco, Mexico",Mexico,"Job title: Business Analyst and Intelligence Lead. Short title: Business Analyst. Company: HP. Location: Guadalajara, Jalisco, Mexico. Country: Mexico. Schedule: Full-time. Remote status: not remote. Skills: excel. No degree mention: False. Health insurance mention: False",low_fit,0.5496978953078198,low_fit,not_selected_for_authorization_text,,,,
active_learning_low_margin,HF-652927,T-Mobile,Principal Data Scientist,"Austin, TX",Sudan,"Job title: Principal Data Scientist. Short title: Data Scientist. Company: T-Mobile. Location: Austin, TX. Country: Sudan. Schedule: Full-time. Remote status: not remote. Skills: python; sql; r; azure; aws; pyspark; pandas; numpy; scikit-learn; hadoop; spark; kafka. Average yearly salary: 125000.0. No degree mention: False. Health insurance mention: False",low_fit,0.5587645076929344,low_fit,not_selected_for_authorization_text,,,,
active_learning_low_margin,HF-32115,Pella,Data Analytics & Insights Manager,"Pella, IA",United States,"Job title: Data Analytics & Insights Manager. Short title: Data Analyst. Company: Pella. Location: Pella, IA. Country: United States. Schedule: Full-time. Remote status: not remote. Skills: go; sql; python; r; java; sas; sas; oracle; windows; excel; powerpoint; power bi. No degree mention: False. Health insurance mention: False",low_fit,0.561447421174688,low_fit,not_selected_for_authorization_text,,,,
active_learning_low_margin,HF-236618,Thermo Fisher Scientific,"Manager, Data Analytics","Heredia Province, Heredia, Costa Rica",Costa Rica,"Job title: Manager, Data Analytics. Short title: Data Analyst. Company: Thermo Fisher Scientific. Location: Heredia Province, Heredia, Costa Rica. Country: Costa Rica. Schedule: Full-time. Remote status: not remote. Skills: smartsheet; jira. No degree mention: False. Health insurance mention: False",low_fit,0.5621762321366242,low_fit,not_selected_for_authorization_text,,,,
active_learning_low_margin,HF-450728,XPO,Data Scientist Lead,"Santander, Spain",Spain,"Job title: Data Scientist Lead. Short title: Data Scientist. Company: XPO. Location: Santander, Spain. Country: Spain. Schedule: Full-time. Remote status: not remote. Skills: python; sql; nosql; spark; hadoop; power bi; dax; docker. No degree mention: False. Health insurance mention: False",low_fit,0.566703864896996,low_fit,not_selected_for_authorization_text,,,,
active_learning_low_margin,HF-433151,Northrop Grumman,Data Management Analyst/Principal Data Management Analyst,"Rolling Meadows, IL",United States,"Job title: Data Management Analyst/Principal Data Management Analyst. Short title: Data Analyst. Company: Northrop Grumman. Location: Rolling Meadows, IL. Country: United States. Schedule: Contractor. Remote status: not remote. Skills: excel; sap. No degree mention: False. Health insurance mention: True",low_fit,0.5764348999897947,low_fit,not_selected_for_authorization_text,,,,
active_learning_low_margin,HF-35030,ASML,CS Machine data Support Engineer,South Korea,South Korea,Job title: CS Machine data Support Engineer. Short title: Data Engineer. Company: ASML. Location: South Korea. Country: South Korea. Schedule: Full-time. Remote status: not remote. Skills: sql; flow. No degree mention: False. Health insurance mention: False,low_fit,0.5809588983810406,low_fit,not_selected_for_authorization_text,,,,
active_learning_low_margin,HF-111219,University Of Michigan,Program Manager - Data Scientist - Hiring Urgently,"New York, NY",United States,"Job title: Program Manager - Data Scientist - Hiring Urgently. Short title: Data Scientist. Company: University Of Michigan. Location: New York, NY. Country: United States. Schedule: Full-time. Remote status: not remote. Skills: spark; hadoop. No degree mention: False. Health insurance mention: True",low_fit,0.5992810617662999,low_fit,not_selected_for_authorization_text,,,,
active_learning_low_margin,HF-489325,Unit4,Problem Manager and Data Analyst,"Wrocław, Poland",Poland,"Job title: Problem Manager and Data Analyst. Short title: Data Analyst. Company: Unit4. Location: Wrocław, Poland. Country: Poland. Schedule: Full-time. Remote status: not remote. Skills: azure. No degree mention: True. Health insurance mention: False",low_fit,0.6091796176664844,low_fit,not_selected_for_authorization_text,,,,
active_learning_low_margin,HF-426582,"MAXAR TECHNOLOGIES, INC.",Data Science Services Technical Lead,United States,Sudan,"Job title: Data Science Services Technical Lead. Short title: Data Scientist. Company: MAXAR TECHNOLOGIES, INC.. Location: United States. Country: Sudan. Schedule: Full-time. Remote status: not remote. Skills: python; pytorch; graphql; github; gitlab; bitbucket; zoom; slack. No degree mention: False. Health insurance mention: True",low_fit,0.6254729652900054,low_fit,not_selected_for_authorization_text,,,,
active_learning_low_margin,HF-229431,Salute Mission Critical LLC,Data Center Facilities Engineer,Canada,Canada,Job title: Data Center Facilities Engineer. Short title: Data Engineer. Company: Salute Mission Critical LLC. Location: Canada. Country: Canada. Schedule: Full-time. Remote status: not remote. Skills: windows. No degree mention: True. Health insurance mention: False,low_fit,0.6279153427987052,low_fit,not_selected_for_authorization_text,,,,
active_learning_low_margin,HF-677483,Data Ideology,Sr/ Data Analyst,"New York, NY",United States,"Job title: Sr/ Data Analyst. Short title: Data Analyst. Company: Data Ideology. Location: New York, NY. Country: United States. Schedule: Full-time. Remote status: not remote. Skills: sql; r; python; oracle; snowflake. No degree mention: False. Health insurance mention: True",low_fit,0.6315164948818138,high_fit,not_selected_for_authorization_text,,,,
active_learning_low_margin,HF-620668,PwC,Revenue Cycle Managed Services - Data Analyst - Sr. Associate,"Dover, FL",United States,"Job title: Revenue Cycle Managed Services - Data Analyst - Sr. Associate. Short title: Data Analyst. Company: PwC. Location: Dover, FL. Country: United States. Schedule: Full-time. Remote status: not remote. Skills: sql; sql server; azure; alteryx. No degree mention: False. Health insurance mention: False",low_fit,0.6390505811337681,low_fit,not_selected_for_authorization_text,,,,
active_learning_low_margin,HF-489399,Personiv,Sr. Data Analyst (Finance) | WFH | Night Shift,"Muntinlupa, Metro Manila, Philippines",Philippines,"Job title: Sr. Data Analyst (Finance) | WFH | Night Shift. Short title: Data Analyst. Company: Personiv. Location: Muntinlupa, Metro Manila, Philippines. Country: Philippines. Schedule: Full-time. Remote status: not remote. Skills: excel. No degree mention: True. Health insurance mention: False",low_fit,0.6400832939905641,low_fit,not_selected_for_authorization_text,,,,
active_learning_low_margin,HF-582651,Wells Fargo,Senior Analytic Consultant,"Irving, TX",United States,"Job title: Senior Analytic Consultant. Short title: Business Analyst. Company: Wells Fargo. Location: Irving, TX. Country: United States. Schedule: Full-time. Remote status: not remote. Skills: sas; sas; sql; tableau. No degree mention: True. Health insurance mention: False",low_fit,0.6449509335320877,low_fit,not_selected_for_authorization_text,,,,
active_learning_low_margin,HF-253104,Tech Sicredi,Data Scientist Leader,"Porto Alegre, RS, Brazil",Brazil,"Job title: Data Scientist Leader. Short title: Data Scientist. Company: Tech Sicredi. Location: Porto Alegre, RS, Brazil. Country: Brazil. Schedule: Full-time. Remote status: not remote. Skills: aws; databricks; power bi. No degree mention: False. Health insurance mention: False",low_fit,0.6540459723610099,low_fit,not_selected_for_authorization_text,,,,
active_learning_low_margin,HF-286102,J&J Family of Companies,Reporting and Analytics Lead,"Hagåtña, Guam",Guam,"Job title: Reporting and Analytics Lead. Short title: Data Analyst. Company: J&J Family of Companies. Location: Hagåtña, Guam. Country: Guam. Schedule: Full-time. Remote status: not remote. Skills: sas; sas; r; sql; azure; tableau; alteryx; ms access; power bi; sap; qlik; excel; word. No degree mention: False. Health insurance mention: False",low_fit,0.6596363504136797,low_fit,not_selected_for_authorization_text,,,,
active_learning_low_margin,HF-595693,Pickmeup,Leader technique Data H/F,"Ivry-sur-Seine, France",France,"Job title: Leader technique Data H/F. Short title: Data Scientist. Company: Pickmeup. Location: Ivry-sur-Seine, France. Country: France. Schedule: Full-time. Remote status: not remote. Skills: shell; perl; mongodb; mongodb; mariadb; postgresql; cassandra; oracle; windows; linux; centos; ubuntu; git. No degree mention: True. Health insurance mention: False",low_fit,0.6691347141292288,low_fit,not_selected_for_authorization_text,,,,
active_learning_low_margin,HF-343165,Genesys,Lead Data Architect,"Madrid, Spain",Spain,"Job title: Lead Data Architect. Short title: Senior Data Engineer. Company: Genesys. Location: Madrid, Spain. Country: Spain. Schedule: Full-time. Remote status: not remote. Skills: . No degree mention: False. Health insurance mention: False",low_fit,0.6821840073975803,unclear,not_selected_for_authorization_text,,,,
active_learning_low_margin,HF-241582,Netvagas,Pessoa engenheira de dados senior,Anywhere,Brazil,Job title: Pessoa engenheira de dados senior. Short title: Business Analyst. Company: Netvagas. Location: Anywhere. Country: Brazil. Schedule: Full-time. Remote status: remote. Skills: python; spark. No degree mention: True. Health insurance mention: False,low_fit,0.682410470272316,low_fit,not_selected_for_authorization_text,,,,
active_learning_low_margin,HF-587169,Convert Group,Lead Data Scientist,"Athens, Greece",Greece,"Job title: Lead Data Scientist. Short title: Data Scientist. Company: Convert Group. Location: Athens, Greece. Country: Greece. Schedule: Full-time. Remote status: not remote. Skills: mongodb; mongodb; python; sql; postgresql; opencv; scikit-learn; tensorflow; fastapi; windows; docker. Average yearly salary: 106439.5. No degree mention: False. Health insurance mention: False",low_fit,0.6868724157424055,low_fit,not_selected_for_authorization_text,,,,
active_learning_low_margin,HF-453543,SS&C Technologies,SS&C Everywhere - Senior Cloud Data Engineer,"New York, NY",United States,"Job title: SS&C Everywhere - Senior Cloud Data Engineer. Short title: Senior Data Engineer. Company: SS&C Technologies. Location: New York, NY. Country: United States. Schedule: Full-time. Remote status: not remote. Skills: . No degree mention: False. Health insurance mention: True",low_fit,0.6875704067472816,unclear,not_selected_for_authorization_text,,,,
active_learning_low_margin,HF-378955,Delivery Hero,Principal Data Scientist - Operations (all genders),"Berlin, Germany",Germany,"Job title: Principal Data Scientist - Operations (all genders). Short title: Data Scientist. Company: Delivery Hero. Location: Berlin, Germany. Country: Germany. Schedule: Full-time. Remote status: not remote. Skills: python; sql; postgresql; bigquery; gcp; numpy; pandas; matplotlib; spark; kubernetes; flow. No degree mention: False. Health insurance mention: False",low_fit,0.6888204393219555,low_fit,not_selected_for_authorization_text,,,,
active_learning_low_margin,HF-526218,Russell Tobin,Data Support officer,United Kingdom,United Kingdom,Job title: Data Support officer. Short title: Data Engineer. Company: Russell Tobin. Location: United Kingdom. Country: United Kingdom. Schedule: Contractor and Temp work. Remote status: not remote. Skills: sheets. No degree mention: False. Health insurance mention: False,low_fit,0.690282008505154,low_fit,not_selected_for_authorization_text,,,,
active_learning_low_margin,HF-329005,Ministry of Health,Data Analyst / Data Manager (Contract) SGUnitedJobs,Singapore,Singapore,Job title: Data Analyst / Data Manager (Contract) SGUnitedJobs. Short title: Data Analyst. Company: Ministry of Health. Location: Singapore. Country: Singapore. Schedule: Contractor. Remote status: not remote. Skills: python; r; java; visual basic; sql; excel; tableau. No degree mention: True. Health insurance mention: False,low_fit,0.6940239297017927,low_fit,not_selected_for_authorization_text,,,,
active_learning_low_margin,HF-513692,MBN Solutions,Lead Data Scientist,United Kingdom,United Kingdom,Job title: Lead Data Scientist. Short title: Data Scientist. Company: MBN Solutions. Location: United Kingdom. Country: United Kingdom. Schedule: Full-time. Remote status: not remote. Skills: azure; spark; pyspark; git. No degree mention: False. Health insurance mention: False,low_fit,0.6943153625697264,low_fit,not_selected_for_authorization_text,,,,
active_learning_low_margin,HF-91432,Intermountain Healthcare,Data Analyst Technical Senior,"Providence, RI",United States,"Job title: Data Analyst Technical Senior. Short title: Data Analyst. Company: Intermountain Healthcare. Location: Providence, RI. Country: United States. Schedule: Full-time. Remote status: not remote. Skills: sql; cognos; tableau; word; spreadsheet. No degree mention: False. Health insurance mention: True",low_fit,0.6959593620559091,low_fit,not_selected_for_authorization_text,,,,
active_learning_low_margin,HF-419201,AstraZeneca,"Senior Scientist, Data Scientist","Barcelona, Spain",Spain,"Job title: Senior Scientist, Data Scientist. Short title: Data Scientist. Company: AstraZeneca. Location: Barcelona, Spain. Country: Spain. Schedule: Full-time. Remote status: not remote. Skills: python; aws; github; docker; jira. No degree mention: False. Health insurance mention: False",low_fit,0.6992464021448218,low_fit,not_selected_for_authorization_text,,,,
active_learning_low_margin,HF-601796,Reyes Holdings,Remote Senior Data Analyst,"San Francisco, CA",United States,"Job title: Remote Senior Data Analyst. Short title: Data Analyst. Company: Reyes Holdings. Location: San Francisco, CA. Country: United States. Schedule: Full-time. Remote status: not remote. Skills: sql; sql server; snowflake; power bi; dax; excel; outlook. No degree mention: False. Health insurance mention: False",low_fit,0.699864689170209,low_fit,not_selected_for_authorization_text,,,,
active_learning_low_margin,HF-309100,RTI International,Data Manager/Analyst,"Charlotte, NC",United States,"Job title: Data Manager/Analyst. Short title: Data Analyst. Company: RTI International. Location: Charlotte, NC. Country: United States. Schedule: Full-time. Remote status: not remote. Skills: sas; sas; r; word; outlook; powerpoint; excel. No degree mention: False. Health insurance mention: True",low_fit,0.7047465270389978,low_fit,not_selected_for_authorization_text,,,,
active_learning_low_margin,HF-604281,Breadfast,Senior Growth Analyst,"Cairo, Egypt",Egypt,"Job title: Senior Growth Analyst. Short title: Business Analyst. Company: Breadfast. Location: Cairo, Egypt. Country: Egypt. Schedule: Full-time. Remote status: not remote. Skills: excel. No degree mention: True. Health insurance mention: False",low_fit,0.7086430672128246,low_fit,not_selected_for_authorization_text,,,,
active_learning_low_margin,HF-329045,Manulife Insurance Malaysia,Data Science DevOps Lead,"Caen, France",France,"Job title: Data Science DevOps Lead. Short title: Data Scientist. Company: Manulife Insurance Malaysia. Location: Caen, France. Country: France. Schedule: Full-time. Remote status: not remote. Skills: sql; r; python; postgresql; azure; databricks; aws; airflow; express; fastapi; windows; ubuntu; docker; github; kubernetes; git; jenkins; confluence. No degree mention: True. Health insurance mention: False",low_fit,0.7095765732077806,low_fit,not_selected_for_authorization_text,,,,
active_learning_low_margin,HF-505403,Stanley Field group,Data Engineer (F/H),"Agen, France",France,"Job title: Data Engineer (F/H). Short title: Data Engineer. Company: Stanley Field group. Location: Agen, France. Country: France. Schedule: Full-time. Remote status: not remote. Skills: python; r; scala; sql; aws; gcp; snowflake; kafka; spark; airflow; docker; kubernetes; gitlab; jenkins. No degree mention: False. Health insurance mention: False",low_fit,0.725185246814714,low_fit,not_selected_for_authorization_text,,,,
active_learning_low_margin,HF-510283,Rheem Talent Network,HR Technology Analyst,"Atlanta, GA",United States,"Job title: HR Technology Analyst. Short title: Senior Data Analyst. Company: Rheem Talent Network. Location: Atlanta, GA. Country: United States. Schedule: Full-time. Remote status: not remote. Skills: oracle. No degree mention: False. Health insurance mention: False",low_fit,0.7255755650560374,low_fit,not_selected_for_authorization_text,,,,
active_learning_low_margin,HF-502876,Pfizer,"Data Science Industrialization, Industrialized Assets Product Lead","Mumbai, Maharashtra, India",India,"Job title: Data Science Industrialization, Industrialized Assets Product Lead. Short title: Data Scientist. Company: Pfizer. Location: Mumbai, Maharashtra, India. Country: India. Schedule: Full-time. Remote status: not remote. Skills: python; r; sql; aws; snowflake. No degree mention: False. Health insurance mention: False",low_fit,0.7256917842114988,low_fit,not_selected_for_authorization_text,,,,
active_learning_low_margin,HF-306750,Singapore Food Agency,Scientist/Snr Scientist,Singapore,Singapore,Job title: Scientist/Snr Scientist. Short title: Senior Data Scientist. Company: Singapore Food Agency. Location: Singapore. Country: Singapore. Schedule: Contractor. Remote status: not remote. Skills: r; python; tableau. No degree mention: False. Health insurance mention: False,low_fit,0.7328239615555734,low_fit,not_selected_for_authorization_text,,,,
active_learning_low_margin,HF-768109,Amazon.com Services LLC,"Sr. BI Analyst, Renewed","Austin, TX",United States,"Job title: Sr. BI Analyst, Renewed. Short title: Business Analyst. Company: Amazon.com Services LLC. Location: Austin, TX. Country: United States. Schedule: Full-time. Remote status: not remote. Skills: sql; excel. No degree mention: False. Health insurance mention: False",low_fit,0.7340356936255675,low_fit,not_selected_for_authorization_text,,,,
active_learning_low_margin,HF-251916,Rackspace,"Manager, Data and Analytics - My","Kuala Lumpur, Federal Territory of Kuala Lumpur, Malaysia",Malaysia,"Job title: Manager, Data and Analytics - My. Short title: Business Analyst. Company: Rackspace. Location: Kuala Lumpur, Federal Territory of Kuala Lumpur, Malaysia. Country: Malaysia. Schedule: Full-time. Remote status: not remote. Skills: nosql; sql; sql server; postgresql; mysql; neo4j; cassandra; azure; aws; gcp; hadoop. No degree mention: True. Health insurance mention: False",low_fit,0.7353992481395162,low_fit,not_selected_for_authorization_text,,,,
active_learning_low_margin,HF-368041,"The Edge Partnership, EA Licence No: 16S8131",Lead Data Analyst,Singapore,Singapore,"Job title: Lead Data Analyst. Short title: Data Analyst. Company: The Edge Partnership, EA Licence No: 16S8131. Location: Singapore. Country: Singapore. Schedule: Full-time. Remote status: not remote. Skills: word. No degree mention: False. Health insurance mention: False",low_fit,0.7400679908952332,low_fit,not_selected_for_authorization_text,,,,
active_learning_low_margin,HF-361788,State Street,Assistant Manager -Technology Risk Analyst,"Hyderabad, Telangana, India",India,"Job title: Assistant Manager -Technology Risk Analyst. Short title: Data Analyst. Company: State Street. Location: Hyderabad, Telangana, India. Country: India. Schedule: Full-time. Remote status: not remote. Skills: r; python; sql; power bi; tableau; excel; sharepoint. No degree mention: False. Health insurance mention: False",low_fit,0.7494286130274027,low_fit,not_selected_for_authorization_text,,,,
active_learning_low_margin,HF-645695,Zurich North America,Project Lead & Senior Data Analytics Consultant,"Schaumburg, IL",United States,"Job title: Project Lead & Senior Data Analytics Consultant. Short title: Senior Data Analyst. Company: Zurich North America. Location: Schaumburg, IL. Country: United States. Schedule: Full-time. Remote status: not remote. Skills: go. No degree mention: False. Health insurance mention: True",low_fit,0.7534692305624833,low_fit,not_selected_for_authorization_text,,,,
active_learning_low_margin,HF-722848,Kemper,"Manager, Assurance & Advisory Services - Data Analytics",Illinois,United States,"Job title: Manager, Assurance & Advisory Services - Data Analytics. Short title: Data Analyst. Company: Kemper. Location: Illinois. Country: United States. Schedule: Full-time. Remote status: not remote. Skills: sql; python; snowflake; tableau; power bi; alteryx. No degree mention: False. Health insurance mention: True",low_fit,0.7571085171839526,low_fit,not_selected_for_authorization_text,,,,
active_learning_low_margin,HF-306642,SeatGeek,Software Engineer Software Engineering Remote,Denmark,Denmark,Job title: Software Engineer Software Engineering Remote. Short title: Software Engineer. Company: SeatGeek. Location: Denmark. Country: Denmark. Schedule: Full-time. Remote status: not remote. Skills: go. No degree mention: True. Health insurance mention: False,low_fit,0.759325600201652,low_fit,not_selected_for_authorization_text,,,,
active_learning_low_margin,HF-523464,Severn Trent,Senior Data Analyst,"Birmingham, UK",United Kingdom,"Job title: Senior Data Analyst. Short title: Senior Data Analyst. Company: Severn Trent. Location: Birmingham, UK. Country: United Kingdom. Schedule: Full-time. Remote status: not remote. Skills: word. No degree mention: True. Health insurance mention: False",low_fit,0.7615590382231842,low_fit,not_selected_for_authorization_text,,,,
active_learning_low_margin,HF-763008,TechBiz Global GmbH,Head of Web Analytics Department,Canada,Canada,Job title: Head of Web Analytics Department. Short title: Senior Data Scientist. Company: TechBiz Global GmbH. Location: Canada. Country: Canada. Schedule: Full-time. Remote status: not remote. Skills: sql; bigquery; looker. No degree mention: True. Health insurance mention: False,low_fit,0.7633383957238083,low_fit,not_selected_for_authorization_text,,,,
active_learning_low_margin,HF-179338,Trustpilot,VP of Data Science and Experimentation,"Copenhagen, Denmark",Denmark,"Job title: VP of Data Science and Experimentation. Short title: Senior Data Scientist. Company: Trustpilot. Location: Copenhagen, Denmark. Country: Denmark. Schedule: Full-time. Remote status: not remote. Skills: python; r; sql; scala; go; aws; gcp. No degree mention: False. Health insurance mention: False",low_fit,0.7641669432293597,low_fit,not_selected_for_authorization_text,,,,
active_learning_low_margin,HF-642057,Aptiv,Data Anaytics Engineer,Mexico,Mexico,Job title: Data Anaytics Engineer. Short title: Data Engineer. Company: Aptiv. Location: Mexico. Country: Mexico. Schedule: Full-time. Remote status: not remote. Skills: python; sql; matlab; pandas; numpy; matplotlib; scikit-learn; pyspark; linux; qlik; tableau; power bi; git. No degree mention: False. Health insurance mention: False,low_fit,0.7652855459527923,low_fit,not_selected_for_authorization_text,,,,
active_learning_low_margin,HF-406426,Northrop Grumman,Data Scientist / Principal Data Scientist,"Palmdale, CA",United States,"Job title: Data Scientist / Principal Data Scientist. Short title: Data Scientist. Company: Northrop Grumman. Location: Palmdale, CA. Country: United States. Schedule: Full-time. Remote status: not remote. Skills: javascript; python; sql; sql server; dynamodb; aws; azure; numpy; pandas; matplotlib; scikit-learn; tensorflow; pytorch; plotly; tableau. No degree mention: False. Health insurance mention: True",low_fit,0.7669209330682383,low_fit,not_selected_for_authorization_text,,,,
active_learning_low_margin,HF-21591,Nestle Operational Services Worldwide SA,Digital Data Engineer,Mexico,Mexico,Job title: Digital Data Engineer. Short title: Data Engineer. Company: Nestle Operational Services Worldwide SA. Location: Mexico. Country: Mexico. Schedule: Full-time. Remote status: not remote. Skills: sql; python; r; shell; java; azure; spark; unix; excel; word; powerpoint. No degree mention: True. Health insurance mention: False,low_fit,0.7735985518731823,low_fit,not_selected_for_authorization_text,,,,
active_learning_low_margin,HF-286364,Teradata,Sr Business Process Analyst,Mexico,Mexico,Job title: Sr Business Process Analyst. Short title: Business Analyst. Company: Teradata. Location: Mexico. Country: Mexico. Schedule: Full-time. Remote status: not remote. Skills: flow. No degree mention: False. Health insurance mention: False,low_fit,0.7760978868296122,low_fit,not_selected_for_authorization_text,,,,
active_learning_low_margin,HF-84544,Motional,"Senior Software Engineer, Data Science","Venice, Metropolitan City of Venice, Italy",Italy,"Job title: Senior Software Engineer, Data Science. Short title: Senior Data Scientist. Company: Motional. Location: Venice, Metropolitan City of Venice, Italy. Country: Italy. Schedule: Full-time. Remote status: not remote. Skills: python. No degree mention: False. Health insurance mention: False",low_fit,0.7830762427705538,low_fit,not_selected_for_authorization_text,,,,
active_learning_low_margin,HF-227983,Wenger & Watson Inc,Sr Data Scientist,"New Delhi, Delhi, India",India,"Job title: Sr Data Scientist. Short title: Data Scientist. Company: Wenger & Watson Inc. Location: New Delhi, Delhi, India. Country: India. Schedule: Full-time. Remote status: not remote. Skills: python; sql; r; sql server; azure; aws; numpy; pandas; scikit-learn; jupyter; spark; nltk; tableau. No degree mention: False. Health insurance mention: False",low_fit,0.7871234513148252,low_fit,not_selected_for_authorization_text,,,,
active_learning_low_margin,HF-14179,Workforce Australia for Individuals,Manager Data Analytics and AI/Data Scientist,"Perth WA, Australia",Australia,"Job title: Manager Data Analytics and AI/Data Scientist. Short title: Data Scientist. Company: Workforce Australia for Individuals. Location: Perth WA, Australia. Country: Australia. Schedule: Full-time. Remote status: not remote. Skills: outlook. No degree mention: False. Health insurance mention: False",low_fit,0.7893281921118418,low_fit,not_selected_for_authorization_text,,,,
active_learning_low_margin,HF-640945,Aston Carter,Data Analyst Project Manager,"Santa Clara, CA",United States,"Job title: Data Analyst Project Manager. Short title: Data Analyst. Company: Aston Carter. Location: Santa Clara, CA. Country: United States. Schedule: Full-time. Remote status: not remote. Skills: jira. No degree mention: False. Health insurance mention: False",low_fit,0.7934743304769551,low_fit,not_selected_for_authorization_text,,,,
active_learning_low_margin,HF-80824,Intermountain Healthcare,Data Analyst Technical Senior,"Madison, WI",United States,"Job title: Data Analyst Technical Senior. Short title: Data Analyst. Company: Intermountain Healthcare. Location: Madison, WI. Country: United States. Schedule: Full-time. Remote status: not remote. Skills: sql; cognos; tableau; word; spreadsheet. No degree mention: False. Health insurance mention: True",low_fit,0.7936296267253732,low_fit,not_selected_for_authorization_text,,,,
active_learning_low_margin,HF-583035,Nord Security,Senior Site Reliability  Engineer,"Vilnius, Vilnius City Municipality, Lithuania",Lithuania,"Job title: Senior Site Reliability  Engineer. Short title: Business Analyst. Company: Nord Security. Location: Vilnius, Vilnius City Municipality, Lithuania. Country: Lithuania. Schedule: Full-time. Remote status: not remote. Skills: python; linux; ansible. No degree mention: True. Health insurance mention: False",low_fit,0.7952598999485456,low_fit,not_selected_for_authorization_text,,,,
active_learning_low_margin,HF-466165,Patreon,"Senior Data Scientist, Creator Growth",,United States,"Job title: Senior Data Scientist, Creator Growth. Short title: Senior Data Scientist. Company: Patreon. Location: . Country: United States. Schedule: Full-time. Remote status: not remote. Skills: sql; python; r. No degree mention: False. Health insurance mention: True",low_fit,0.7969709563554758,unclear,not_selected_for_authorization_text,,,,
active_learning_low_margin,HF-583299,BridgingIT GmbH,Data Scientist & Machine Learning Engineer (w|m|d),"Frankfurt, Germany   (+2 others)",Germany,"Job title: Data Scientist & Machine Learning Engineer (w|m|d). Short title: Machine Learning Engineer. Company: BridgingIT GmbH. Location: Frankfurt, Germany   (+2 others). Country: Germany. Schedule: Full-time and Part-time. Remote status: not remote. Skills: python; r; sql; scala; azure; aws; tensorflow; pytorch; keras; spark. No degree mention: False. Health insurance mention: False",low_fit,0.7978333849921617,low_fit,not_selected_for_authorization_text,,,,
active_learning_low_margin,HF-159700,Lansweeper NV,Vacancy Available For Senior Data Scientist,"Centallo, Province of Cuneo, Italy",Italy,"Job title: Vacancy Available For Senior Data Scientist. Short title: Data Scientist. Company: Lansweeper NV. Location: Centallo, Province of Cuneo, Italy. Country: Italy. Schedule: Full-time. Remote status: not remote. Skills: python; r; java; scala; sql; aws; hadoop; spark; tableau; power bi; yarn. No degree mention: False. Health insurance mention: False",low_fit,0.7999167748156765,low_fit,not_selected_for_authorization_text,,,,
active_learning_low_margin,HF-206293,VBeyond Corporation,"""Data Engineer""",,United States,"Job title: ""Data Engineer"". Short title: Data Engineer. Company: VBeyond Corporation. Location: . Country: United States. Schedule: Full-time. Remote status: not remote. Skills: sql; python; postgresql; dynamodb; aws; aurora; redshift; kafka. No degree mention: False. Health insurance mention: False",low_fit,0.8013048410217087,unclear,not_selected_for_authorization_text,,,,
active_learning_low_margin,HF-759348,Digital Penang,Data Analytics Engineer,"Kuala Lumpur, Federal Territory of Kuala Lumpur, Malaysia",Malaysia,"Job title: Data Analytics Engineer. Short title: Data Engineer. Company: Digital Penang. Location: Kuala Lumpur, Federal Territory of Kuala Lumpur, Malaysia. Country: Malaysia. Schedule: Full-time. Remote status: not remote. Skills: python; r; sql; aws; azure; tableau; power bi. No degree mention: False. Health insurance mention: False",low_fit,0.8230725864383844,low_fit,not_selected_for_authorization_text,,,,
active_learning_low_margin,HF-299663,KPMG Jamaica (JESS),"Manager, Financial Data Analysis (K-JESS)","Kingston, Jamaica",Jamaica,"Job title: Manager, Financial Data Analysis (K-JESS). Short title: Data Analyst. Company: KPMG Jamaica (JESS). Location: Kingston, Jamaica. Country: Jamaica. Schedule: Full-time. Remote status: not remote. Skills: sheets; flow. No degree mention: False. Health insurance mention: False",low_fit,0.8275760525860909,low_fit,not_selected_for_authorization_text,,,,
active_learning_low_margin,HF-555660,United States Gold Bureau,Lead Demand Data Analyst,"Leander, TX",United States,"Job title: Lead Demand Data Analyst. Short title: Data Analyst. Company: United States Gold Bureau. Location: Leander, TX. Country: United States. Schedule: Full-time. Remote status: not remote. Skills: sql; excel; tableau. No degree mention: False. Health insurance mention: True",low_fit,0.8306631212942266,low_fit,not_selected_for_authorization_text,,,,
active_learning_low_margin,HF-575131,Prosperity Recruitment,Senior Data Analyst - Digital,"Dublin, Ireland",Ireland,"Job title: Senior Data Analyst - Digital. Short title: Senior Data Analyst. Company: Prosperity Recruitment. Location: Dublin, Ireland. Country: Ireland. Schedule: Part-time. Remote status: not remote. Skills: qlik; cognos. No degree mention: False. Health insurance mention: False",low_fit,0.8401644321703182,low_fit,not_selected_for_authorization_text,,,,
active_learning_low_margin,HF-615606,Adform,IT Systems Engineer (Data Centers),"Vilnius, Vilnius city municipality, Lithuania",Lithuania,"Job title: IT Systems Engineer (Data Centers). Short title: Data Engineer. Company: Adform. Location: Vilnius, Vilnius city municipality, Lithuania. Country: Lithuania. Schedule: Full-time. Remote status: not remote. Skills: openstack; linux; windows; ansible; puppet; terraform; kubernetes; flow. No degree mention: False. Health insurance mention: False",low_fit,0.8486274325370757,low_fit,not_selected_for_authorization_text,,,,
active_learning_low_margin,HF-261660,Entrego,Senior Data Engineer,"Taguig, Metro Manila, Philippines",Philippines,"Job title: Senior Data Engineer. Short title: Senior Data Engineer. Company: Entrego. Location: Taguig, Metro Manila, Philippines. Country: Philippines. Schedule: . Remote status: not remote. Skills: sql; python; bigquery; aws; redshift; hadoop; spark; airflow; express; git. No degree mention: False. Health insurance mention: False",low_fit,0.8510488852599716,unclear,not_selected_for_authorization_text,,,,
active_learning_low_margin,HF-451521,Vodafone,Data and Analytics Transformation Lead vois,Egypt,Egypt,Job title: Data and Analytics Transformation Lead vois. Short title: Data Scientist. Company: Vodafone. Location: Egypt. Country: Egypt. Schedule: Full-time. Remote status: not remote. Skills: sql; gcp. No degree mention: False. Health insurance mention: False,low_fit,0.8618558713532635,low_fit,not_selected_for_authorization_text,,,,
active_learning_low_margin,HF-196138,Getty Images,"Principal Data Scientist, Search and Personalization (14498)",Anywhere,Canada,"Job title: Principal Data Scientist, Search and Personalization (14498). Short title: Data Scientist. Company: Getty Images. Location: Anywhere. Country: Canada. Schedule: Full-time. Remote status: remote. Skills: python; sql; scikit-learn; numpy; pandas; tensorflow; spark. No degree mention: False. Health insurance mention: False",low_fit,0.8685710045143603,low_fit,not_selected_for_authorization_text,,,,
active_learning_low_margin,HF-776285,EBC Aus,Network Engineer for Data Level 3 Support,"Perth WA, Australia",Australia,"Job title: Network Engineer for Data Level 3 Support. Short title: Data Engineer. Company: EBC Aus. Location: Perth WA, Australia. Country: Australia. Schedule: Full-time. Remote status: not remote. Skills: word; visio. No degree mention: True. Health insurance mention: False",low_fit,0.8705217627085452,low_fit,not_selected_for_authorization_text,,,,
active_learning_low_margin,HF-415576,ST Engineering Group,Senior/ Engineer,Singapore,Singapore,Job title: Senior/ Engineer. Short title: Senior Data Scientist. Company: ST Engineering Group. Location: Singapore. Country: Singapore. Schedule: Contractor. Remote status: not remote. Skills: windows; unix. No degree mention: False. Health insurance mention: False,low_fit,0.8711272232992189,low_fit,not_selected_for_authorization_text,,,,
active_learning_low_margin,HF-351573,CGI France,Data Engineer (H/F),"Clermont-Ferrand, France",France,"Job title: Data Engineer (H/F). Short title: Data Engineer. Company: CGI France. Location: Clermont-Ferrand, France. Country: France. Schedule: Full-time. Remote status: not remote. Skills: sql; python; scala; r; databricks; azure; snowflake; oracle; spark; kafka; microstrategy; cognos; tableau. No degree mention: False. Health insurance mention: False",low_fit,0.8743369637466696,low_fit,not_selected_for_authorization_text,,,,
active_learning_low_margin,HF-320482,Batenburg Magion,Production Intelligence Engineer,"The Hague, Netherlands",Netherlands,"Job title: Production Intelligence Engineer. Short title: Machine Learning Engineer. Company: Batenburg Magion. Location: The Hague, Netherlands. Country: Netherlands. Schedule: Full-time and Temp work. Remote status: not remote. Skills: shell. No degree mention: False. Health insurance mention: False",low_fit,0.8772511479612428,low_fit,not_selected_for_authorization_text,,,,
active_learning_low_margin,HF-727844,ERSG Ltd,Data Engineer,"Paisley, United Kingdom",United Kingdom,"Job title: Data Engineer. Short title: Data Engineer. Company: ERSG Ltd. Location: Paisley, United Kingdom. Country: United Kingdom. Schedule: Full-time. Remote status: not remote. Skills: sharepoint. No degree mention: True. Health insurance mention: False",low_fit,0.880154609773815,low_fit,not_selected_for_authorization_text,,,,
active_learning_low_margin,HF-724463,Scribd,"Senior Director, Analytics and Business Strategy",Anywhere,Canada,"Job title: Senior Director, Analytics and Business Strategy. Short title: Business Analyst. Company: Scribd. Location: Anywhere. Country: Canada. Schedule: Full-time. Remote status: remote. Skills: excel. No degree mention: False. Health insurance mention: False",low_fit,0.8820209310249564,low_fit,not_selected_for_authorization_text,,,,
active_learning_low_margin,HF-460250,US Tech Solutions,Senior Data Analyst,"McLean, VA",United States,"Job title: Senior Data Analyst. Short title: Senior Data Analyst. Company: US Tech Solutions. Location: McLean, VA. Country: United States. Schedule: Full-time. Remote status: not remote. Skills: nosql; mongodb; mongodb. No degree mention: True. Health insurance mention: False",low_fit,0.8841441394497388,low_fit,not_selected_for_authorization_text,,,,
active_learning_low_margin,HF-760186,IBM,Principal Data Scientist,"Washington, DC",United States,"Job title: Principal Data Scientist. Short title: Data Scientist. Company: IBM. Location: Washington, DC. Country: United States. Schedule: Full-time and Part-time. Remote status: not remote. Skills: azure; ibm cloud; tensorflow; pytorch; jira. No degree mention: False. Health insurance mention: True",low_fit,0.8884870992351039,low_fit,not_selected_for_authorization_text,,,,
active_learning_low_margin,HF-226531,Emonics LLC,MongoDB Data Modeler / Analytics Data science and IOT Lead,United States,Sudan,Job title: MongoDB Data Modeler / Analytics Data science and IOT Lead. Short title: Data Scientist. Company: Emonics LLC. Location: United States. Country: Sudan. Schedule: Full-time. Remote status: not remote. Skills: mongodb; mongodb; nosql; aws. No degree mention: True. Health insurance mention: False,low_fit,0.8971153072948762,low_fit,not_selected_for_authorization_text,,,,
active_learning_low_margin,HF-489180,Pfizer,Manager-Clinical Data Scientist,"Chennai, Tamil Nadu, India",India,"Job title: Manager-Clinical Data Scientist. Short title: Data Scientist. Company: Pfizer. Location: Chennai, Tamil Nadu, India. Country: India. Schedule: Full-time. Remote status: not remote. Skills: windows. No degree mention: False. Health insurance mention: False",low_fit,0.9117517390179152,low_fit,not_selected_for_authorization_text,,,,
active_learning_low_margin,HF-767546,Microsoft,Principal Data Scientist,Anywhere,Sudan,Job title: Principal Data Scientist. Short title: Data Scientist. Company: Microsoft. Location: Anywhere. Country: Sudan. Schedule: Full-time. Remote status: remote. Skills: r; python; julia; sql; azure; databricks; matplotlib; plotly; tensorflow; pytorch; hadoop; power bi; tableau; github. No degree mention: False. Health insurance mention: True,low_fit,0.9117943732820565,low_fit,not_selected_for_authorization_text,,,,
active_learning_low_margin,HF-95370,"TaxAct, Inc.",Senior Business Intelligence Analyst,"Dallas, TX",United States,"Job title: Senior Business Intelligence Analyst. Short title: Business Analyst. Company: TaxAct, Inc.. Location: Dallas, TX. Country: United States. Schedule: Full-time. Remote status: not remote. Skills: sql; r; sas; sas; bigquery; tableau; excel; spss. No degree mention: False. Health insurance mention: False",low_fit,0.9189234297287401,low_fit,not_selected_for_authorization_text,,,,
active_learning_low_margin,HF-725991,Partly,Data Scientist Lead,New Zealand,New Zealand,Job title: Data Scientist Lead. Short title: Data Scientist. Company: Partly. Location: New Zealand. Country: New Zealand. Schedule: Full-time. Remote status: not remote. Skills: notion. No degree mention: False. Health insurance mention: False,low_fit,0.927129636453845,low_fit,not_selected_for_authorization_text,,,,
active_learning_low_margin,HF-757681,CRISIL Limited,Web scraping Engineer,"Halifax, NS, Canada",Canada,"Job title: Web scraping Engineer. Short title: Cloud Engineer. Company: CRISIL Limited. Location: Halifax, NS, Canada. Country: Canada. Schedule: Full-time. Remote status: not remote. Skills: python; sql; c#; scala; shell; mongodb; mongodb; mysql; sql server; postgresql; snowflake; azure; aws; gcp; databricks; pandas; pyspark; spark; airflow; excel; docker; kubernetes; jenkins; git. No degree mention: False. Health insurance mention: False",low_fit,0.9293641352907043,low_fit,not_selected_for_authorization_text,,,,
active_learning_low_margin,HF-434617,"Global Channel Management, Inc.",Senior Data Science Analyst,"Pasadena, CA",United States,"Job title: Senior Data Science Analyst. Short title: Senior Data Analyst. Company: Global Channel Management, Inc.. Location: Pasadena, CA. Country: United States. Schedule: Full-time. Remote status: not remote. Skills: r; mysql; digitalocean; hadoop; spark. No degree mention: False. Health insurance mention: False",low_fit,0.9323226699764819,low_fit,not_selected_for_authorization_text,,,,
active_learning_low_margin,HF-769617,REWE Group,(Senior) Data Scientist Analytics (m/w/d),"Cologne, Germany",Germany,"Job title: (Senior) Data Scientist Analytics (m/w/d). Short title: Data Scientist. Company: REWE Group. Location: Cologne, Germany. Country: Germany. Schedule: Full-time. Remote status: not remote. Skills: python; sql; scikit-learn; pandas; matplotlib; jupyter; spark; git; kubernetes. No degree mention: False. Health insurance mention: False",low_fit,0.9352174060416438,low_fit,not_selected_for_authorization_text,,,,
active_learning_low_margin,HF-598350,Servus Credit Union,Machine Learning Engineering Specialist,"Edmonton, AB, Canada",Canada,"Job title: Machine Learning Engineering Specialist. Short title: Machine Learning Engineer. Company: Servus Credit Union. Location: Edmonton, AB, Canada. Country: Canada. Schedule: Full-time. Remote status: not remote. Skills: python; java; r; sql; tensorflow; pytorch; scikit-learn; hadoop; spark; kafka; git; flow. No degree mention: False. Health insurance mention: False",low_fit,0.953069137256185,low_fit,not_selected_for_authorization_text,,,,
active_learning_low_margin,HF-384739,All IT Solutions,​​​​​​​Sr Data Analyst,"Hartford, CT",United States,"Job title: ​​​​​​​Sr Data Analyst. Short title: Data Analyst. Company: All IT Solutions. Location: Hartford, CT. Country: United States. Schedule: Contractor. Remote status: not remote. Skills: go; sql. No degree mention: True. Health insurance mention: False",low_fit,0.960572764082533,unclear,not_selected_for_authorization_text,,,,
active_learning_low_margin,HF-667780,Emprego,Data Analyst Ssr,"Buenos Aires, Argentina",Argentina,"Job title: Data Analyst Ssr. Short title: Senior Data Analyst. Company: Emprego. Location: Buenos Aires, Argentina. Country: Argentina. Schedule: Full-time. Remote status: not remote. Skills: sql; sql server. No degree mention: True. Health insurance mention: False",low_fit,0.9614577749646156,low_fit,not_selected_for_authorization_text,,,,
active_learning_low_margin,HF-560016,Lunar,Head of Data Warehouse,"Copenhagen, Denmark",Denmark,"Job title: Head of Data Warehouse. Short title: Senior Data Scientist. Company: Lunar. Location: Copenhagen, Denmark. Country: Denmark. Schedule: Full-time. Remote status: not remote. Skills: aws; redshift; looker; sheets; git; jenkins. No degree mention: True. Health insurance mention: False",low_fit,0.9620659657968793,low_fit,not_selected_for_authorization_text,,,,
active_learning_low_margin,HF-784599,Shell,Process Data Engineer,"Makati, Metro Manila, Philippines",Philippines,"Job title: Process Data Engineer. Short title: Data Engineer. Company: Shell. Location: Makati, Metro Manila, Philippines. Country: Philippines. Schedule: Full-time. Remote status: not remote. Skills: shell. No degree mention: False. Health insurance mention: False",low_fit,0.9694805126960854,low_fit,not_selected_for_authorization_text,,,,
active_learning_low_margin,HF-579584,UDC digital,QA test engineer,Spain,Spain,Job title: QA test engineer. Short title: Software Engineer. Company: UDC digital. Location: Spain. Country: Spain. Schedule: Full-time. Remote status: not remote. Skills: git; unity; unreal. No degree mention: True. Health insurance mention: False,low_fit,0.9733056609707387,low_fit,not_selected_for_authorization_text,,,,
active_learning_low_margin,HF-589,"VMC Soft Technologies, Inc",Data Engineer,"Salt Lake City, UT",United States,"Job title: Data Engineer. Short title: Data Engineer. Company: VMC Soft Technologies, Inc. Location: Salt Lake City, UT. Country: United States. Schedule: Contractor. Remote status: not remote. Skills: sql; r; python; oracle; snowflake; aws; alteryx; qlik; tableau; cognos; power bi. No degree mention: False. Health insurance mention: False",low_fit,0.9771183531176759,low_fit,not_selected_for_authorization_text,,,,
active_learning_low_margin,HF-196880,Banque Internationale à Luxembourg (BIL),Senior Data Analyst BCBS239 - Data Office (M/F),Luxembourg,Luxembourg,Job title: Senior Data Analyst BCBS239 - Data Office (M/F). Short title: Senior Data Analyst. Company: Banque Internationale à Luxembourg (BIL). Location: Luxembourg. Country: Luxembourg. Schedule: Full-time. Remote status: not remote. Skills: sql; microstrategy; sap; jira. No degree mention: False. Health insurance mention: False,low_fit,0.979117190891875,low_fit,not_selected_for_authorization_text,,,,
active_learning_low_margin,HF-574247,ATRA Informatica,Pessoa Consultora de Data Quality SR,Brazil,Brazil,Job title: Pessoa Consultora de Data Quality SR. Short title: Senior Data Analyst. Company: ATRA Informatica. Location: Brazil. Country: Brazil. Schedule: Full-time. Remote status: not remote. Skills: gcp. No degree mention: False. Health insurance mention: False,low_fit,0.9819927817603307,low_fit,not_selected_for_authorization_text,,,,
active_learning_low_margin,HF-682225,TEC Partners - Technical Recruitment Specialists,Python Data Engineering Role,"Amsterdam, Netherlands",Netherlands,"Job title: Python Data Engineering Role. Short title: Data Engineer. Company: TEC Partners - Technical Recruitment Specialists. Location: Amsterdam, Netherlands. Country: Netherlands. Schedule: Full-time. Remote status: not remote. Skills: python. No degree mention: False. Health insurance mention: False",low_fit,0.9829999628427648,low_fit,not_selected_for_authorization_text,,,,
active_learning_low_margin,HF-468503,Syngenta Group,Data Science Platform Lead,"Madrid, Spain",Spain,"Job title: Data Science Platform Lead. Short title: Data Scientist. Company: Syngenta Group. Location: Madrid, Spain. Country: Spain. Schedule: Full-time. Remote status: not remote. Skills: python; aws; jupyter. No degree mention: False. Health insurance mention: False",low_fit,0.9850617732496698,low_fit,not_selected_for_authorization_text,,,,
active_learning_low_margin,HF-613726,Aidia,Data Science Engineer,"Florence, Metropolitan City of Florence, Italy",Italy,"Job title: Data Science Engineer. Short title: Data Engineer. Company: Aidia. Location: Florence, Metropolitan City of Florence, Italy. Country: Italy. Schedule: Full-time. Remote status: not remote. Skills: python; java; shell; tensorflow; keras; scikit-learn; django; angular.js; linux; windows; svn; git; docker; kubernetes. No degree mention: False. Health insurance mention: False",low_fit,0.9864884141431242,low_fit,not_selected_for_authorization_text,,,,
active_learning_low_margin,HF-547428,It Ridge Technologies,Data Voice Engineer,"Pretoria, South Africa",South Africa,"Job title: Data Voice Engineer. Short title: Data Engineer. Company: It Ridge Technologies. Location: Pretoria, South Africa. Country: South Africa. Schedule: Full-time. Remote status: not remote. Skills: linux; unity; webex. No degree mention: False. Health insurance mention: False",low_fit,0.9865027959588635,low_fit,not_selected_for_authorization_text,,,,
active_learning_low_margin,HF-299956,Kelly,Sr Data Analyst,"Suwanee, GA",United States,"Job title: Sr Data Analyst. Short title: Data Analyst. Company: Kelly. Location: Suwanee, GA. Country: United States. Schedule: Full-time. Remote status: not remote. Skills: t-sql; sql; crystal; go; sql server; power bi; excel; dax. No degree mention: False. Health insurance mention: False",low_fit,0.990437928680224,low_fit,not_selected_for_authorization_text,,,,
active_learning_low_margin,HF-248537,Stanford University,Senior Analyst - People/Workforce Analytics,"Redwood City, CA",United States,"Job title: Senior Analyst - People/Workforce Analytics. Short title: Business Analyst. Company: Stanford University. Location: Redwood City, CA. Country: United States. Schedule: Full-time. Remote status: not remote. Skills: sql; r; python; oracle; tableau; power bi; alteryx. Average yearly salary: 139000.0. No degree mention: False. Health insurance mention: True",low_fit,0.9930153939655879,low_fit,not_selected_for_authorization_text,,,,
active_learning_low_margin,HF-213932,Ubisoft Entertainment,Senior Game Analyst,Sweden,Sweden,Job title: Senior Game Analyst. Short title: Business Analyst. Company: Ubisoft Entertainment. Location: Sweden. Country: Sweden. Schedule: Full-time. Remote status: not remote. Skills: sql; python; gdpr; tableau. No degree mention: True. Health insurance mention: False,low_fit,1.0010143685707786,low_fit,not_selected_for_authorization_text,,,,
active_learning_low_margin,HF-520266,AstraZeneca,Senior Statistician I - Late Oncology,"Macclesfield, UK",United Kingdom,"Job title: Senior Statistician I - Late Oncology. Short title: Senior Data Analyst. Company: AstraZeneca. Location: Macclesfield, UK. Country: United Kingdom. Schedule: Full-time. Remote status: not remote. Skills: sheets. No degree mention: False. Health insurance mention: False",low_fit,1.0098309575073827,low_fit,not_selected_for_authorization_text,,,,
active_learning_low_margin,HF-708335,Frank Recruitment Group Services Ltd,Architect Azure Data,"Paris, France",France,"Job title: Architect Azure Data. Short title: Data Engineer. Company: Frank Recruitment Group Services Ltd. Location: Paris, France. Country: France. Schedule: Contractor. Remote status: not remote. Skills: azure. No degree mention: True. Health insurance mention: False",low_fit,1.0138186066906147,low_fit,not_selected_for_authorization_text,,,,
active_learning_low_margin,HF-360707,Pandion,Network Design Analyst,"Lewisville, TX",United States,"Job title: Network Design Analyst. Short title: Cloud Engineer. Company: Pandion. Location: Lewisville, TX. Country: United States. Schedule: Full-time. Remote status: not remote. Skills: sql; python; excel; tableau. No degree mention: False. Health insurance mention: True",low_fit,1.0142663448662796,low_fit,not_selected_for_authorization_text,,,,
active_learning_low_margin,HF-549321,Mozilla,Senior Staff Data Scientist,Canada,Canada,Job title: Senior Staff Data Scientist. Short title: Data Scientist. Company: Mozilla. Location: Canada. Country: Canada. Schedule: Full-time. Remote status: not remote. Skills: sql; python; r; c. No degree mention: False. Health insurance mention: False,low_fit,1.0146609351087053,low_fit,not_selected_for_authorization_text,,,,
active_learning_low_margin,HF-772475,PwC,Lead Data Scientist,"Paris, France",France,"Job title: Lead Data Scientist. Short title: Data Scientist. Company: PwC. Location: Paris, France. Country: France. Schedule: Full-time. Remote status: not remote. Skills: sql; nosql; r; python; java; javascript; crystal; postgresql; mysql; sql server; db2; oracle; aws; azure; gcp; spring; angular; power bi; tableau; qlik; chef; git; jenkins; gitlab; ansible; docker; kubernetes. No degree mention: False. Health insurance mention: False",low_fit,1.0163995150487968,low_fit,not_selected_for_authorization_text,,,,
active_learning_low_margin,HF-22025,Department for Education,Senior Data Analyst,,United Kingdom,Job title: Senior Data Analyst. Short title: Senior Data Analyst. Company: Department for Education. Location: . Country: United Kingdom. Schedule: Full-time. Remote status: not remote. Skills: sql; bigquery; looker; power bi; word; microsoft teams. No degree mention: False. Health insurance mention: False,low_fit,1.019080469297362,unclear,not_selected_for_authorization_text,,,,
active_learning_low_margin,HF-569977,Women in Data®,"Executive Director - APAC Chief Data Office, Project Management...",Japan,Japan,"Job title: Executive Director - APAC Chief Data Office, Project Management.... Short title: Senior Data Scientist. Company: Women in Data®. Location: Japan. Country: Japan. Schedule: Full-time. Remote status: not remote. Skills: powerpoint; excel. No degree mention: False. Health insurance mention: False",low_fit,1.0198407974153725,low_fit,not_selected_for_authorization_text,,,,
active_learning_low_margin,HF-729161,Talkwalker,Remote Senior Analytics Engineer,Luxembourg,Luxembourg,Job title: Remote Senior Analytics Engineer. Short title: Data Scientist. Company: Talkwalker. Location: Luxembourg. Country: Luxembourg. Schedule: Full-time. Remote status: not remote. Skills: java; nosql; sql; cassandra; elasticsearch. No degree mention: True. Health insurance mention: False,low_fit,1.0212691465278527,low_fit,not_selected_for_authorization_text,,,,
active_learning_low_margin,HF-477202,HUL International,Data Engineer,"Randburg, South Africa",South Africa,"Job title: Data Engineer. Short title: Data Engineer. Company: HUL International. Location: Randburg, South Africa. Country: South Africa. Schedule: Contractor. Remote status: not remote. Skills: ssis. No degree mention: False. Health insurance mention: False",low_fit,1.0236974019586789,low_fit,not_selected_for_authorization_text,,,,
active_learning_low_margin,HF-57169,Experian,Systems and Analytics Specialist Ii,"Heredia Province, Heredia, Costa Rica",Costa Rica,"Job title: Systems and Analytics Specialist Ii. Short title: Software Engineer. Company: Experian. Location: Heredia Province, Heredia, Costa Rica. Country: Costa Rica. Schedule: Full-time. Remote status: not remote. Skills: oracle; gdpr. No degree mention: True. Health insurance mention: False",low_fit,1.0268408727976162,low_fit,not_selected_for_authorization_text,,,,
active_learning_low_margin,HF-271112,Cox Communications,"Senior Technical Analyst, Data Rationalization and Automation","Brookhaven, GA",United States,"Job title: Senior Technical Analyst, Data Rationalization and Automation. Short title: Data Analyst. Company: Cox Communications. Location: Brookhaven, GA. Country: United States. Schedule: Full-time. Remote status: not remote. Skills: word; excel; powerpoint. No degree mention: False. Health insurance mention: True",low_fit,1.0276688765533266,low_fit,not_selected_for_authorization_text,,,,
active_learning_low_margin,HF-632301,Direction - Executive Search,Data Acquisition System Engineer,"Bologna, Metropolitan City of Bologna, Italy",Italy,"Job title: Data Acquisition System Engineer. Short title: Data Engineer. Company: Direction - Executive Search. Location: Bologna, Metropolitan City of Bologna, Italy. Country: Italy. Schedule: Full-time. Remote status: not remote. Skills: gdpr. No degree mention: False. Health insurance mention: False",low_fit,1.0308011810218305,low_fit,not_selected_for_authorization_text,,,,
active_learning_low_margin,HF-689890,"Arena Technical Resources, LLC (ATR)",RF Data Analytics Engineer,Germany,Germany,"Job title: RF Data Analytics Engineer. Short title: Data Engineer. Company: Arena Technical Resources, LLC (ATR). Location: Germany. Country: Germany. Schedule: Full-time. Remote status: not remote. Skills: matlab; python; sql; nosql; r; postgresql; mysql; tensorflow; numpy; scikit-learn; tableau. No degree mention: False. Health insurance mention: False",low_fit,1.0309917865640907,low_fit,not_selected_for_authorization_text,,,,
active_learning_low_margin,HF-480053,Spar Information Systems,Lead Data Analyst (Direct Client),"Schaumburg, IL",United States,"Job title: Lead Data Analyst (Direct Client). Short title: Data Analyst. Company: Spar Information Systems. Location: Schaumburg, IL. Country: United States. Schedule: Contractor. Remote status: not remote. Skills: sql; javascript; sas; sas; excel; spss. No degree mention: False. Health insurance mention: False",low_fit,1.033636834337893,low_fit,not_selected_for_authorization_text,,,,
active_learning_low_margin,HF-376856,ZT Systems,Senior Pricing Data Analyst,"Newfoundland, NJ",United States,"Job title: Senior Pricing Data Analyst. Short title: Data Analyst. Company: ZT Systems. Location: Newfoundland, NJ. Country: United States. Schedule: Full-time. Remote status: not remote. Skills: python; go; pandas; numpy; tableau; excel; git; gitlab; jira. No degree mention: False. Health insurance mention: True",low_fit,1.039118826416781,low_fit,not_selected_for_authorization_text,,,,
active_learning_low_margin,HF-505033,Pella,Sr. Financial Analyst - GM,"Pella, IA",United States,"Job title: Sr. Financial Analyst - GM. Short title: Business Analyst. Company: Pella. Location: Pella, IA. Country: United States. Schedule: Full-time. Remote status: not remote. Skills: oracle; windows; outlook; word; excel. No degree mention: False. Health insurance mention: False",low_fit,1.0538854174108128,low_fit,not_selected_for_authorization_text,,,,
active_learning_low_margin,HF-398973,DNB,Power Bi Specialist Data Technology,"Amsterdam, Netherlands",Netherlands,"Job title: Power Bi Specialist Data Technology. Short title: Data Scientist. Company: DNB. Location: Amsterdam, Netherlands. Country: Netherlands. Schedule: Full-time. Remote status: not remote. Skills: power bi. No degree mention: True. Health insurance mention: False",unclear,0.0008805953681312872,unclear,not_selected_for_authorization_text,,,,
active_learning_low_margin,HF-130551,HopSkipDrive,Marketplace Analyst,Anywhere,Canada,Job title: Marketplace Analyst. Short title: Business Analyst. Company: HopSkipDrive. Location: Anywhere. Country: Canada. Schedule: Full-time. Remote status: remote. Skills: go; excel; sheets; tableau. Average yearly salary: 65000.0. No degree mention: True. Health insurance mention: False,unclear,0.0017954965001036327,medium_fit,not_selected_for_authorization_text,,,,
active_learning_low_margin,HF-456065,vantago,Data Scientist (w/m/d),"Bremen, Germany",Germany,"Job title: Data Scientist (w/m/d). Short title: Data Scientist. Company: vantago. Location: Bremen, Germany. Country: Germany. Schedule: Full-time. Remote status: not remote. Skills: python; java. No degree mention: False. Health insurance mention: False",unclear,0.0018491795666427946,unclear,not_selected_for_authorization_text,,,,
active_learning_low_margin,HF-121283,JADEO FRANCE,Data Analyst H/F (Stage),"Saint-Quentin-Fallavier, France",France,"Job title: Data Analyst H/F (Stage). Short title: Data Analyst. Company: JADEO FRANCE. Location: Saint-Quentin-Fallavier, France. Country: France. Schedule: Internship. Remote status: not remote. Skills: sql. No degree mention: False. Health insurance mention: False",unclear,0.002884943400122575,unclear,not_selected_for_authorization_text,,,,
active_learning_low_margin,HF-244876,Engage Talent Pty Ltd,Data Analyst,Australia,Australia,Job title: Data Analyst. Short title: Data Analyst. Company: Engage Talent Pty Ltd. Location: Australia. Country: Australia. Schedule: Full-time. Remote status: not remote. Skills: sql; vba; excel; sap; flow. No degree mention: True. Health insurance mention: False,unclear,0.0074402756223299615,medium_fit,not_selected_for_authorization_text,,,,
active_learning_low_margin,HF-537418,Esaloni Systems Limited,AI / Data Science Engineer,"Uxbridge, UK",United Kingdom,"Job title: AI / Data Science Engineer. Short title: Data Scientist. Company: Esaloni Systems Limited. Location: Uxbridge, UK. Country: United Kingdom. Schedule: Full-time. Remote status: not remote. Skills: python; sql; javascript; mongodb; mongodb; sql server; cassandra; postgresql; redis; mysql; azure; aws; tensorflow; pytorch. No degree mention: False. Health insurance mention: False",unclear,0.008437634382730264,medium_fit,not_selected_for_authorization_text,,,,
active_learning_low_margin,HF-454742,ITELENCE,Data Analyst,"Rybnik, Poland",Poland,"Job title: Data Analyst. Short title: Data Analyst. Company: ITELENCE. Location: Rybnik, Poland. Country: Poland. Schedule: Full-time. Remote status: not remote. Skills: sql; microstrategy. No degree mention: True. Health insurance mention: False",unclear,0.00855986307913209,unclear,not_selected_for_authorization_text,,,,
active_learning_low_margin,HF-59120,Mattel,Business Analyst,"Milano Marittima, Province of Ravenna, Italy",Italy,"Job title: Business Analyst. Short title: Business Analyst. Company: Mattel. Location: Milano Marittima, Province of Ravenna, Italy. Country: Italy. Schedule: Full-time. Remote status: not remote. Skills: tableau; excel. No degree mention: False. Health insurance mention: False",unclear,0.012954053652182884,medium_fit,not_selected_for_authorization_text,,,,
active_learning_low_margin,HF-742567,Central Bank of Barbados,Chief Statistical and Information Analyst,"Bridgetown, Barbados",Barbados,"Job title: Chief Statistical and Information Analyst. Short title: Data Scientist. Company: Central Bank of Barbados. Location: Bridgetown, Barbados. Country: Barbados. Schedule: Full-time. Remote status: not remote. Skills: sql; word; spreadsheet. No degree mention: False. Health insurance mention: False",unclear,0.01365236645581594,unclear,not_selected_for_authorization_text,,,,
active_learning_low_margin,HF-240619,Remoteco,Love Excel? Junior Data Analyst for Real Estate,Ecuador,Ecuador,Job title: Love Excel? Junior Data Analyst for Real Estate. Short title: Data Analyst. Company: Remoteco. Location: Ecuador. Country: Ecuador. Schedule: Full-time. Remote status: not remote. Skills: excel. No degree mention: True. Health insurance mention: False,unclear,0.013811394684825173,unclear,not_selected_for_authorization_text,,,,
active_learning_low_margin,HF-641494,Robert Walters,"Data Analyst (Alteryx) - MNC, Listing Corp",Hong Kong,Hong Kong,"Job title: Data Analyst (Alteryx) - MNC, Listing Corp. Short title: Data Analyst. Company: Robert Walters. Location: Hong Kong. Country: Hong Kong. Schedule: Full-time. Remote status: not remote. Skills: alteryx; tableau; excel. No degree mention: True. Health insurance mention: False",unclear,0.014620509747716226,medium_fit,not_selected_for_authorization_text,,,,
active_learning_low_margin,HF-665858,Hapag-Lloyd AG,Werkstudent oder Praktikant (m/f/d) Business & Data Analytics...,"Hamburg, Germany",Germany,"Job title: Werkstudent oder Praktikant (m/f/d) Business & Data Analytics.... Short title: Business Analyst. Company: Hapag-Lloyd AG. Location: Hamburg, Germany. Country: Germany. Schedule: Full-time. Remote status: not remote. Skills: tableau; excel. No degree mention: False. Health insurance mention: False",unclear,0.02114216257007573,medium_fit,not_selected_for_authorization_text,,,,
active_learning_low_margin,HF-552435,KPMG,Data Architect,Hong Kong,Hong Kong,Job title: Data Architect. Short title: Data Analyst. Company: KPMG. Location: Hong Kong. Country: Hong Kong. Schedule: Full-time. Remote status: not remote. Skills: sql; sql server; azure; aws; gcp; oracle; kafka. No degree mention: False. Health insurance mention: False,unclear,0.023144932791761802,unclear,not_selected_for_authorization_text,,,,
active_learning_low_margin,HF-107326,Sectech Solutions,Data Scientist,United Kingdom,United Kingdom,Job title: Data Scientist. Short title: Data Scientist. Company: Sectech Solutions. Location: United Kingdom. Country: United Kingdom. Schedule: Contractor. Remote status: not remote. Skills: c#; python; azure. No degree mention: False. Health insurance mention: False,unclear,0.02622968042264673,unclear,not_selected_for_authorization_text,,,,
active_learning_low_margin,HF-409301,Rangam Consultants Inc.,Data Scientist,"North Chicago, IL",United States,"Job title: Data Scientist. Short title: Data Scientist. Company: Rangam Consultants Inc.. Location: North Chicago, IL. Country: United States. Schedule: Contractor. Remote status: not remote. Skills: python; r; java; scala; c++. No degree mention: False. Health insurance mention: False",unclear,0.027320713651846296,medium_fit,not_selected_for_authorization_text,,,,
active_learning_low_margin,HF-122200,Success Arrow,Junior Data Scientist Mentor,"Pune, Maharashtra, India",India,"Job title: Junior Data Scientist Mentor. Short title: Data Scientist. Company: Success Arrow. Location: Pune, Maharashtra, India. Country: India. Schedule: Full-time and Part-time. Remote status: not remote. Skills: python. No degree mention: False. Health insurance mention: False",unclear,0.02785168958878259,unclear,not_selected_for_authorization_text,,,,
active_learning_low_margin,HF-212774,Randstad,jr. data analyst,"Burlington, MA",United States,"Job title: jr. data analyst. Short title: Data Analyst. Company: Randstad. Location: Burlington, MA. Country: United States. Schedule: Contractor. Remote status: not remote. Skills: assembly; excel. No degree mention: True. Health insurance mention: True",unclear,0.03060967376898649,unclear,not_selected_for_authorization_text,,,,
active_learning_low_margin,HF-432949,hire IT people,Data Technology Analyst_ No Sub Contract,"Charlotte, NC",United States,"Job title: Data Technology Analyst_ No Sub Contract. Short title: Data Analyst. Company: hire IT people. Location: Charlotte, NC. Country: United States. Schedule: Contractor. Remote status: not remote. Skills: java; python; cobol; javascript; c#. No degree mention: True. Health insurance mention: False",unclear,0.03255313218893563,unclear,not_selected_for_authorization_text,,,,
active_learning_low_margin,HF-302106,El Comeback,"Compliance Analyst, Remoto","San Juan, Puerto Rico",Puerto Rico,"Job title: Compliance Analyst, Remoto. Short title: Data Scientist. Company: El Comeback. Location: San Juan, Puerto Rico. Country: Puerto Rico. Schedule: Full-time. Remote status: not remote. Skills: outlook; excel; word; sharepoint. No degree mention: False. Health insurance mention: False",unclear,0.03268081521679711,unclear,not_selected_for_authorization_text,,,,
active_learning_low_margin,HF-479237,"FRIENDLY PLUMBER, HEATING & AIR",Data Analyst Intern - Full-time,"Westlake, TX",United States,"Job title: Data Analyst Intern - Full-time. Short title: Data Analyst. Company: FRIENDLY PLUMBER, HEATING & AIR. Location: Westlake, TX. Country: United States. Schedule: Full-time. Remote status: not remote. Skills: tableau. No degree mention: False. Health insurance mention: False",unclear,0.0328624730302631,unclear,not_selected_for_authorization_text,,,,
active_learning_low_margin,HF-273732,CCC Group,Stażysta Data Science,"Wrocław, Poland",Poland,"Job title: Stażysta Data Science. Short title: Data Scientist. Company: CCC Group. Location: Wrocław, Poland. Country: Poland. Schedule: Full-time. Remote status: not remote. Skills: excel. No degree mention: False. Health insurance mention: False",unclear,0.03400050257651155,unclear,not_selected_for_authorization_text,,,,
active_learning_low_margin,HF-27641,TVING (티빙),[티빙] 데이터 사이언티스트 (Data Scientist) 경력채용,"Seoul, South Korea",South Korea,"Job title: [티빙] 데이터 사이언티스트 (Data Scientist) 경력채용. Short title: Data Scientist. Company: TVING (티빙). Location: Seoul, South Korea. Country: South Korea. Schedule: Full-time. Remote status: not remote. Skills: python. No degree mention: False. Health insurance mention: False",unclear,0.0354370405717126,unclear,not_selected_for_authorization_text,,,,
active_learning_low_margin,HF-659237,BNP Paribas,Data Scientist Marketing & Risk Analytics - H/F,France,France,Job title: Data Scientist Marketing & Risk Analytics - H/F. Short title: Data Scientist. Company: BNP Paribas. Location: France. Country: France. Schedule: Full-time. Remote status: not remote. Skills: python. No degree mention: False. Health insurance mention: False,unclear,0.03773996635975485,unclear,not_selected_for_authorization_text,,,,
active_learning_low_margin,HF-550670,ApTask,Data Analyst,"New York, NY",United States,"Job title: Data Analyst. Short title: Data Analyst. Company: ApTask. Location: New York, NY. Country: United States. Schedule: Contractor. Remote status: not remote. Skills: sql; sql server; db2. No degree mention: True. Health insurance mention: False",unclear,0.03846291284031922,unclear,not_selected_for_authorization_text,,,,
active_learning_low_margin,HF-237126,DB Schenker,P&O Data Analyst,"Bucharest, Romania",Romania,"Job title: P&O Data Analyst. Short title: Data Analyst. Company: DB Schenker. Location: Bucharest, Romania. Country: Romania. Schedule: Full-time. Remote status: not remote. Skills: cognos; power bi. No degree mention: True. Health insurance mention: False",unclear,0.039046682728548415,unclear,not_selected_for_authorization_text,,,,
active_learning_low_margin,HF-446264,Seven Hills Technology inc,Data Modeler,"Atlanta, GA",United States,"Job title: Data Modeler. Short title: Data Scientist. Company: Seven Hills Technology inc. Location: Atlanta, GA. Country: United States. Schedule: Full-time and Contractor. Remote status: not remote. Skills: nosql; sql; aws; redshift. No degree mention: True. Health insurance mention: False",unclear,0.04408726459452095,medium_fit,not_selected_for_authorization_text,,,,
active_learning_low_margin,HF-746944,Arthur J. Gallagher,Senior Data Engineer,"Rolling Meadows, IL",United States,"Job title: Senior Data Engineer. Short title: Senior Data Engineer. Company: Arthur J. Gallagher. Location: Rolling Meadows, IL. Country: United States. Schedule: Full-time. Remote status: not remote. Skills: . No degree mention: False. Health insurance mention: False",unclear,0.04476986497865318,unclear,not_selected_for_authorization_text,,,,
active_learning_low_margin,HF-385797,AI Technologies LLC.,data scientist,"Dallas, TX",United States,"Job title: data scientist. Short title: Data Scientist. Company: AI Technologies LLC.. Location: Dallas, TX. Country: United States. Schedule: . Remote status: not remote. Skills: sql; sas; sas; r; python; nosql; pyspark; spark; excel; powerpoint; word. No degree mention: False. Health insurance mention: False",unclear,0.04508079830394984,unclear,not_selected_for_authorization_text,,,,
active_learning_low_margin,HF-244679,The Foschini Group,Forensics Analyst (Data Analyst) at The Foschini Group,South Africa,South Africa,Job title: Forensics Analyst (Data Analyst) at The Foschini Group. Short title: Data Analyst. Company: The Foschini Group. Location: South Africa. Country: South Africa. Schedule: Full-time. Remote status: not remote. Skills: sql; outlook; excel. No degree mention: False. Health insurance mention: False,unclear,0.047386623235102926,medium_fit,not_selected_for_authorization_text,,,,
active_learning_low_margin,HF-251475,Enthuzex,Business Intelligence Developer,South Africa,South Africa,Job title: Business Intelligence Developer. Short title: Data Scientist. Company: Enthuzex. Location: South Africa. Country: South Africa. Schedule: Contractor. Remote status: not remote. Skills: azure; power bi; dax; sap. No degree mention: True. Health insurance mention: False,unclear,0.047430859340403836,unclear,not_selected_for_authorization_text,,,,
active_learning_low_margin,HF-377405,BNY Mellon,Research Analyst,"San Francisco, CA",United States,"Job title: Research Analyst. Short title: Data Scientist. Company: BNY Mellon. Location: San Francisco, CA. Country: United States. Schedule: Full-time. Remote status: not remote. Skills: matlab; python; r; gitlab. No degree mention: False. Health insurance mention: False",unclear,0.049008080904010765,medium_fit,not_selected_for_authorization_text,,,,
active_learning_low_margin,HF-361631,RESENI RESEARCH,Data Analyst,"Accra, Ghana",Ghana,"Job title: Data Analyst. Short title: Data Analyst. Company: RESENI RESEARCH. Location: Accra, Ghana. Country: Ghana. Schedule: Contractor. Remote status: not remote. Skills: r; spss; word. No degree mention: False. Health insurance mention: False",unclear,0.05324495843433097,medium_fit,not_selected_for_authorization_text,,,,
active_learning_low_margin,HF-729338,Hamilton Barnes Associates Limited,Database Engineer,"Brussels, Belgium",Belgium,"Job title: Database Engineer. Short title: Data Scientist. Company: Hamilton Barnes Associates Limited. Location: Brussels, Belgium. Country: Belgium. Schedule: Full-time. Remote status: not remote. Skills: sql; mongodb; mongodb; python; java; c#; sql server; redis; cassandra; linux; windows. No degree mention: True. Health insurance mention: False",unclear,0.0539149945478119,medium_fit,not_selected_for_authorization_text,,,,
active_learning_low_margin,HF-475481,UNBLND,Data Scientist,Belgium,Belgium,Job title: Data Scientist. Short title: Data Scientist. Company: UNBLND. Location: Belgium. Country: Belgium. Schedule: Full-time. Remote status: not remote. Skills: python. No degree mention: False. Health insurance mention: False,unclear,0.054816957139601774,unclear,not_selected_for_authorization_text,,,,
active_learning_low_margin,HF-27128,Capgemini Guatemala,Data Analytics Specialist Associate,"Guatemala City, Guatemala",Guatemala,"Job title: Data Analytics Specialist Associate. Short title: Data Analyst. Company: Capgemini Guatemala. Location: Guatemala City, Guatemala. Country: Guatemala. Schedule: Full-time. Remote status: not remote. Skills: vba; power bi; excel. No degree mention: True. Health insurance mention: False",unclear,0.05557167272996996,medium_fit,not_selected_for_authorization_text,,,,
active_learning_low_margin,HF-91628,Al Futtaim Group,Parts Analyst,Sri Lanka,Sri Lanka,Job title: Parts Analyst. Short title: Data Scientist. Company: Al Futtaim Group. Location: Sri Lanka. Country: Sri Lanka. Schedule: Full-time. Remote status: not remote. Skills: sap; excel. No degree mention: False. Health insurance mention: False,unclear,0.0638443129432279,unclear,not_selected_for_authorization_text,,,,
active_learning_low_margin,HF-780576,Primary Talent Partners,Data Analyst,"St. Louis, MO",United States,"Job title: Data Analyst. Short title: Data Analyst. Company: Primary Talent Partners. Location: St. Louis, MO. Country: United States. Schedule: Contractor. Remote status: not remote. Skills: sql; gcp; flow. No degree mention: True. Health insurance mention: False",unclear,0.06809805317620277,unclear,not_selected_for_authorization_text,,,,
active_learning_low_margin,HF-531478,Dirección Humana y Asociados S.C,DATA SCIENCE,Mexico,Mexico,Job title: DATA SCIENCE. Short title: Data Scientist. Company: Dirección Humana y Asociados S.C. Location: Mexico. Country: Mexico. Schedule: Full-time. Remote status: not remote. Skills: excel. No degree mention: False. Health insurance mention: False,unclear,0.06823291780077367,unclear,not_selected_for_authorization_text,,,,
active_learning_low_margin,HF-401687,Novocure Inc,Data Scientist Intern - Now Hiring,"Portsmouth, NH",United States,"Job title: Data Scientist Intern - Now Hiring. Short title: Data Scientist. Company: Novocure Inc. Location: Portsmouth, NH. Country: United States. Schedule: Full-time. Remote status: not remote. Skills: r; python; gdpr. No degree mention: False. Health insurance mention: False",unclear,0.06908650403585503,medium_fit,not_selected_for_authorization_text,,,,
active_learning_low_margin,HF-35579,Haleon,Senior Data Scientist Manager - Philippines & Indonesia,"Manila, Metro Manila, Philippines",Philippines,"Job title: Senior Data Scientist Manager - Philippines & Indonesia. Short title: Senior Data Scientist. Company: Haleon. Location: Manila, Metro Manila, Philippines. Country: Philippines. Schedule: . Remote status: not remote. Skills: sql; sas; sas; excel; powerpoint; tableau. No degree mention: False. Health insurance mention: False",unclear,0.06916187786447647,unclear,not_selected_for_authorization_text,,,,
active_learning_low_margin,HF-740653,Blockchain.com,Compliance Data and Business (IT) Analyst,Anywhere,Lithuania,Job title: Compliance Data and Business (IT) Analyst. Short title: Business Analyst. Company: Blockchain.com. Location: Anywhere. Country: Lithuania. Schedule: Full-time. Remote status: remote. Skills: sql; gdpr; excel. No degree mention: False. Health insurance mention: False,unclear,0.06919628516940615,medium_fit,not_selected_for_authorization_text,,,,
active_learning_low_margin,HF-98035,OCBC (Singapore),"Project System Analyst, Group Portfolio Analytics",Singapore,Singapore,"Job title: Project System Analyst, Group Portfolio Analytics. Short title: Data Scientist. Company: OCBC (Singapore). Location: Singapore. Country: Singapore. Schedule: Full-time. Remote status: not remote. Skills: excel. No degree mention: True. Health insurance mention: False",unclear,0.0693825043751739,unclear,not_selected_for_authorization_text,,,,
active_learning_low_margin,HF-239964,Nuyew Tech Academy,Trainee Data Analyst,"Edinburgh, UK",United Kingdom,"Job title: Trainee Data Analyst. Short title: Data Analyst. Company: Nuyew Tech Academy. Location: Edinburgh, UK. Country: United Kingdom. Schedule: Full-time. Remote status: not remote. Skills: power bi. No degree mention: True. Health insurance mention: False",unclear,0.06943818350335823,unclear,not_selected_for_authorization_text,,,,
active_learning_low_margin,HF-36093,Worldpanel by Kantar,Senior Data Scientist,"London, UK",United Kingdom,"Job title: Senior Data Scientist. Short title: Senior Data Scientist. Company: Worldpanel by Kantar. Location: London, UK. Country: United Kingdom. Schedule: Full-time. Remote status: not remote. Skills: r; go. No degree mention: False. Health insurance mention: False",unclear,0.07018705028034466,low_fit,not_selected_for_authorization_text,,,,
active_learning_low_margin,HF-665007,Florida Crystals Corporation,Data Governance Analyst,"West Palm Beach, FL",United States,"Job title: Data Governance Analyst. Short title: Data Analyst. Company: Florida Crystals Corporation. Location: West Palm Beach, FL. Country: United States. Schedule: Full-time. Remote status: not remote. Skills: sap; word; excel; outlook. No degree mention: False. Health insurance mention: False",unclear,0.07043725418984328,unclear,not_selected_for_authorization_text,,,,
active_learning_low_margin,HF-124918,Northeastern University,Open Rank Professor of Large Scale Observational Data Science,"Boston, MA",United States,"Job title: Open Rank Professor of Large Scale Observational Data Science. Short title: Data Scientist. Company: Northeastern University. Location: Boston, MA. Country: United States. Schedule: Full-time. Remote status: not remote. Skills: r; python; terminal. No degree mention: False. Health insurance mention: False",unclear,0.07178464388002992,medium_fit,not_selected_for_authorization_text,,,,
active_learning_low_margin,HF-623099,Brex,Enterprise Risk Analytics Analyst (Remote),Anywhere,Brazil,Job title: Enterprise Risk Analytics Analyst (Remote). Short title: Data Scientist. Company: Brex. Location: Anywhere. Country: Brazil. Schedule: Full-time. Remote status: remote. Skills: sql; wire. No degree mention: False. Health insurance mention: False,unclear,0.08301023022857063,unclear,not_selected_for_authorization_text,,,,
active_learning_low_margin,HF-398954,ALTA IT Services,Data Scientist - Secret Clearance Remote / Telecommute Jobs,Anywhere,United States,Job title: Data Scientist - Secret Clearance Remote / Telecommute Jobs. Short title: Data Scientist. Company: ALTA IT Services. Location: Anywhere. Country: United States. Schedule: Full-time. Remote status: remote. Skills: sql; java; python; azure. No degree mention: False. Health insurance mention: False,unclear,0.08524835315307167,medium_fit,not_selected_for_authorization_text,,,,
active_learning_low_margin,HF-48077,STAFF SPA,Data Analyst,"Santa Croce sull'Arno, Province of Pisa, Italy",Italy,"Job title: Data Analyst. Short title: Data Analyst. Company: STAFF SPA. Location: Santa Croce sull'Arno, Province of Pisa, Italy. Country: Italy. Schedule: Full-time. Remote status: not remote. Skills: python; r; visual basic. No degree mention: False. Health insurance mention: False",unclear,0.08538950084930735,medium_fit,not_selected_for_authorization_text,,,,
active_learning_low_margin,HF-748278,"JPMorgan Chase Bank, N.A.",Tax Data Analysts,"Newark, DE",United States,"Job title: Tax Data Analysts. Short title: Data Analyst. Company: JPMorgan Chase Bank, N.A.. Location: Newark, DE. Country: United States. Schedule: Full-time. Remote status: not remote. Skills: word; excel. No degree mention: True. Health insurance mention: True",unclear,0.08704484173680682,unclear,not_selected_for_authorization_text,,,,
active_learning_low_margin,HF-263071,Understanding Recruitment,Data Scientist - Block Builders - Fast Hire,"London, UK",United Kingdom,"Job title: Data Scientist - Block Builders - Fast Hire. Short title: Data Scientist. Company: Understanding Recruitment. Location: London, UK. Country: United Kingdom. Schedule: Full-time. Remote status: not remote. Skills: python; mongodb; mongodb; sql; aws; git; docker. No degree mention: False. Health insurance mention: False",unclear,0.08741623925771408,medium_fit,not_selected_for_authorization_text,,,,
active_learning_low_margin,HF-7999,MUTUELLE BLEUE,Chargé(e) de Missions service Décisionnel / Data Analyst H/F,"Melun, France",France,"Job title: Chargé(e) de Missions service Décisionnel / Data Analyst H/F. Short title: Data Analyst. Company: MUTUELLE BLEUE. Location: Melun, France. Country: France. Schedule: Full-time. Remote status: not remote. Skills: sas; sas. No degree mention: False. Health insurance mention: False",unclear,0.0894640467815832,unclear,not_selected_for_authorization_text,,,,
active_learning_low_margin,HF-679550,Luxoft India,Data Test Analyst,India,India,Job title: Data Test Analyst. Short title: Data Analyst. Company: Luxoft India. Location: India. Country: India. Schedule: Full-time. Remote status: not remote. Skills: sql; shell; db2; azure; pyspark; hadoop; unix; flow. No degree mention: True. Health insurance mention: False,unclear,0.09077980881039188,unclear,not_selected_for_authorization_text,,,,
active_learning_low_margin,HF-233903,Oliver James Associates Ltd.,Data Scientist,"Vico nel Lazio, Province of Frosinone, Italy",Italy,"Job title: Data Scientist. Short title: Data Scientist. Company: Oliver James Associates Ltd.. Location: Vico nel Lazio, Province of Frosinone, Italy. Country: Italy. Schedule: Full-time. Remote status: not remote. Skills: python; aws; gcp; azure. No degree mention: False. Health insurance mention: False",unclear,0.09352367532809208,unclear,not_selected_for_authorization_text,,,,
active_learning_low_margin,HF-531090,dentsu,Director - Data Science (AI solutions),Maryland,United States,Job title: Director - Data Science (AI solutions). Short title: Data Scientist. Company: dentsu. Location: Maryland. Country: United States. Schedule: Full-time. Remote status: not remote. Skills: python; tensorflow; pytorch; keras; scikit-learn; spark. No degree mention: False. Health insurance mention: True,unclear,0.09545272732472865,medium_fit,not_selected_for_authorization_text,,,,
active_learning_low_margin,HF-20730,Wipro Technologies,Azure Data Factory Synapse,Anywhere,India,Job title: Azure Data Factory Synapse. Short title: Data Scientist. Company: Wipro Technologies. Location: Anywhere. Country: India. Schedule: Full-time. Remote status: remote. Skills: python; azure. No degree mention: True. Health insurance mention: False,unclear,0.09597043016532364,unclear,not_selected_for_authorization_text,,,,
active_learning_low_margin,HF-683977,Asian Technology Solutions,Data Scientist,"Jakarta, Indonesia",Indonesia,"Job title: Data Scientist. Short title: Data Scientist. Company: Asian Technology Solutions. Location: Jakarta, Indonesia. Country: Indonesia. Schedule: Contractor. Remote status: not remote. Skills: python. No degree mention: False. Health insurance mention: False",unclear,0.09661411162043548,unclear,not_selected_for_authorization_text,,,,
active_learning_low_margin,HF-164174,Burtch Works,Data Scientist – Deep Learning,North Carolina,United States,Job title: Data Scientist – Deep Learning. Short title: Data Scientist. Company: Burtch Works. Location: North Carolina. Country: United States. Schedule: Full-time. Remote status: not remote. Skills: python; r; tensorflow. No degree mention: False. Health insurance mention: False,unclear,0.09884492422984337,medium_fit,not_selected_for_authorization_text,,,,
active_learning_low_margin,HF-522141,CGI,Business Systems Analyst/Tester,"Herndon, VA",United States,"Job title: Business Systems Analyst/Tester. Short title: Business Analyst. Company: CGI. Location: Herndon, VA. Country: United States. Schedule: Full-time. Remote status: not remote. Skills: sql; c; sap. No degree mention: True. Health insurance mention: False",unclear,0.10349776433696467,unclear,not_selected_for_authorization_text,,,,
active_learning_low_margin,HF-279909,Confidenziale,Capabilities & Insights Analyst,Italy,Italy,Job title: Capabilities & Insights Analyst. Short title: Data Analyst. Company: Confidenziale. Location: Italy. Country: Italy. Schedule: Full-time. Remote status: not remote. Skills: powerpoint. No degree mention: False. Health insurance mention: False,unclear,0.10535204389652059,unclear,not_selected_for_authorization_text,,,,
active_learning_low_margin,HF-635369,FNB South Africa,Campaign Analyst,South Africa,South Africa,Job title: Campaign Analyst. Short title: Data Scientist. Company: FNB South Africa. Location: South Africa. Country: South Africa. Schedule: Full-time. Remote status: not remote. Skills: sql. No degree mention: True. Health insurance mention: False,unclear,0.10741714200472258,unclear,not_selected_for_authorization_text,,,,
active_learning_low_margin,HF-422450,Employit,Business Analyst SAAS- Remoto,"Durango, Mexico",Mexico,"Job title: Business Analyst SAAS- Remoto. Short title: Business Analyst. Company: Employit. Location: Durango, Mexico. Country: Mexico. Schedule: Full-time. Remote status: not remote. Skills: visio; excel; jira; trello. No degree mention: False. Health insurance mention: False",unclear,0.11633110837183366,unclear,not_selected_for_authorization_text,,,,
active_learning_low_margin,HF-53868,TalentLinc,Data Analyst,"Tampa, FL",United States,"Job title: Data Analyst. Short title: Data Analyst. Company: TalentLinc. Location: Tampa, FL. Country: United States. Schedule: Full-time. Remote status: not remote. Skills: sql; sql server; mysql; oracle; visio. No degree mention: False. Health insurance mention: False",unclear,0.11789821866747319,unclear,not_selected_for_authorization_text,,,,
active_learning_low_margin,HF-62876,LSEG (London Stock Exchange Group),Factor Analyst,"Guanacaste Province, Lagunilla, Costa Rica",Costa Rica,"Job title: Factor Analyst. Short title: Data Scientist. Company: LSEG (London Stock Exchange Group). Location: Guanacaste Province, Lagunilla, Costa Rica. Country: Costa Rica. Schedule: Full-time. Remote status: not remote. Skills: sql. No degree mention: False. Health insurance mention: False",unclear,0.11851263981941579,unclear,not_selected_for_authorization_text,,,,
active_learning_low_margin,HF-779955,Continental,Supply Chain Data Analyst & Process Coordinator – BA AM SHS Center TM,"Timișoara, Romania",Romania,"Job title: Supply Chain Data Analyst & Process Coordinator – BA AM SHS Center TM. Short title: Data Analyst. Company: Continental. Location: Timișoara, Romania. Country: Romania. Schedule: Full-time. Remote status: not remote. Skills: excel; powerpoint. No degree mention: False. Health insurance mention: False",unclear,0.12196531848628778,medium_fit,not_selected_for_authorization_text,,,,
active_learning_low_margin,HF-383271,"Grant Leading Technology, LLC",Data Analyst,"San Antonio, TX",United States,"Job title: Data Analyst. Short title: Data Analyst. Company: Grant Leading Technology, LLC. Location: San Antonio, TX. Country: United States. Schedule: Full-time. Remote status: not remote. Skills: tableau; qlik; flow. No degree mention: False. Health insurance mention: True",unclear,0.12208399599256195,unclear,not_selected_for_authorization_text,,,,
active_learning_low_margin,HF-7592,Brunel,Data Governance Analyst,Qatar,Qatar,Job title: Data Governance Analyst. Short title: Data Analyst. Company: Brunel. Location: Qatar. Country: Qatar. Schedule: Full-time. Remote status: not remote. Skills: sql; nosql; oracle; flow. No degree mention: False. Health insurance mention: False,unclear,0.12272867756315839,unclear,not_selected_for_authorization_text,,,,
active_learning_low_margin,HF-643943,Dellent,Functional Analyst,"Lisbon, Portugal",Portugal,"Job title: Functional Analyst. Short title: Data Scientist. Company: Dellent. Location: Lisbon, Portugal. Country: Portugal. Schedule: Full-time. Remote status: not remote. Skills: sql; oracle. No degree mention: False. Health insurance mention: False",unclear,0.1240668212667998,unclear,not_selected_for_authorization_text,,,,
active_learning_low_margin,HF-387183,Alert Innovation,Data Engineer,,United States,Job title: Data Engineer. Short title: Data Engineer. Company: Alert Innovation. Location: . Country: United States. Schedule: Full-time. Remote status: not remote. Skills: sql; java; python; azure; power bi; tableau. No degree mention: False. Health insurance mention: True,unclear,0.12407876208156099,unclear,not_selected_for_authorization_text,,,,
active_learning_low_margin,HF-520246,"Placement Services USA, Inc.",Data Analyst Specialist II (695015),"Rancho Cucamonga, CA",United States,"Job title: Data Analyst Specialist II (695015). Short title: Data Analyst. Company: Placement Services USA, Inc.. Location: Rancho Cucamonga, CA. Country: United States. Schedule: Full-time. Remote status: not remote. Skills: sas; sas; sap. No degree mention: True. Health insurance mention: False",unclear,0.12671308317347452,unclear,not_selected_for_authorization_text,,,,
active_learning_low_margin,HF-143346,Knowledge University,Dualer Master Data Science,"Stuttgart, Germany",Germany,"Job title: Dualer Master Data Science. Short title: Data Scientist. Company: Knowledge University. Location: Stuttgart, Germany. Country: Germany. Schedule: Full-time and Part-time. Remote status: not remote. Skills: python; java; snowflake; azure. No degree mention: False. Health insurance mention: False",unclear,0.12719085510648362,medium_fit,not_selected_for_authorization_text,,,,
active_learning_low_margin,HF-565281,Renesas Electronics,Business Intelligence,"Koto City, Tokyo, Japan",Japan,"Job title: Business Intelligence. Short title: Business Analyst. Company: Renesas Electronics. Location: Koto City, Tokyo, Japan. Country: Japan. Schedule: Full-time. Remote status: not remote. Skills: sql; powershell; azure; spark; bitbucket; github; jenkins. No degree mention: True. Health insurance mention: False",unclear,0.12820951080044948,unclear,not_selected_for_authorization_text,,,,
active_learning_low_margin,HF-255677,Jade Business Services (JBS),"Data Scientist, Junior","Houston, TX",Sudan,"Job title: Data Scientist, Junior. Short title: Data Scientist. Company: Jade Business Services (JBS). Location: Houston, TX. Country: Sudan. Schedule: Full-time and Temp work. Remote status: not remote. Skills: databricks; aws; linux; git; docker. No degree mention: False. Health insurance mention: False",unclear,0.1288306581825412,unclear,not_selected_for_authorization_text,,,,
active_learning_low_margin,HF-140764,Willis Towers Watson,Health & Benefits Analyst,"San Juan, Puerto Rico",Puerto Rico,"Job title: Health & Benefits Analyst. Short title: Senior Data Analyst. Company: Willis Towers Watson. Location: San Juan, Puerto Rico. Country: Puerto Rico. Schedule: Full-time. Remote status: not remote. Skills: excel. No degree mention: False. Health insurance mention: False",unclear,0.13026669870512245,low_fit,not_selected_for_authorization_text,,,,
active_learning_low_margin,HF-216887,StepUp Horse,Data Scientist Intern,"Copenhagen, Denmark",Denmark,"Job title: Data Scientist Intern. Short title: Data Scientist. Company: StepUp Horse. Location: Copenhagen, Denmark. Country: Denmark. Schedule: Part-time. Remote status: not remote. Skills: python; c; tensorflow; github. No degree mention: False. Health insurance mention: False",unclear,0.1358795806059664,unclear,not_selected_for_authorization_text,,,,
active_learning_low_margin,HF-142923,Moonsite - Moonsoft Development Ltd.,BI systems analyst,"Bnei Brak, Israel",Israel,"Job title: BI systems analyst. Short title: Business Analyst. Company: Moonsite - Moonsoft Development Ltd.. Location: Bnei Brak, Israel. Country: Israel. Schedule: Full-time. Remote status: not remote. Skills: sql. No degree mention: True. Health insurance mention: False",unclear,0.13681107324637248,unclear,not_selected_for_authorization_text,,,,
active_learning_low_margin,HF-347253,Confidenziale,Database Engineer,Italy,Italy,Job title: Database Engineer. Short title: Data Scientist. Company: Confidenziale. Location: Italy. Country: Italy. Schedule: Full-time. Remote status: not remote. Skills: nosql; sql; mongodb; mongodb; javascript; bash; python; redis; postgresql; aws; node.js; linux; docker; kubernetes; puppet; terraform. No degree mention: True. Health insurance mention: False,unclear,0.1377324700786293,medium_fit,not_selected_for_authorization_text,,,,
active_learning_low_margin,HF-78690,Indiana University Health,Data Analyst,"Indianapolis, IN",United States,"Job title: Data Analyst. Short title: Data Analyst. Company: Indiana University Health. Location: Indianapolis, IN. Country: United States. Schedule: Full-time. Remote status: not remote. Skills: excel; ms access. No degree mention: False. Health insurance mention: False",unclear,0.13931308289666777,unclear,not_selected_for_authorization_text,,,,
active_learning_low_margin,HF-218593,Capgemini North America,Physical Data Scientist,"Houston, TX",Sudan,"Job title: Physical Data Scientist. Short title: Data Scientist. Company: Capgemini North America. Location: Houston, TX. Country: Sudan. Schedule: Full-time. Remote status: not remote. Skills: python; neo4j; azure; aws; gcp; databricks; snowflake; oracle; spark; pytorch; tensorflow; keras; nltk; sap. No degree mention: False. Health insurance mention: True",unclear,0.13988232651520852,medium_fit,not_selected_for_authorization_text,,,,
active_learning_low_margin,HF-563984,Rabobank,Model Validator,"Utrecht, Netherlands",Netherlands,"Job title: Model Validator. Short title: Data Scientist. Company: Rabobank. Location: Utrecht, Netherlands. Country: Netherlands. Schedule: Full-time. Remote status: not remote. Skills: python. No degree mention: False. Health insurance mention: False",unclear,0.14007132912882286,unclear,not_selected_for_authorization_text,,,,
active_learning_low_margin,HF-495454,NoLimit Indonesia,Internship - Data Scientist,"Bandung, Bandung City, West Java, Indonesia",Indonesia,"Job title: Internship - Data Scientist. Short title: Data Scientist. Company: NoLimit Indonesia. Location: Bandung, Bandung City, West Java, Indonesia. Country: Indonesia. Schedule: Internship. Remote status: not remote. Skills: python; tensorflow. No degree mention: False. Health insurance mention: False",unclear,0.14587719337308974,unclear,not_selected_for_authorization_text,,,,
active_learning_low_margin,HF-591982,Grupo QuintoAndar,Data Scientist SR,"Buenos Aires, Argentina",Argentina,"Job title: Data Scientist SR. Short title: Data Scientist. Company: Grupo QuintoAndar. Location: Buenos Aires, Argentina. Country: Argentina. Schedule: Full-time. Remote status: not remote. Skills: java; python; kafka; kubernetes. No degree mention: False. Health insurance mention: False",unclear,0.148651982321524,unclear,not_selected_for_authorization_text,,,,
active_learning_low_margin,HF-415014,BNP Paribas,Data Scientist,"Nanterre, France",France,"Job title: Data Scientist. Short title: Data Scientist. Company: BNP Paribas. Location: Nanterre, France. Country: France. Schedule: Full-time. Remote status: not remote. Skills: python. No degree mention: False. Health insurance mention: False",unclear,0.15164321278746962,unclear,not_selected_for_authorization_text,,,,
active_learning_low_margin,HF-384877,"Utrecht, Netherlands",Data Scientist,"Utrecht, Netherlands",Netherlands,"Job title: Data Scientist. Short title: Data Scientist. Company: Utrecht, Netherlands. Location: Utrecht, Netherlands. Country: Netherlands. Schedule: Full-time and Part-time. Remote status: not remote. Skills: python; java; c; c++. No degree mention: False. Health insurance mention: False",unclear,0.1553592589228711,unclear,not_selected_for_authorization_text,,,,
active_learning_low_margin,HF-575614,"Medline Industries, Inc",Data Management Analyst (Remote),Anywhere,United States,"Job title: Data Management Analyst (Remote). Short title: Data Analyst. Company: Medline Industries, Inc. Location: Anywhere. Country: United States. Schedule: Full-time. Remote status: remote. Skills: sap; excel; word. No degree mention: False. Health insurance mention: True",unclear,0.1580143928346884,unclear,not_selected_for_authorization_text,,,,
active_learning_low_margin,HF-604270,Radisson Hotel Group - Corporate Office - Revenue Management,Revenue Generation BI Data Analyst Trainee,"Brussels, Belgium",Belgium,"Job title: Revenue Generation BI Data Analyst Trainee. Short title: Data Analyst. Company: Radisson Hotel Group - Corporate Office - Revenue Management. Location: Brussels, Belgium. Country: Belgium. Schedule: Full-time. Remote status: not remote. Skills: sql; c; azure. No degree mention: False. Health insurance mention: False",unclear,0.1580703501979004,unclear,not_selected_for_authorization_text,,,,
active_learning_low_margin,HF-583384,Akkodis,Data Science Spezialist (m/w/d),Anywhere,Germany,Job title: Data Science Spezialist (m/w/d). Short title: Data Scientist. Company: Akkodis. Location: Anywhere. Country: Germany. Schedule: Full-time. Remote status: remote. Skills: python; aws. No degree mention: False. Health insurance mention: False,unclear,0.15848839486106464,unclear,not_selected_for_authorization_text,,,,
active_learning_low_margin,HF-205373,ZEISS,Junior Data Scientist (m/f/x),"Munich, Germany",Germany,"Job title: Junior Data Scientist (m/f/x). Short title: Data Scientist. Company: ZEISS. Location: Munich, Germany. Country: Germany. Schedule: Full-time. Remote status: not remote. Skills: excel. No degree mention: False. Health insurance mention: False",unclear,0.16321813156608106,unclear,not_selected_for_authorization_text,,,,
active_learning_low_margin,HF-16588,Buscojobs Direct ZA,Sap Data Analyst: Sap Fi + Sap Abap: Banking: Ftc,"Johannesburg, South Africa",South Africa,"Job title: Sap Data Analyst: Sap Fi + Sap Abap: Banking: Ftc. Short title: Data Analyst. Company: Buscojobs Direct ZA. Location: Johannesburg, South Africa. Country: South Africa. Schedule: Full-time. Remote status: not remote. Skills: r; sap. No degree mention: True. Health insurance mention: False",unclear,0.16870030861460744,unclear,not_selected_for_authorization_text,,,,
active_learning_low_margin,HF-13428,Palo Alto Networks,Senior Data Engineer,India,India,Job title: Senior Data Engineer. Short title: Senior Data Engineer. Company: Palo Alto Networks. Location: India. Country: India. Schedule: Full-time. Remote status: not remote. Skills: . No degree mention: False. Health insurance mention: False,unclear,0.168896586432245,unclear,not_selected_for_authorization_text,,,,
active_learning_low_margin,HF-345811,Spryfox GmbH,Internship: Data Science,"Darmstadt, Germany",Germany,"Job title: Internship: Data Science. Short title: Data Scientist. Company: Spryfox GmbH. Location: Darmstadt, Germany. Country: Germany. Schedule: Internship. Remote status: not remote. Skills: python. No degree mention: False. Health insurance mention: False",unclear,0.16982347588596577,unclear,not_selected_for_authorization_text,,,,
active_learning_low_margin,HF-314887,Technojobs,D365 BC Data,"Brussels, Belgium",Belgium,"Job title: D365 BC Data. Short title: Data Scientist. Company: Technojobs. Location: Brussels, Belgium. Country: Belgium. Schedule: Full-time. Remote status: not remote. Skills: power bi. No degree mention: False. Health insurance mention: False",unclear,0.16982796535438743,unclear,not_selected_for_authorization_text,,,,
active_learning_low_margin,HF-424325,Professional Diversity Network,"AI Internship, Applied Data Science (LLMs & Generative AI) Fall '23","Raleigh, NC",United States,"Job title: AI Internship, Applied Data Science (LLMs & Generative AI) Fall '23. Short title: Data Scientist. Company: Professional Diversity Network. Location: Raleigh, NC. Country: United States. Schedule: Full-time. Remote status: not remote. Skills: python; r; azure; aws; jupyter; tensorflow; pytorch; keras. No degree mention: False. Health insurance mention: False",unclear,0.17099221048577518,medium_fit,not_selected_for_authorization_text,,,,
active_learning_low_margin,HF-53410,Oxford Knight,Data Analyst,Singapore,Singapore,Job title: Data Analyst. Short title: Data Analyst. Company: Oxford Knight. Location: Singapore. Country: Singapore. Schedule: Full-time. Remote status: not remote. Skills: python; c#. No degree mention: True. Health insurance mention: False,unclear,0.1748289210890849,unclear,not_selected_for_authorization_text,,,,
active_learning_low_margin,HF-707357,Deloitte,Data Scientist,"Denver, CO",Sudan,"Job title: Data Scientist. Short title: Data Scientist. Company: Deloitte. Location: Denver, CO. Country: Sudan. Schedule: Full-time. Remote status: not remote. Skills: tableau. No degree mention: False. Health insurance mention: False",unclear,0.1760688862369193,unclear,not_selected_for_authorization_text,,,,
active_learning_low_margin,HF-101942,Missouri State Job Bank,Data Analyst,"Maryland Heights, MO",United States,"Job title: Data Analyst. Short title: Data Analyst. Company: Missouri State Job Bank. Location: Maryland Heights, MO. Country: United States. Schedule: Full-time. Remote status: not remote. Skills: excel. No degree mention: False. Health insurance mention: False",unclear,0.1765968941950881,unclear,not_selected_for_authorization_text,,,,
active_learning_low_margin,HF-115952,Urban Resource Institute,"Data Analyst - New York, NY","New York, NY",United States,"Job title: Data Analyst - New York, NY. Short title: Data Analyst. Company: Urban Resource Institute. Location: New York, NY. Country: United States. Schedule: Full-time. Remote status: not remote. Skills: sql. No degree mention: False. Health insurance mention: False",unclear,0.17727697165934822,unclear,not_selected_for_authorization_text,,,,
active_learning_low_margin,HF-282866,Crowdfarming,Data Analyst,"Madrid, Spain",Spain,"Job title: Data Analyst. Short title: Data Analyst. Company: Crowdfarming. Location: Madrid, Spain. Country: Spain. Schedule: Full-time. Remote status: not remote. Skills: mongodb; mongodb; javascript; postgresql; node.js; power bi; git. No degree mention: True. Health insurance mention: False",unclear,0.1781076246125482,unclear,not_selected_for_authorization_text,,,,
active_learning_low_margin,HF-220669,Blue Origin,"Data Scientist, Junior","Huntsville, AL",United States,"Job title: Data Scientist, Junior. Short title: Data Scientist. Company: Blue Origin. Location: Huntsville, AL. Country: United States. Schedule: Part-time and Temp work. Remote status: not remote. Skills: python; excel. No degree mention: False. Health insurance mention: True",unclear,0.17909384277135584,medium_fit,not_selected_for_authorization_text,,,,
active_learning_low_margin,HF-83793,EnMass Energy,Engineering Intern,"Durham, NC",United States,"Job title: Engineering Intern. Short title: Business Analyst. Company: EnMass Energy. Location: Durham, NC. Country: United States. Schedule: Internship. Remote status: not remote. Skills: python; java; aws; azure; django; git; github. No degree mention: False. Health insurance mention: False",unclear,0.18202756206867066,unclear,not_selected_for_authorization_text,,,,
active_learning_low_margin,HF-258063,HRSG Outsourcing Pvt.Ltd.,Master Data Analyst,"Karachi, Pakistan",Pakistan,"Job title: Master Data Analyst. Short title: Data Analyst. Company: HRSG Outsourcing Pvt.Ltd.. Location: Karachi, Pakistan. Country: Pakistan. Schedule: Full-time. Remote status: not remote. Skills: go; sap; excel. No degree mention: False. Health insurance mention: False",unclear,0.18244168167888541,unclear,not_selected_for_authorization_text,,,,
active_learning_low_margin,HF-339226,Society of Exploration Geophysicists,Data Scientist,United States,United States,Job title: Data Scientist. Short title: Data Scientist. Company: Society of Exploration Geophysicists. Location: United States. Country: United States. Schedule: Full-time. Remote status: not remote. Skills: sql. No degree mention: False. Health insurance mention: False,unclear,0.1834634224824055,unclear,not_selected_for_authorization_text,,,,
active_learning_low_margin,HF-675270,Dice,Data Scientist(Onsite)(Fulltime),Anywhere,United States,Job title: Data Scientist(Onsite)(Fulltime). Short title: Data Scientist. Company: Dice. Location: Anywhere. Country: United States. Schedule: Full-time. Remote status: remote. Skills: python; sas; sas; aws; word. No degree mention: False. Health insurance mention: False,unclear,0.18576361889980308,medium_fit,not_selected_for_authorization_text,,,,
active_learning_low_margin,HF-9038,Infosys,Data Security Analyst (DLP),"Bucharest, Romania",Romania,"Job title: Data Security Analyst (DLP). Short title: Data Analyst. Company: Infosys. Location: Bucharest, Romania. Country: Romania. Schedule: Full-time. Remote status: not remote. Skills: sql; hadoop. No degree mention: True. Health insurance mention: False",unclear,0.18850477514873726,unclear,not_selected_for_authorization_text,,,,
active_learning_low_margin,HF-304153,LGT,Audit Data Analyst 80-100%,"Zürich, Switzerland",Switzerland,"Job title: Audit Data Analyst 80-100%. Short title: Data Analyst. Company: LGT. Location: Zürich, Switzerland. Country: Switzerland. Schedule: Part-time. Remote status: not remote. Skills: azure; power bi; tableau; qlik. No degree mention: False. Health insurance mention: False",unclear,0.19086705246312197,medium_fit,not_selected_for_authorization_text,,,,
active_learning_low_margin,HF-409436,Ford Motor Company,Data Scientist,"Topeka, KS",United States,"Job title: Data Scientist. Short title: Data Scientist. Company: Ford Motor Company. Location: Topeka, KS. Country: United States. Schedule: Full-time. Remote status: not remote. Skills: swift; python; sql; go; airflow. No degree mention: False. Health insurance mention: False",unclear,0.19162569394666862,medium_fit,not_selected_for_authorization_text,,,,
active_learning_low_margin,HF-571325,SeaMoney,Risk Data Analyst - Digital Banking,Singapore,Singapore,Job title: Risk Data Analyst - Digital Banking. Short title: Data Analyst. Company: SeaMoney. Location: Singapore. Country: Singapore. Schedule: Full-time. Remote status: not remote. Skills: tableau. No degree mention: False. Health insurance mention: False,unclear,0.19303746208252048,unclear,not_selected_for_authorization_text,,,,
active_learning_low_margin,HF-361912,UnitedHealth Group,Data Scientist,"Dublin, Ireland (+1 other)",Ireland,"Job title: Data Scientist. Short title: Data Scientist. Company: UnitedHealth Group. Location: Dublin, Ireland (+1 other). Country: Ireland. Schedule: Full-time. Remote status: not remote. Skills: python. No degree mention: False. Health insurance mention: False",unclear,0.19489057327665132,unclear,not_selected_for_authorization_text,,,,
active_learning_low_margin,HF-738386,VELUX Group,Performance and Data Analyst – Maternity Cover,"Give, Denmark",Denmark,"Job title: Performance and Data Analyst – Maternity Cover. Short title: Data Analyst. Company: VELUX Group. Location: Give, Denmark. Country: Denmark. Schedule: Full-time. Remote status: not remote. Skills: power bi. No degree mention: True. Health insurance mention: False",unclear,0.19569817453167979,unclear,not_selected_for_authorization_text,,,,
active_learning_low_margin,HF-307784,Hitachi Careers,Global Data Scientist,"Madrid, Spain",Spain,"Job title: Global Data Scientist. Short title: Data Scientist. Company: Hitachi Careers. Location: Madrid, Spain. Country: Spain. Schedule: Full-time. Remote status: not remote. Skills: sql; outlook. No degree mention: False. Health insurance mention: False",unclear,0.1958211728857036,unclear,not_selected_for_authorization_text,,,,
active_learning_low_margin,HF-160359,University of Leicester,Data Scientist (Knowledge Transfer Partnership),"Leicester, UK",United Kingdom,"Job title: Data Scientist (Knowledge Transfer Partnership). Short title: Data Scientist. Company: University of Leicester. Location: Leicester, UK. Country: United Kingdom. Schedule: Full-time. Remote status: not remote. Skills: java; python; html; javascript. No degree mention: False. Health insurance mention: False",unclear,0.1959104566346021,unclear,not_selected_for_authorization_text,,,,
active_learning_low_margin,HF-622488,Featurespace,Data Scientist,"Cambridge, UK",United Kingdom,"Job title: Data Scientist. Short title: Data Scientist. Company: Featurespace. Location: Cambridge, UK. Country: United Kingdom. Schedule: Full-time. Remote status: not remote. Skills: sql; linux; git. No degree mention: False. Health insurance mention: False",unclear,0.19739292572650585,unclear,not_selected_for_authorization_text,,,,
active_learning_low_margin,HF-715143,Faststream Recruitment Pte Ltd,Commercial Analyst,Singapore,Singapore,Job title: Commercial Analyst. Short title: Business Analyst. Company: Faststream Recruitment Pte Ltd. Location: Singapore. Country: Singapore. Schedule: Contractor. Remote status: not remote. Skills: power bi. No degree mention: False. Health insurance mention: False,unclear,0.19767602447977134,unclear,not_selected_for_authorization_text,,,,
active_learning_low_margin,HF-106273,College of the North Atlantic,Data analyst,"Stephenville, TX",United States,"Job title: Data analyst. Short title: Data Analyst. Company: College of the North Atlantic. Location: Stephenville, TX. Country: United States. Schedule: Full-time. Remote status: not remote. Skills: sharepoint; excel. Average yearly salary: 68122.6015625. No degree mention: False. Health insurance mention: False",unclear,0.19906068347448638,unclear,not_selected_for_authorization_text,,,,
active_learning_low_margin,HF-411316,E-Works,Data scientist,France,France,Job title: Data scientist. Short title: Data Scientist. Company: E-Works. Location: France. Country: France. Schedule: Full-time. Remote status: not remote. Skills: excel. No degree mention: False. Health insurance mention: False,unclear,0.2002106017753802,unclear,not_selected_for_authorization_text,,,,
active_learning_low_margin,HF-181491,DAQUMA,Data Consultant,Denmark,Denmark,Job title: Data Consultant. Short title: Data Scientist. Company: DAQUMA. Location: Denmark. Country: Denmark. Schedule: Full-time. Remote status: not remote. Skills: python. No degree mention: True. Health insurance mention: False,unclear,0.20031112541037593,unclear,not_selected_for_authorization_text,,,,
active_learning_low_margin,HF-632031,Quickreleaseinc,Data Scientist,Austria,Austria,Job title: Data Scientist. Short title: Data Scientist. Company: Quickreleaseinc. Location: Austria. Country: Austria. Schedule: Full-time. Remote status: not remote. Skills: python; vba; flow. No degree mention: False. Health insurance mention: False,unclear,0.20255636692655482,unclear,not_selected_for_authorization_text,,,,
active_learning_low_margin,HF-24316,Emploi LR ADCI,Data analyst en alternance,"Montpellier, France",France,"Job title: Data analyst en alternance. Short title: Data Analyst. Company: Emploi LR ADCI. Location: Montpellier, France. Country: France. Schedule: Full-time. Remote status: not remote. Skills: sql; sheets. No degree mention: False. Health insurance mention: False",unclear,0.20266019075932268,unclear,not_selected_for_authorization_text,,,,
active_learning_low_margin,HF-234168,SUNRISE NATURALS PRIVATE LIMITED,Market Research Analyst,"Maharashtra, India",India,"Job title: Market Research Analyst. Short title: Data Analyst. Company: SUNRISE NATURALS PRIVATE LIMITED. Location: Maharashtra, India. Country: India. Schedule: Full-time. Remote status: not remote. Skills: excel. No degree mention: False. Health insurance mention: False",unclear,0.20396545067923916,unclear,not_selected_for_authorization_text,,,,
active_learning_low_margin,HF-534042,Quantexa,Big Data Graduate Programme 2023,"Brussels, Belgium",Belgium,"Job title: Big Data Graduate Programme 2023. Short title: Data Scientist. Company: Quantexa. Location: Brussels, Belgium. Country: Belgium. Schedule: Full-time. Remote status: not remote. Skills: scala; python; java; r; elasticsearch; gcp; spark; hadoop. No degree mention: False. Health insurance mention: False",unclear,0.20446027654182275,medium_fit,not_selected_for_authorization_text,,,,
active_learning_low_margin,HF-473285,Quantexa,Big Data Graduate Programme 2023,"Brussels, Belgium",Belgium,"Job title: Big Data Graduate Programme 2023. Short title: Data Scientist. Company: Quantexa. Location: Brussels, Belgium. Country: Belgium. Schedule: Full-time. Remote status: not remote. Skills: scala; python; java; r; elasticsearch; gcp; spark; hadoop. No degree mention: False. Health insurance mention: False",unclear,0.20446027654182275,medium_fit,not_selected_for_authorization_text,,,,
active_learning_low_margin,HF-538837,TALENDICA,Business Data Analyst,"New York, NY",United States,"Job title: Business Data Analyst. Short title: Data Analyst. Company: TALENDICA. Location: New York, NY. Country: United States. Schedule: Contractor. Remote status: not remote. Skills: sql; c++; java; sql server; db2; flow; jira. No degree mention: False. Health insurance mention: False",unclear,0.20498410316785018,unclear,not_selected_for_authorization_text,,,,
active_learning_low_margin,HF-719878,Upen Group Inc,Junior Analyst,"Irving, TX",United States,"Job title: Junior Analyst. Short title: Data Scientist. Company: Upen Group Inc. Location: Irving, TX. Country: United States. Schedule: Contractor. Remote status: not remote. Skills: sql; python. No degree mention: True. Health insurance mention: False",unclear,0.20619530080558257,medium_fit,not_selected_for_authorization_text,,,,
active_learning_low_margin,HF-89559,Michael Page,Data Analyst - Payments (Fintech),Singapore,Singapore,Job title: Data Analyst - Payments (Fintech). Short title: Data Analyst. Company: Michael Page. Location: Singapore. Country: Singapore. Schedule: Full-time. Remote status: not remote. Skills: sql; c; spark. No degree mention: False. Health insurance mention: False,unclear,0.20977373308183342,unclear,not_selected_for_authorization_text,,,,
active_learning_low_margin,HF-664149,Reqiva ltd,Data Scientist,"Chelmsford, UK",United Kingdom,"Job title: Data Scientist. Short title: Data Scientist. Company: Reqiva ltd. Location: Chelmsford, UK. Country: United Kingdom. Schedule: Full-time. Remote status: not remote. Skills: python; java. No degree mention: False. Health insurance mention: False",unclear,0.21205125944434083,unclear,not_selected_for_authorization_text,,,,
active_learning_low_margin,HF-446419,First Division Consulting,Logistics Analyst III,"Fort Belvoir, VA",United States,"Job title: Logistics Analyst III. Short title: Business Analyst. Company: First Division Consulting. Location: Fort Belvoir, VA. Country: United States. Schedule: Full-time. Remote status: not remote. Skills: sharepoint; excel. No degree mention: True. Health insurance mention: True",unclear,0.21228425521368888,unclear,not_selected_for_authorization_text,,,,
active_learning_low_margin,HF-647367,EDF,ALTERNANCE - Master 2 Ingénieur Généraliste spécialité Data...,"Saint-Denis, France",France,"Job title: ALTERNANCE - Master 2 Ingénieur Généraliste spécialité Data.... Short title: Data Scientist. Company: EDF. Location: Saint-Denis, France. Country: France. Schedule: Full-time. Remote status: not remote. Skills: sql; python; elasticsearch. No degree mention: False. Health insurance mention: False",unclear,0.21507121825647724,medium_fit,not_selected_for_authorization_text,,,,
active_learning_low_margin,HF-737274,Transtec Services Srl,Data Analyst,Italy,Italy,Job title: Data Analyst. Short title: Data Analyst. Company: Transtec Services Srl. Location: Italy. Country: Italy. Schedule: Full-time. Remote status: not remote. Skills: sql; javascript; html; css. No degree mention: False. Health insurance mention: False,unclear,0.216780755772633,unclear,not_selected_for_authorization_text,,,,
active_learning_low_margin,HF-614655,ASRC FEDERAL,Data Analyst - Security Clearance Required,"Washington, DC",United States,"Job title: Data Analyst - Security Clearance Required. Short title: Data Analyst. Company: ASRC FEDERAL. Location: Washington, DC. Country: United States. Schedule: Full-time. Remote status: not remote. Skills: sharepoint; word; excel; outlook. No degree mention: False. Health insurance mention: False",unclear,0.21798704299096416,unclear,not_selected_for_authorization_text,,,,
active_learning_low_margin,HF-131032,HAPEKO Hanseatisches Personalkontor GmbH,Business Data Analyst beim Technologieführer mit 35-Stunden-Woche...,Germany,Germany,Job title: Business Data Analyst beim Technologieführer mit 35-Stunden-Woche.... Short title: Data Analyst. Company: HAPEKO Hanseatisches Personalkontor GmbH. Location: Germany. Country: Germany. Schedule: Full-time and Part-time. Remote status: not remote. Skills: tableau; power bi; qlik. No degree mention: True. Health insurance mention: False,unclear,0.22226458523627218,medium_fit,not_selected_for_authorization_text,,,,
active_learning_low_margin,HF-723301,Wellth,Data Scientist,Anywhere,United States,Job title: Data Scientist. Short title: Data Scientist. Company: Wellth. Location: Anywhere. Country: United States. Schedule: Full-time. Remote status: remote. Skills: sql; python; jupyter; git. Average yearly salary: 155000.0. No degree mention: False. Health insurance mention: True,unclear,0.2227161353831968,medium_fit,not_selected_for_authorization_text,,,,
active_learning_low_margin,HF-89711,Sandia National Laboratories,Data Analyst (Experienced) Jobs,"Albuquerque, NM",Sudan,"Job title: Data Analyst (Experienced) Jobs. Short title: Data Analyst. Company: Sandia National Laboratories. Location: Albuquerque, NM. Country: Sudan. Schedule: Part-time. Remote status: not remote. Skills: r; matlab; oracle; pyspark; hadoop; tableau. No degree mention: False. Health insurance mention: True",unclear,0.22343542900532132,medium_fit,not_selected_for_authorization_text,,,,
active_learning_low_margin,HF-456989,"University of Alabama, Birmingham",Medical analyst,"Birmingham, AL",United States,"Job title: Medical analyst. Short title: Senior Data Analyst. Company: University of Alabama, Birmingham. Location: Birmingham, AL. Country: United States. Schedule: Full-time. Remote status: not remote. Skills: excel. No degree mention: False. Health insurance mention: False",unclear,0.22629292901930756,low_fit,not_selected_for_authorization_text,,,,
active_learning_low_margin,HF-552965,Children’s Hospital of Philadelphia,Data Scientist I,"Philadelphia, PA",United States,"Job title: Data Scientist I. Short title: Data Scientist. Company: Children’s Hospital of Philadelphia. Location: Philadelphia, PA. Country: United States. Schedule: Full-time. Remote status: not remote. Skills: r; python; mongodb; mongodb; mysql; neo4j; hadoop; github; jira; confluence. No degree mention: False. Health insurance mention: False",unclear,0.2289823823129814,medium_fit,not_selected_for_authorization_text,,,,
active_learning_low_margin,HF-521252,Clarify Consultancy Ltd,Data Analyst – Hybrid Working,"Manchester, UK",United Kingdom,"Job title: Data Analyst – Hybrid Working. Short title: Data Analyst. Company: Clarify Consultancy Ltd. Location: Manchester, UK. Country: United Kingdom. Schedule: Full-time. Remote status: not remote. Skills: sql; sql server; ssrs; ssis. No degree mention: True. Health insurance mention: False",unclear,0.22909063493607956,unclear,not_selected_for_authorization_text,,,,
active_learning_low_margin,HF-727279,wega Informatik AG,Data Scientist,"Basel, Switzerland",Switzerland,"Job title: Data Scientist. Short title: Data Scientist. Company: wega Informatik AG. Location: Basel, Switzerland. Country: Switzerland. Schedule: Full-time. Remote status: not remote. Skills: python. No degree mention: False. Health insurance mention: False",unclear,0.23249105890109817,unclear,not_selected_for_authorization_text,,,,
active_learning_low_margin,HF-168960,Narvee Tech Inc,Data Science Validation (Testing the ML models that are being built),"Dallas, TX",United States,"Job title: Data Science Validation (Testing the ML models that are being built). Short title: Data Scientist. Company: Narvee Tech Inc. Location: Dallas, TX. Country: United States. Schedule: Contractor. Remote status: not remote. Skills: python; aws; redshift; pytorch; tensorflow; alteryx. No degree mention: False. Health insurance mention: False",unclear,0.23319887536893025,medium_fit,not_selected_for_authorization_text,,,,
active_learning_low_margin,HF-232845,Lonza,Record to Report Analyst,"San José Province, San José, Costa Rica",Costa Rica,"Job title: Record to Report Analyst. Short title: Data Scientist. Company: Lonza. Location: San José Province, San José, Costa Rica. Country: Costa Rica. Schedule: Full-time. Remote status: not remote. Skills: sap; excel. No degree mention: False. Health insurance mention: False",unclear,0.23468660769952016,unclear,not_selected_for_authorization_text,,,,
active_learning_low_margin,HF-755514,"Taconic Biosciences, Inc.",Production Data Analyst,"Lille Skensved, Denmark",Denmark,"Job title: Production Data Analyst. Short title: Data Analyst. Company: Taconic Biosciences, Inc.. Location: Lille Skensved, Denmark. Country: Denmark. Schedule: Full-time. Remote status: not remote. Skills: excel. No degree mention: False. Health insurance mention: False",unclear,0.23790859992604457,unclear,not_selected_for_authorization_text,,,,
active_learning_low_margin,HF-302914,Rakuten Europe,Applied Research Scientist,"Paris, France",France,"Job title: Applied Research Scientist. Short title: Data Analyst. Company: Rakuten Europe. Location: Paris, France. Country: France. Schedule: Full-time. Remote status: not remote. Skills: python; tensorflow; spark. No degree mention: False. Health insurance mention: False",unclear,0.23795729474506888,unclear,not_selected_for_authorization_text,,,,
active_learning_low_margin,HF-741266,Parallel Consulting Ltd,"Data Scientist | Stockholm, Sweden","Stockholm, Sweden",Sweden,"Job title: Data Scientist | Stockholm, Sweden. Short title: Data Scientist. Company: Parallel Consulting Ltd. Location: Stockholm, Sweden. Country: Sweden. Schedule: Full-time. Remote status: not remote. Skills: python. No degree mention: False. Health insurance mention: False",unclear,0.23953798500491047,unclear,not_selected_for_authorization_text,,,,
active_learning_low_margin,HF-483718,SII Group Chile,Data Scientist,Anywhere,Uruguay,Job title: Data Scientist. Short title: Data Scientist. Company: SII Group Chile. Location: Anywhere. Country: Uruguay. Schedule: Full-time. Remote status: remote. Skills: aws; airflow; kubernetes. No degree mention: False. Health insurance mention: False,unclear,0.24137309339568924,unclear,not_selected_for_authorization_text,,,,
active_learning_low_margin,HF-106245,Société Générale Assurances,CHARGE(E) D’ETUDES STATISTIQUES / DATA ANALYST- H/F,France,France,Job title: CHARGE(E) D’ETUDES STATISTIQUES / DATA ANALYST- H/F. Short title: Data Analyst. Company: Société Générale Assurances. Location: France. Country: France. Schedule: Full-time. Remote status: not remote. Skills: sas; sas. No degree mention: False. Health insurance mention: False,unclear,0.24318130100831592,unclear,not_selected_for_authorization_text,,,,
active_learning_low_margin,HF-366129,Europcar Maroc,RCM/Pricing Data Analyst (M/F),"Paris, France",France,"Job title: RCM/Pricing Data Analyst (M/F). Short title: Data Analyst. Company: Europcar Maroc. Location: Paris, France. Country: France. Schedule: Full-time. Remote status: not remote. Skills: sql; qlik. No degree mention: False. Health insurance mention: False",unclear,0.24611062447918441,unclear,not_selected_for_authorization_text,,,,
active_learning_low_margin,HF-94075,Harnham,Head Of Data Science,"Leeds, UK",United Kingdom,"Job title: Head Of Data Science. Short title: Data Scientist. Company: Harnham. Location: Leeds, UK. Country: United Kingdom. Schedule: Full-time. Remote status: not remote. Skills: python. No degree mention: False. Health insurance mention: False",unclear,0.24690882680898008,unclear,not_selected_for_authorization_text,,,,
active_learning_low_margin,HF-452990,McGregor Boyall,Senior Data Engineer,"Northampton, UK",United Kingdom,"Job title: Senior Data Engineer. Short title: Senior Data Engineer. Company: McGregor Boyall. Location: Northampton, UK. Country: United Kingdom. Schedule: Full-time. Remote status: not remote. Skills: . No degree mention: True. Health insurance mention: False",unclear,0.24762213593061924,unclear,not_selected_for_authorization_text,,,,
active_learning_low_margin,HF-592572,Collabera Digital,Business Reporting Analyst,"Bucharest, Romania",Romania,"Job title: Business Reporting Analyst. Short title: Business Analyst. Company: Collabera Digital. Location: Bucharest, Romania. Country: Romania. Schedule: Contractor. Remote status: not remote. Skills: power bi. No degree mention: True. Health insurance mention: False",unclear,0.24775912908812975,unclear,not_selected_for_authorization_text,,,,
active_learning_low_margin,HF-102846,LE MERCATO DE L'EMPLOI,2 postes de Business Analyst H/F,"Montrouge, France",France,"Job title: 2 postes de Business Analyst H/F. Short title: Business Analyst. Company: LE MERCATO DE L'EMPLOI. Location: Montrouge, France. Country: France. Schedule: Full-time. Remote status: not remote. Skills: power bi; tableau. No degree mention: False. Health insurance mention: False",unclear,0.24780977341414598,medium_fit,not_selected_for_authorization_text,,,,
active_learning_low_margin,HF-182757,Groupe Pierre Fabre,Data analyst - STAGE H/F,"Castres, France",France,"Job title: Data analyst - STAGE H/F. Short title: Data Analyst. Company: Groupe Pierre Fabre. Location: Castres, France. Country: France. Schedule: Internship. Remote status: not remote. Skills: alteryx; tableau; sap. No degree mention: False. Health insurance mention: False",unclear,0.24796745429006947,unclear,not_selected_for_authorization_text,,,,
active_learning_low_margin,HF-175077,Keasis,Data Scientist,Anywhere,Canada,Job title: Data Scientist. Short title: Data Scientist. Company: Keasis. Location: Anywhere. Country: Canada. Schedule: Contractor. Remote status: remote. Skills: python; aws. No degree mention: False. Health insurance mention: False,unclear,0.24938497094525203,unclear,not_selected_for_authorization_text,,,,
active_learning_low_margin,HF-736036,Jobbatical OU,Data Science & Analytics work from home job/internship at...,Anywhere,India,Job title: Data Science & Analytics work from home job/internship at.... Short title: Data Scientist. Company: Jobbatical OU. Location: Anywhere. Country: India. Schedule: Full-time. Remote status: remote. Skills: python. No degree mention: False. Health insurance mention: False,unclear,0.2523869417278866,unclear,not_selected_for_authorization_text,,,,
active_learning_low_margin,HF-40107,British American Tobacco,Data Management Analyst,"Heredia Province, Heredia, Costa Rica",Costa Rica,"Job title: Data Management Analyst. Short title: Data Analyst. Company: British American Tobacco. Location: Heredia Province, Heredia, Costa Rica. Country: Costa Rica. Schedule: Full-time. Remote status: not remote. Skills: excel; word. No degree mention: False. Health insurance mention: False",unclear,0.25469367553770483,unclear,not_selected_for_authorization_text,,,,
active_learning_low_margin,HF-406977,Cox Communications,Data Scientist II,"Austell, GA",United States,"Job title: Data Scientist II. Short title: Data Scientist. Company: Cox Communications. Location: Austell, GA. Country: United States. Schedule: Full-time. Remote status: not remote. Skills: oracle; tensorflow; keras; mxnet; spark; tableau. No degree mention: False. Health insurance mention: True",unclear,0.25771407473227126,unclear,not_selected_for_authorization_text,,,,
active_learning_low_margin,HF-478710,Feedzai,Data Scientist,Anywhere,Portugal,Job title: Data Scientist. Short title: Data Scientist. Company: Feedzai. Location: Anywhere. Country: Portugal. Schedule: Full-time. Remote status: remote. Skills: shell; python; java; scala; bash; spark; hadoop. No degree mention: False. Health insurance mention: False,unclear,0.2586545292628135,unclear,not_selected_for_authorization_text,,,,
active_learning_low_margin,HF-77400,Confidenziale,Delivery Manager Data&analytics,Italy,Italy,Job title: Delivery Manager Data&analytics. Short title: Data Analyst. Company: Confidenziale. Location: Italy. Country: Italy. Schedule: Full-time. Remote status: not remote. Skills: word. No degree mention: True. Health insurance mention: False,unclear,0.26103323514852916,low_fit,not_selected_for_authorization_text,,,,
active_learning_low_margin,HF-663147,Deutsche Bahn,Senior Data Engineer Anlagenanalytik (w/m/d),Germany,Germany,Job title: Senior Data Engineer Anlagenanalytik (w/m/d). Short title: Senior Data Engineer. Company: Deutsche Bahn. Location: Germany. Country: Germany. Schedule: Full-time. Remote status: not remote. Skills: . No degree mention: True. Health insurance mention: False,unclear,0.26154455526407583,unclear,not_selected_for_authorization_text,,,,
active_learning_low_margin,HF-770857,Unipol Gruppo,Stage Analyst,"Rome, Metropolitan City of Rome Capital, Italy",Italy,"Job title: Stage Analyst. Short title: Data Scientist. Company: Unipol Gruppo. Location: Rome, Metropolitan City of Rome Capital, Italy. Country: Italy. Schedule: Internship. Remote status: not remote. Skills: powerpoint. No degree mention: False. Health insurance mention: False",unclear,0.2618462345474328,unclear,not_selected_for_authorization_text,,,,
active_learning_low_margin,HF-222863,Splunk Services Sp. z o.o.,Principal Site Reliability Engineer,"Kraków, Poland",Poland,"Job title: Principal Site Reliability Engineer. Short title: Business Analyst. Company: Splunk Services Sp. z o.o.. Location: Kraków, Poland. Country: Poland. Schedule: Full-time. Remote status: not remote. Skills: splunk. No degree mention: True. Health insurance mention: False",unclear,0.264267780805874,low_fit,not_selected_for_authorization_text,,,,
active_learning_low_margin,HF-498527,UOB,"MGR, Data Analyst, Compliance Systems Surveillance, Automation and...","Kuala Lumpur, Federal Territory of Kuala Lumpur, Malaysia",Malaysia,"Job title: MGR, Data Analyst, Compliance Systems Surveillance, Automation and.... Short title: Data Analyst. Company: UOB. Location: Kuala Lumpur, Federal Territory of Kuala Lumpur, Malaysia. Country: Malaysia. Schedule: . Remote status: not remote. Skills: sql; r; python; sas; sas; excel; spss; power bi; tableau. No degree mention: False. Health insurance mention: False",unclear,0.2649236148623193,unclear,not_selected_for_authorization_text,,,,
active_learning_low_margin,HF-409708,Huntsman Corporation,Procurement Data Analyst,"Petaling Jaya, Selangor, Malaysia",Malaysia,"Job title: Procurement Data Analyst. Short title: Data Analyst. Company: Huntsman Corporation. Location: Petaling Jaya, Selangor, Malaysia. Country: Malaysia. Schedule: . Remote status: not remote. Skills: sql; vba; python; power bi; excel; powerpoint; dax; sap. No degree mention: False. Health insurance mention: False",unclear,0.26769458430103105,unclear,not_selected_for_authorization_text,,,,
active_learning_low_margin,HF-41586,MultiLingual Solutions Inc.,Data Scientist with Security Clearance,United States,Sudan,Job title: Data Scientist with Security Clearance. Short title: Data Scientist. Company: MultiLingual Solutions Inc.. Location: United States. Country: Sudan. Schedule: Full-time. Remote status: not remote. Skills: python. No degree mention: False. Health insurance mention: False,unclear,0.2690868615882438,unclear,not_selected_for_authorization_text,,,,
active_learning_low_margin,HF-384087,United Nations,Data Analytics Senior HR Assistant,"Santiago, Chile",Chile,"Job title: Data Analytics Senior HR Assistant. Short title: Data Analyst. Company: United Nations. Location: Santiago, Chile. Country: Chile. Schedule: Full-time. Remote status: not remote. Skills: sap. No degree mention: False. Health insurance mention: False",unclear,0.26950690467772265,low_fit,not_selected_for_authorization_text,,,,
active_learning_low_margin,HF-716592,Lockheed Martin,Program Data Analyst,"Milwaukee, WI",United States,"Job title: Program Data Analyst. Short title: Data Analyst. Company: Lockheed Martin. Location: Milwaukee, WI. Country: United States. Schedule: Full-time. Remote status: not remote. Skills: alteryx; tableau. No degree mention: False. Health insurance mention: False",unclear,0.27009994919777836,unclear,not_selected_for_authorization_text,,,,
active_learning_low_margin,HF-199952,TP Spolka,Junior Marketing Analyst,"Kraków, Poland",Poland,"Job title: Junior Marketing Analyst. Short title: Business Analyst. Company: TP Spolka. Location: Kraków, Poland. Country: Poland. Schedule: Full-time. Remote status: not remote. Skills: tableau. No degree mention: True. Health insurance mention: False",unclear,0.2707279260166726,unclear,not_selected_for_authorization_text,,,,
active_learning_low_margin,HF-416528,University of Texas MD Anderson Cancer Center,Computational Scientist - Institute for Data Science in Oncology...,"Houston, TX",Sudan,"Job title: Computational Scientist - Institute for Data Science in Oncology.... Short title: Data Scientist. Company: University of Texas MD Anderson Cancer Center. Location: Houston, TX. Country: Sudan. Schedule: Full-time. Remote status: not remote. Skills: excel. No degree mention: False. Health insurance mention: False",unclear,0.2743537434777443,unclear,not_selected_for_authorization_text,,,,
active_learning_low_margin,HF-687939,Credit Mutuel Arkea,Data scientist (H/F),"Brest, France",France,"Job title: Data scientist (H/F). Short title: Data Scientist. Company: Credit Mutuel Arkea. Location: Brest, France. Country: France. Schedule: Full-time. Remote status: not remote. Skills: java; shell; sql; hadoop. No degree mention: False. Health insurance mention: False",unclear,0.2768990369135185,unclear,not_selected_for_authorization_text,,,,
active_learning_low_margin,HF-590208,Qatar Airways Group,Data Analyst - Tableau,"Doha, Qatar",Qatar,"Job title: Data Analyst - Tableau. Short title: Data Analyst. Company: Qatar Airways Group. Location: Doha, Qatar. Country: Qatar. Schedule: Full-time. Remote status: not remote. Skills: tableau. No degree mention: False. Health insurance mention: False",unclear,0.27845437882160523,unclear,not_selected_for_authorization_text,,,,
active_learning_low_margin,HF-459578,Stony Brook Medicine,Quality Assurance Data Coordinator & Analyst,"Commack, NY",United States,"Job title: Quality Assurance Data Coordinator & Analyst. Short title: Data Analyst. Company: Stony Brook Medicine. Location: Commack, NY. Country: United States. Schedule: Full-time. Remote status: not remote. Skills: sharepoint; excel. No degree mention: False. Health insurance mention: False",unclear,0.27933105399471414,unclear,not_selected_for_authorization_text,,,,
active_learning_low_margin,HF-49762,Experis,QA Engineer,"Lisbon, Portugal",Portugal,"Job title: QA Engineer. Short title: Business Analyst. Company: Experis. Location: Lisbon, Portugal. Country: Portugal. Schedule: Full-time. Remote status: not remote. Skills: sql; javascript; c#; html; css; jquery. No degree mention: True. Health insurance mention: False",unclear,0.28039286137718067,unclear,not_selected_for_authorization_text,,,,
active_learning_low_margin,HF-56349,ITCAN Pte Limited,PySpark Big Data Engineer,Singapore,Singapore,Job title: PySpark Big Data Engineer. Short title: Data Scientist. Company: ITCAN Pte Limited. Location: Singapore. Country: Singapore. Schedule: Full-time. Remote status: not remote. Skills: python; bash; spark; pyspark; jenkins; github; kubernetes; docker. No degree mention: False. Health insurance mention: False,unclear,0.2807657578977424,unclear,not_selected_for_authorization_text,,,,
active_learning_low_margin,HF-698460,Ing Solution Sdn. Bhd.,Business Analyst,"George Town, Penang, Malaysia",Malaysia,"Job title: Business Analyst. Short title: Business Analyst. Company: Ing Solution Sdn. Bhd.. Location: George Town, Penang, Malaysia. Country: Malaysia. Schedule: Full-time. Remote status: not remote. Skills: power bi; tableau. No degree mention: False. Health insurance mention: False",unclear,0.281849006069792,medium_fit,not_selected_for_authorization_text,,,,
active_learning_low_margin,HF-333793,1&1 Versatel,(senior) Data Engineer / Data Scientist (w/m/d),"Düsseldorf, Germany",Germany,"Job title: (senior) Data Engineer / Data Scientist (w/m/d). Short title: Senior Data Engineer. Company: 1&1 Versatel. Location: Düsseldorf, Germany. Country: Germany. Schedule: Full-time. Remote status: not remote. Skills: . No degree mention: False. Health insurance mention: False",unclear,0.28196791903512125,unclear,not_selected_for_authorization_text,,,,
active_learning_low_margin,HF-122497,Infotree Global Solutions,Inventory & Reporting Analyst,"San José Province, San José, Costa Rica",Costa Rica,"Job title: Inventory & Reporting Analyst. Short title: Business Analyst. Company: Infotree Global Solutions. Location: San José Province, San José, Costa Rica. Country: Costa Rica. Schedule: Full-time. Remote status: not remote. Skills: excel. No degree mention: True. Health insurance mention: False",unclear,0.2826171276091833,unclear,not_selected_for_authorization_text,,,,
active_learning_low_margin,HF-271240,Randstad Italy,Data entry excel avanzato,"Rome, Metropolitan City of Rome, Italy",Italy,"Job title: Data entry excel avanzato. Short title: Data Scientist. Company: Randstad Italy. Location: Rome, Metropolitan City of Rome, Italy. Country: Italy. Schedule: Full-time. Remote status: not remote. Skills: gdpr; excel. No degree mention: False. Health insurance mention: False",unclear,0.28364644801704236,unclear,not_selected_for_authorization_text,,,,
active_learning_low_margin,HF-4662,Guerbet,Stage Data Analyst F/H,"Villepinte, France",France,"Job title: Stage Data Analyst F/H. Short title: Data Analyst. Company: Guerbet. Location: Villepinte, France. Country: France. Schedule: Internship. Remote status: not remote. Skills: azure; power bi. No degree mention: False. Health insurance mention: False",unclear,0.28416710712268256,unclear,not_selected_for_authorization_text,,,,
active_learning_low_margin,HF-265893,Spiceorb,Data Scientist,"Washington, DC",United States,"Job title: Data Scientist. Short title: Data Scientist. Company: Spiceorb. Location: Washington, DC. Country: United States. Schedule: Full-time. Remote status: not remote. Skills: sql; nosql; snowflake; aws. No degree mention: False. Health insurance mention: False",unclear,0.28565783889024565,medium_fit,not_selected_for_authorization_text,,,,
active_learning_low_margin,HF-319878,Luxoft,Data Scientist (ML/AI) Azure,Anywhere,Mexico,Job title: Data Scientist (ML/AI) Azure. Short title: Data Scientist. Company: Luxoft. Location: Anywhere. Country: Mexico. Schedule: Full-time. Remote status: remote. Skills: python; azure; react. No degree mention: False. Health insurance mention: False,unclear,0.2861956592947598,unclear,not_selected_for_authorization_text,,,,
active_learning_low_margin,HF-453037,Omega3C s.r.l.,Data Analyst Su Piattaforma Sas,Italy,Italy,Job title: Data Analyst Su Piattaforma Sas. Short title: Data Analyst. Company: Omega3C s.r.l.. Location: Italy. Country: Italy. Schedule: Temp work. Remote status: not remote. Skills: sas; sas. No degree mention: True. Health insurance mention: False,unclear,0.2878026927371277,unclear,not_selected_for_authorization_text,,,,
active_learning_low_margin,HF-551450,Robert Half,Data Reporting Analyst,"St. Augustine, FL",United States,"Job title: Data Reporting Analyst. Short title: Data Analyst. Company: Robert Half. Location: St. Augustine, FL. Country: United States. Schedule: Full-time. Remote status: not remote. Skills: go; power bi; flow. No degree mention: True. Health insurance mention: False",unclear,0.2884366474278749,unclear,not_selected_for_authorization_text,,,,
active_learning_low_margin,HF-91376,Andela,Senior Data Engineer,"São Paulo, State of São Paulo, Brazil",Brazil,"Job title: Senior Data Engineer. Short title: Senior Data Engineer. Company: Andela. Location: São Paulo, State of São Paulo, Brazil. Country: Brazil. Schedule: Full-time. Remote status: not remote. Skills: . No degree mention: True. Health insurance mention: False",unclear,0.2905135406745849,unclear,not_selected_for_authorization_text,,,,
active_learning_low_margin,HF-83582,Confidential,Associate Data & Tag Analyst,India,India,Job title: Associate Data & Tag Analyst. Short title: Data Analyst. Company: Confidential. Location: India. Country: India. Schedule: Full-time. Remote status: not remote. Skills: java; sql; azure; jenkins; gitlab; jira; confluence. No degree mention: False. Health insurance mention: False,unclear,0.2943944763980295,unclear,not_selected_for_authorization_text,,,,
active_learning_low_margin,HF-234811,Merchants SA,Management Information Analyst at Merchants,South Africa,South Africa,Job title: Management Information Analyst at Merchants. Short title: Business Analyst. Company: Merchants SA. Location: South Africa. Country: South Africa. Schedule: Full-time. Remote status: not remote. Skills: sql; crystal; ms access. No degree mention: True. Health insurance mention: False,unclear,0.29736722134337257,unclear,not_selected_for_authorization_text,,,,
active_learning_low_margin,HF-179960,SARL SIFAR DISTRIBUTION,ADV Central,Algeria,Algeria,Job title: ADV Central. Short title: Data Analyst. Company: SARL SIFAR DISTRIBUTION. Location: Algeria. Country: Algeria. Schedule: Full-time. Remote status: not remote. Skills: power bi. No degree mention: False. Health insurance mention: False,unclear,0.29950007833802506,unclear,not_selected_for_authorization_text,,,,
active_learning_low_margin,HF-394166,Pabis retail,Analista de Datos Retail,"Tláhuac, CDMX, Mexico",Mexico,"Job title: Analista de Datos Retail. Short title: Data Analyst. Company: Pabis retail. Location: Tláhuac, CDMX, Mexico. Country: Mexico. Schedule: Full-time. Remote status: not remote. Skills: excel. No degree mention: False. Health insurance mention: False",unclear,0.30158930786963184,unclear,not_selected_for_authorization_text,,,,
active_learning_low_margin,HF-239566,Trafilea,IT Senior Process Analyst,"Montevideo, Montevideo Department, Uruguay",Uruguay,"Job title: IT Senior Process Analyst. Short title: Business Analyst. Company: Trafilea. Location: Montevideo, Montevideo Department, Uruguay. Country: Uruguay. Schedule: Full-time. Remote status: not remote. Skills: flow. No degree mention: False. Health insurance mention: False",unclear,0.3025267345605288,low_fit,not_selected_for_authorization_text,,,,
active_learning_low_margin,HF-276386,Apply Recruitment,Data Analyst,"Manchester, UK",United Kingdom,"Job title: Data Analyst. Short title: Data Analyst. Company: Apply Recruitment. Location: Manchester, UK. Country: United Kingdom. Schedule: Full-time. Remote status: not remote. Skills: sql; go; sql server; azure; qlik. No degree mention: True. Health insurance mention: False",unclear,0.3039858646977583,unclear,not_selected_for_authorization_text,,,,
active_learning_low_margin,HF-366848,Randstad Italia,Data scientist,"Naples, Metropolitan City of Naples, Italy",Italy,"Job title: Data scientist. Short title: Data Scientist. Company: Randstad Italia. Location: Naples, Metropolitan City of Naples, Italy. Country: Italy. Schedule: Full-time. Remote status: not remote. Skills: python; nosql; mongo; gdpr. No degree mention: False. Health insurance mention: False",unclear,0.305315249803835,unclear,not_selected_for_authorization_text,,,,
active_learning_low_margin,HF-191384,Future Processing S.A.,Senior Data Engineer (Evening Hours),"Gliwice, Poland",Poland,"Job title: Senior Data Engineer (Evening Hours). Short title: Senior Data Engineer. Company: Future Processing S.A.. Location: Gliwice, Poland. Country: Poland. Schedule: Full-time. Remote status: not remote. Skills: . No degree mention: True. Health insurance mention: False",unclear,0.3072636310268607,unclear,not_selected_for_authorization_text,,,,
active_learning_low_margin,HF-109351,JPoint,Medior / Senior Java Engineer (Java / Fullstack / Kotlin),Netherlands,Netherlands,Job title: Medior / Senior Java Engineer (Java / Fullstack / Kotlin). Short title: Software Engineer. Company: JPoint. Location: Netherlands. Country: Netherlands. Schedule: Full-time. Remote status: not remote. Skills: . No degree mention: True. Health insurance mention: False,unclear,0.30749322285413805,unclear,not_selected_for_authorization_text,,,,
active_learning_low_margin,HF-96328,Orange Malone,Data Analyst Financial Data SQL PYTHON,United Kingdom,United Kingdom,Job title: Data Analyst Financial Data SQL PYTHON. Short title: Data Analyst. Company: Orange Malone. Location: United Kingdom. Country: United Kingdom. Schedule: Full-time. Remote status: not remote. Skills: sql. No degree mention: True. Health insurance mention: False,unclear,0.3091786957685828,unclear,not_selected_for_authorization_text,,,,
active_learning_low_margin,HF-218326,Kibernum,Data Analyst SAP S/4 Hana,"Santiago, Chile",Chile,"Job title: Data Analyst SAP S/4 Hana. Short title: Data Analyst. Company: Kibernum. Location: Santiago, Chile. Country: Chile. Schedule: Full-time. Remote status: not remote. Skills: sap; excel; sheets. No degree mention: True. Health insurance mention: False",unclear,0.3140468745264403,unclear,not_selected_for_authorization_text,,,,
active_learning_low_margin,HF-458085,IT CONSULTANCY & SERVICES PTE LTD,Junior Data Modeler,Singapore,Singapore,Job title: Junior Data Modeler. Short title: Data Analyst. Company: IT CONSULTANCY & SERVICES PTE LTD. Location: Singapore. Country: Singapore. Schedule: Full-time. Remote status: not remote. Skills: sql; hadoop; spark; tableau; qlik. No degree mention: False. Health insurance mention: False,unclear,0.3147594205211407,medium_fit,not_selected_for_authorization_text,,,,
active_learning_low_margin,HF-641583,Hays,BI Engineer,"Medellín, Medellin, Antioquia, Colombia",Colombia,"Job title: BI Engineer. Short title: Business Analyst. Company: Hays. Location: Medellín, Medellin, Antioquia, Colombia. Country: Colombia. Schedule: Full-time. Remote status: not remote. Skills: python. No degree mention: True. Health insurance mention: False",unclear,0.31489104591777556,unclear,not_selected_for_authorization_text,,,,
active_learning_low_margin,HF-269197,Motion Recruitment,NLP Data Scientist for Insurance and Mutual Fund Firm,Anywhere,United States,Job title: NLP Data Scientist for Insurance and Mutual Fund Firm. Short title: Data Scientist. Company: Motion Recruitment. Location: Anywhere. Country: United States. Schedule: Full-time. Remote status: remote. Skills: python; r; spark. Average yearly salary: 180000.0. No degree mention: False. Health insurance mention: False,unclear,0.3153841268290244,medium_fit,not_selected_for_authorization_text,,,,
active_learning_low_margin,HF-9288,Visservanbaars,Data Scientist/Analyst,"Brussels, Belgium",Belgium,"Job title: Data Scientist/Analyst. Short title: Data Scientist. Company: Visservanbaars. Location: Brussels, Belgium. Country: Belgium. Schedule: Full-time. Remote status: not remote. Skills: python. No degree mention: True. Health insurance mention: False",unclear,0.31728881660953495,unclear,not_selected_for_authorization_text,,,,
active_learning_low_margin,HF-150294,u&u Recruitment Partners,Applications & Reporting Analyst,Australia,Australia,Job title: Applications & Reporting Analyst. Short title: Data Scientist. Company: u&u Recruitment Partners. Location: Australia. Country: Australia. Schedule: Full-time. Remote status: not remote. Skills: power bi; ssrs. No degree mention: True. Health insurance mention: False,unclear,0.3219211221504448,unclear,not_selected_for_authorization_text,,,,
active_learning_low_margin,HF-492673,Energy Transfer Equity Lp,Analyst - Master Data,"Dallas, TX",United States,"Job title: Analyst - Master Data. Short title: Data Analyst. Company: Energy Transfer Equity Lp. Location: Dallas, TX. Country: United States. Schedule: Full-time. Remote status: not remote. Skills: sap; excel. No degree mention: False. Health insurance mention: True",unclear,0.32389784725478654,unclear,not_selected_for_authorization_text,,,,
active_learning_low_margin,HF-451439,Telkom Kenya,Business Process Analyst,"Nairobi, Kenya",Kenya,"Job title: Business Process Analyst. Short title: Business Analyst. Company: Telkom Kenya. Location: Nairobi, Kenya. Country: Kenya. Schedule: Full-time. Remote status: not remote. Skills: sql; visio. No degree mention: False. Health insurance mention: False",unclear,0.32394462038406724,unclear,not_selected_for_authorization_text,,,,
active_learning_low_margin,HF-750361,Society of Exploration Geophysicists,Data Scientist,"Washington, DC",United States,"Job title: Data Scientist. Short title: Data Scientist. Company: Society of Exploration Geophysicists. Location: Washington, DC. Country: United States. Schedule: Full-time and Part-time. Remote status: not remote. Skills: shell; perl; python; ruby; ruby; unix. No degree mention: False. Health insurance mention: False",unclear,0.3251300399609278,unclear,not_selected_for_authorization_text,,,,
active_learning_low_margin,HF-284073,VDCI (Virtual Data Center Indonesia),Network Engineer,"Jakarta, Indonesia",Indonesia,"Job title: Network Engineer. Short title: Cloud Engineer. Company: VDCI (Virtual Data Center Indonesia). Location: Jakarta, Indonesia. Country: Indonesia. Schedule: Contractor. Remote status: not remote. Skills: go. No degree mention: True. Health insurance mention: False",unclear,0.32618151628577197,low_fit,not_selected_for_authorization_text,,,,
full_source_authorization_candidate,full-633026,Techtriad Team - T3,Sr Data Engineer - No H1b & No 3rd Parties - Need Locals ONLY from...,"Newark, NJ",Sudan,"Job title: Sr Data Engineer - No H1b & No 3rd Parties - Need Locals ONLY from.... Short title: Data Engineer. Company: Techtriad Team - T3. Location: Newark, NJ. Country: Sudan. Schedule: Contractor. Skills: ['aws', 'spark', 'hadoop', 'docker', 'jira', 'confluence']",low_fit,5.649380675762978,not_available_for_full_source_candidate,explicit_restriction,,,,
full_source_authorization_candidate,full-734288,Winorbit Technology,Jr. Data Analyst (No OPT/CPT),"Austin, TX",United States,"Job title: Jr. Data Analyst (No OPT/CPT). Short title: Data Analyst. Company: Winorbit Technology. Location: Austin, TX. Country: United States. Schedule: Contractor. Skills: ['sql', 'python', 'bash', 'pandas', 'macos', 'slack']",high_fit,2.8350588459355177,not_available_for_full_source_candidate,explicit_restriction,,,,
full_source_authorization_candidate,full-383900,Precision Technology,Azure Data Engineer ( NO H1B - Only GC or USC ),"Louisville, KY",United States,"Job title: Azure Data Engineer ( NO H1B - Only GC or USC ). Short title: Data Engineer. Company: Precision Technology. Location: Louisville, KY. Country: United States. Schedule: Contractor. Skills: ['azure']",low_fit,3.1429442589329897,not_available_for_full_source_candidate,explicit_restriction,,,,
full_source_authorization_candidate,full-552309,PRI Technology,Data Engineer (No Visa Entanglements),New Jersey,United States,"Job title: Data Engineer (No Visa Entanglements). Short title: Data Engineer. Company: PRI Technology. Location: New Jersey. Country: United States. Schedule: Contractor. Skills: ['sql', 'r', 'python', 'sql server', 'cognos', 'git', 'jenkins', 'zoom']",low_fit,3.157820200127495,not_available_for_full_source_candidate,explicit_restriction,,,,
full_source_authorization_candidate,full-694287,Yabba Data Doo,Data Scientist intern [no visa],"Amsterdam, Netherlands",Netherlands,"Job title: Data Scientist intern [no visa]. Short title: Data Scientist. Company: Yabba Data Doo. Location: Amsterdam, Netherlands. Country: Netherlands. Schedule: Full-time. Skills: ['python', 'sql', 'postgresql', 'mysql']",medium_fit,1.7578072355527872,not_available_for_full_source_candidate,explicit_restriction,,,,
full_source_authorization_candidate,full-108830,UnitedHealth Group,Data Analyst 2 - Remote - Sponsorship Not Available,"Indianapolis, IN",United States,"Job title: Data Analyst 2 - Remote - Sponsorship Not Available. Short title: Data Analyst. Company: UnitedHealth Group. Location: Indianapolis, IN. Country: United States. Schedule: Full-time. Skills: ['sql', 'python', 'r', 'tableau']",high_fit,3.473846413054533,not_available_for_full_source_candidate,explicit_restriction,,,,
full_source_authorization_candidate,full-718498,Dice,Sr Data Engineer - No H1b & No 3rd Parties - Need Locals ONLY from...,Anywhere,Sudan,"Job title: Sr Data Engineer - No H1b & No 3rd Parties - Need Locals ONLY from.... Short title: Data Engineer. Company: Dice. Location: Anywhere. Country: Sudan. Schedule: Full-time. Skills: ['aws', 'spark', 'hadoop', 'docker', 'jira', 'confluence']",low_fit,5.957733492566252,not_available_for_full_source_candidate,explicit_restriction,,,,
full_source_authorization_candidate,full-730404,Cisco,Data Engineer/Scientist (W2 Only | No Sponsorship Available),Anywhere,Sudan,"Job title: Data Engineer/Scientist (W2 Only | No Sponsorship Available). Short title: Data Scientist. Company: Cisco. Location: Anywhere. Country: Sudan. Schedule: Contractor. Skills: ['sql', 'r', 'python', 'snowflake']",medium_fit,1.2532293863032633,not_available_for_full_source_candidate,explicit_restriction,,,,
full_source_authorization_candidate,full-542052,Futures Works,Senior Data Software Engineer The Hague MAX EUR120K NO VISA DUTCH,"Rotterdam, Netherlands",Netherlands,"Job title: Senior Data Software Engineer The Hague MAX EUR120K NO VISA DUTCH. Short title: Senior Data Engineer. Company: Futures Works. Location: Rotterdam, Netherlands. Country: Netherlands. Schedule: Full-time. Skills: ['azure', 'aws', 'react', 'kubernetes', 'docker']",low_fit,5.6182521290505925,not_available_for_full_source_candidate,explicit_restriction,,,,
full_source_authorization_candidate,full-4464,Parsoft LLC,JJUNIOR Data Product Analyst NO H1B Local to chicago,"North Chicago, IL",United States,"Job title: JJUNIOR Data Product Analyst NO H1B Local to chicago. Short title: Data Analyst. Company: Parsoft LLC. Location: North Chicago, IL. Country: United States. Schedule: Contractor. Skills: ['power bi']",high_fit,1.9728782881294795,not_available_for_full_source_candidate,explicit_restriction,,,,
full_source_authorization_candidate,full-599111,Dabster,Data Scientist- Greece based candidates only(No sponsorship),"Athens, Greece",Greece,"Job title: Data Scientist- Greece based candidates only(No sponsorship). Short title: Data Scientist. Company: Dabster. Location: Athens, Greece. Country: Greece. Schedule: Contractor. Skills: ['python', 'azure', 'flow', 'docker', 'git']",medium_fit,0.3901145954353622,not_available_for_full_source_candidate,explicit_restriction,,,,
full_source_authorization_candidate,full-395115,Srimatrix Inc.,"Data scientist : : W2 role : :Hybrid in Jersey City, NJ : : No h1b...","Jersey City, NJ",United States,"Job title: Data scientist : : W2 role : :Hybrid in Jersey City, NJ : : No h1b.... Short title: Data Scientist. Company: Srimatrix Inc.. Location: Jersey City, NJ. Country: United States. Schedule: Contractor. Skills: ['python', 'mongodb', 'mongodb', 'neo4j', 'tensorflow', 'scikit-learn', 'pandas', 'spark', 'kafka', 'tableau', 'word']",medium_fit,0.5998052042695411,not_available_for_full_source_candidate,explicit_restriction,,,,
full_source_authorization_candidate,full-296985,Oliver James,Azure Data Engineer - 6 Months - NO SPONSORSHIP,"London, UK",United Kingdom,"Job title: Azure Data Engineer - 6 Months - NO SPONSORSHIP. Short title: Data Engineer. Company: Oliver James. Location: London, UK. Country: United Kingdom. Schedule: Full-time. Skills: ['sql', 'python', 'azure', 'databricks', 'snowflake']",low_fit,4.576886160256381,not_available_for_full_source_candidate,explicit_restriction,,,,
full_source_authorization_candidate,full-304392,UnitedHealth Group,Data Analyst 2 - Remote - Sponsorship Not Available,Anywhere,United States,"Job title: Data Analyst 2 - Remote - Sponsorship Not Available. Short title: Data Analyst. Company: UnitedHealth Group. Location: Anywhere. Country: United States. Schedule: Full-time. Skills: ['sql', 'python', 'r', 'tableau']",high_fit,3.7354999756925213,not_available_for_full_source_candidate,explicit_restriction,,,,
full_source_authorization_candidate,full-455179,Vaco,Mulesoft Data Engineer (no sponsorship available),"Atlanta, GA",United States,"Job title: Mulesoft Data Engineer (no sponsorship available). Short title: Data Engineer. Company: Vaco. Location: Atlanta, GA. Country: United States. Schedule: Full-time. Skills: ['sql', 'python', 't-sql', 'azure', 'ssis']",low_fit,2.1968365012197397,not_available_for_full_source_candidate,explicit_restriction,,,,
full_source_authorization_candidate,full-505634,Arlo Resourcing Ltd,Data Engineer - Oracle (Hybrid) - NO SPONSORSHIP,"London, UK",United Kingdom,"Job title: Data Engineer - Oracle (Hybrid) - NO SPONSORSHIP. Short title: Data Engineer. Company: Arlo Resourcing Ltd. Location: London, UK. Country: United Kingdom. Schedule: Full-time. Skills: ['sql', 'go', 'oracle', 'graphql']",low_fit,3.9221734566358766,not_available_for_full_source_candidate,explicit_restriction,,,,
full_source_authorization_candidate,full-356896,"Yoh, A Day & Zimmermann Company",Data Analyst (Dallas/Fort Worth Candidates Only. No Sponsorship...,Texas,United States,"Job title: Data Analyst (Dallas/Fort Worth Candidates Only. No Sponsorship.... Short title: Data Analyst. Company: Yoh, A Day & Zimmermann Company. Location: Texas. Country: United States. Schedule: Full-time. Skills: ['sql', 'ssis', 'ssrs', 'excel']",high_fit,2.2132370810131556,not_available_for_full_source_candidate,explicit_restriction,,,,
full_source_authorization_candidate,full-97628,Smart Folks Inc,"Data Engineer at Austin, TX || On site to Austin, TX || NO OPT CPT...","Austin, TX",United States,"Job title: Data Engineer at Austin, TX || On site to Austin, TX || NO OPT CPT.... Short title: Data Engineer. Company: Smart Folks Inc. Location: Austin, TX. Country: United States. Schedule: Full-time. Skills: ['python', 'aws', 'spark', 'kafka']",low_fit,2.76289724726034,not_available_for_full_source_candidate,explicit_restriction,,,,
full_source_authorization_candidate,full-725517,Insight Global,"Data Engineer - Perm, No Sponsorship","Portland, OR",Sudan,"Job title: Data Engineer - Perm, No Sponsorship. Short title: Data Engineer. Company: Insight Global. Location: Portland, OR. Country: Sudan. Schedule: Contractor. Skills: ['python', 'r', 'sql', 'azure', 'aws', 'snowflake', 'hadoop', 'kafka', 'spark']",low_fit,3.4807563420746597,not_available_for_full_source_candidate,explicit_restriction,,,,
full_source_authorization_candidate,full-765607,PRI Technology,Data Engineer (No Visa Entanglements),"Whitehouse Station, NJ",United States,"Job title: Data Engineer (No Visa Entanglements). Short title: Data Engineer. Company: PRI Technology. Location: Whitehouse Station, NJ. Country: United States. Schedule: Contractor. Skills: ['sql', 'r', 'python', 'sql server', 'cognos', 'git', 'jenkins', 'zoom']",low_fit,3.041525552241758,not_available_for_full_source_candidate,explicit_restriction,,,,
full_source_authorization_candidate,full-468369,SoftSages Technology,"Product Data Analyst (W2) :: Maynard, MA (Hybrid) :: No H1b,CPT","Maynard, MA",United States,"Job title: Product Data Analyst (W2) :: Maynard, MA (Hybrid) :: No H1b,CPT. Short title: Data Analyst. Company: SoftSages Technology. Location: Maynard, MA. Country: United States. Schedule: Full-time and Temp work. Skills: ['word', 'excel', 'powerpoint']",high_fit,2.3479828290248026,not_available_for_full_source_candidate,explicit_restriction,,,,
full_source_authorization_candidate,full-433866,SoftSages Technology,Data Scientist :: No H1B OPT CPT ::: Stamford CT,"Stamford, CT",United States,"Job title: Data Scientist :: No H1B OPT CPT ::: Stamford CT. Short title: Data Scientist. Company: SoftSages Technology. Location: Stamford, CT. Country: United States. Schedule: Full-time. Skills: ['sql', 'python', 'sas', 'sas']",medium_fit,0.8467262164592652,not_available_for_full_source_candidate,explicit_restriction,,,,
full_source_authorization_candidate,full-531512,SightSpectrum,"Python Pyspark/Data Engineer - No OPT, CPT","Houston, TX",United States,"Job title: Python Pyspark/Data Engineer - No OPT, CPT. Short title: Data Engineer. Company: SightSpectrum. Location: Houston, TX. Country: United States. Schedule: Full-time. Skills: ['python', 'sql', 'aws', 'databricks', 'spark']",low_fit,2.419812788840973,not_available_for_full_source_candidate,explicit_restriction,,,,
full_source_authorization_candidate,full-309481,ClickJobs.io,Sybase / SAS / Informatica Data Engineer (NO Sponsorship),"St Helens, Saint Helens, UK",United Kingdom,"Job title: Sybase / SAS / Informatica Data Engineer (NO Sponsorship). Short title: Data Engineer. Company: ClickJobs.io. Location: St Helens, Saint Helens, UK. Country: United Kingdom. Schedule: Full-time. Skills: ['sas', 'sas', 'shell', 'python', 'snowflake', 'azure']",low_fit,3.5867964115422057,not_available_for_full_source_candidate,explicit_restriction,,,,
full_source_authorization_candidate,full-376595,InteliX Systems,Senior Data Engineer(NO CPT/OPT),Anywhere,United States,"Job title: Senior Data Engineer(NO CPT/OPT). Short title: Senior Data Engineer. Company: InteliX Systems. Location: Anywhere. Country: United States. Schedule: Full-time. Skills: ['python', 'sql', 'java', 'sql server', 'mysql', 'azure', 'aws', 'snowflake', 'oracle', 'databricks', 'kafka', 'hadoop', 'spark', 'airflow', 'express', 'kubernetes', 'jenkins', 'git']",low_fit,7.909155134371909,not_available_for_full_source_candidate,explicit_restriction,,,,
full_source_authorization_candidate,full-427891,IT Vision Group,Data Engineer -No H1B's,"McLean, VA",Sudan,"Job title: Data Engineer -No H1B's. Short title: Data Engineer. Company: IT Vision Group. Location: McLean, VA. Country: Sudan. Schedule: Full-time. Skills: ['python', 'aws', 'spark', 'jenkins', 'docker', 'jira']",low_fit,3.5725843513501205,not_available_for_full_source_candidate,explicit_restriction,,,,
full_source_authorization_candidate,full-156959,Nityo Infotech,Big Data Platform Engineer (Hadoop) (No visa sponsorship),Singapore,Singapore,"Job title: Big Data Platform Engineer (Hadoop) (No visa sponsorship). Short title: Data Engineer. Company: Nityo Infotech. Location: Singapore. Country: Singapore. Schedule: Full-time. Skills: ['hadoop', 'spark', 'terraform', 'chef', 'ansible']",low_fit,2.5659336009418827,not_available_for_full_source_candidate,explicit_restriction,,,,
full_source_authorization_candidate,full-405708,Dice,"Data scientist : : W2 role : :Hybrid in Jersey City, NJ : : No h1b...",Anywhere,United States,"Job title: Data scientist : : W2 role : :Hybrid in Jersey City, NJ : : No h1b.... Short title: Data Scientist. Company: Dice. Location: Anywhere. Country: United States. Schedule: Full-time. Skills: ['python', 'mongodb', 'mongodb', 'neo4j', 'tensorflow', 'scikit-learn', 'pandas', 'spark', 'kafka', 'tableau', 'word']",medium_fit,1.001688143651766,not_available_for_full_source_candidate,explicit_restriction,,,,
full_source_authorization_candidate,full-72537,Oliver James,Azure Data Engineer - 6 Months - NO SPONSORSHIP. Job in London My...,"London, UK",United Kingdom,"Job title: Azure Data Engineer - 6 Months - NO SPONSORSHIP. Job in London My.... Short title: Data Engineer. Company: Oliver James. Location: London, UK. Country: United Kingdom. Schedule: Full-time. Skills: ['sql', 'python', 'azure', 'databricks', 'snowflake']",low_fit,4.065239352718573,not_available_for_full_source_candidate,explicit_restriction,,,,
full_source_authorization_candidate,full-38949,Sight Spectrum,Lead Data Engineer Remote No H1B Candidates,Anywhere,Sudan,"Job title: Lead Data Engineer Remote No H1B Candidates. Short title: Data Engineer. Company: Sight Spectrum. Location: Anywhere. Country: Sudan. Schedule: Full-time. Skills: ['go', 'scala', 'sql', 'aws', 'databricks', 'spark', 'hadoop', 'git']",low_fit,7.563156035307239,not_available_for_full_source_candidate,explicit_restriction,,,,
full_source_authorization_candidate,full-31208,Parsoft LLC,Senior Data Analyst - Data Governance ONLY LOCALS NO H1B or OPT,"North Chicago, IL",United States,"Job title: Senior Data Analyst - Data Governance ONLY LOCALS NO H1B or OPT. Short title: Senior Data Analyst. Company: Parsoft LLC. Location: North Chicago, IL. Country: United States. Schedule: Contractor. Skills: ['power bi']",low_fit,2.781295732310797,not_available_for_full_source_candidate,explicit_restriction,,,,
full_source_authorization_candidate,full-532641,Futures Works,Analytics Consultant Rotterdam Max EUR65K Dutch NO VISA,"Rotterdam, Netherlands",Netherlands,"Job title: Analytics Consultant Rotterdam Max EUR65K Dutch NO VISA. Short title: Data Analyst. Company: Futures Works. Location: Rotterdam, Netherlands. Country: Netherlands. Schedule: Full-time. Skills: ['python']",medium_fit,0.6778069824174553,not_available_for_full_source_candidate,explicit_restriction,,,,
full_source_authorization_candidate,full-445540,Futures Works Global,Data Engineer Utrecht Dutch No Visa No Relocation Max 64K,Anywhere,Netherlands,Job title: Data Engineer Utrecht Dutch No Visa No Relocation Max 64K. Short title: Data Engineer. Company: Futures Works Global. Location: Anywhere. Country: Netherlands. Schedule: Full-time. Skills: ['azure'],low_fit,3.1356470330859576,not_available_for_full_source_candidate,explicit_restriction,,,,
full_source_authorization_candidate,full-725544,Intelliswift Software,Senior Business Data Analyst - No Visa or Relocation Candidates,"St. Petersburg, FL",United States,"Job title: Senior Business Data Analyst - No Visa or Relocation Candidates. Short title: Senior Data Analyst. Company: Intelliswift Software. Location: St. Petersburg, FL. Country: United States. Schedule: Contractor and Temp work. Skills: ['sql', 'ssrs', 'tableau']",low_fit,3.0065156368421633,not_available_for_full_source_candidate,explicit_restriction,,,,
full_source_authorization_candidate,full-376336,Futures Works,Data Engineer Utrecht Dutch No Visa No Relocation Max 64K,"Utrecht, Netherlands",Netherlands,"Job title: Data Engineer Utrecht Dutch No Visa No Relocation Max 64K. Short title: Data Engineer. Company: Futures Works. Location: Utrecht, Netherlands. Country: Netherlands. Schedule: Full-time. Skills: ['azure']",low_fit,2.867238698800756,not_available_for_full_source_candidate,explicit_restriction,,,,
full_source_authorization_candidate,full-652951,USA Company,Senior Data Scientist H1B Visa Sponsorship Jobs,"Malvern, PA",United States,"Job title: Senior Data Scientist H1B Visa Sponsorship Jobs. Short title: Senior Data Scientist. Company: USA Company. Location: Malvern, PA. Country: United States. Schedule: Full-time. Skills: ['python']",low_fit,2.14927339953278,not_available_for_full_source_candidate,availability_or_aggregator_mention,,,,
full_source_authorization_candidate,full-175377,Bradford Teaching Hospitals NHS Foundation Trust,Data Engineer: Sponsorship Available,"Bradford, UK",United Kingdom,"Job title: Data Engineer: Sponsorship Available. Short title: Data Engineer. Company: Bradford Teaching Hospitals NHS Foundation Trust. Location: Bradford, UK. Country: United Kingdom. Schedule: Full-time. Skills: ",low_fit,1.7457570341535624,not_available_for_full_source_candidate,availability_or_aggregator_mention,,,,
full_source_authorization_candidate,full-674034,USA Company,Business Process Data Analyst - USA Visa Sponsorship Jobs,"Des Plaines, IL",United States,"Job title: Business Process Data Analyst - USA Visa Sponsorship Jobs. Short title: Data Analyst. Company: USA Company. Location: Des Plaines, IL. Country: United States. Schedule: Full-time. Skills: ['cognos']",high_fit,1.65013604283713,not_available_for_full_source_candidate,availability_or_aggregator_mention,,,,
full_source_authorization_candidate,full-577990,USA Company,Senior Data Engineer - USA Visa Sponsorship Jobs,"Frazer, PA",Sudan,"Job title: Senior Data Engineer - USA Visa Sponsorship Jobs. Short title: Senior Data Engineer. Company: USA Company. Location: Frazer, PA. Country: Sudan. Schedule: Full-time. Skills: ['python', 'sql', 'bash', 'shell', 'go', 'spark']",low_fit,7.123381031206616,not_available_for_full_source_candidate,availability_or_aggregator_mention,,,,
full_source_authorization_candidate,full-669446,USA Company,Data Analyst II USA visa sponsorship jobs,"Chicago, IL",United States,"Job title: Data Analyst II USA visa sponsorship jobs. Short title: Data Analyst. Company: USA Company. Location: Chicago, IL. Country: United States. Schedule: Full-time. Skills: ['sql', 'oracle', 'tableau']",high_fit,3.0989161200993003,not_available_for_full_source_candidate,availability_or_aggregator_mention,,,,
full_source_authorization_candidate,full-138341,USA Company,Lead Data Scientist - H-1B USA Visa Sponsorship Jobs,United States,Sudan,"Job title: Lead Data Scientist - H-1B USA Visa Sponsorship Jobs. Short title: Data Scientist. Company: USA Company. Location: United States. Country: Sudan. Schedule: Full-time. Skills: ['go', 'python', 'gcp', 'airflow']",low_fit,2.1283837956654468,not_available_for_full_source_candidate,availability_or_aggregator_mention,,,,
full_source_authorization_candidate,full-660613,USA Company,CEO/Data Scientist - H-1B USA Visa Sponsorship Jobs,"San Francisco, CA",United States,"Job title: CEO/Data Scientist - H-1B USA Visa Sponsorship Jobs. Short title: Data Scientist. Company: USA Company. Location: San Francisco, CA. Country: United States. Schedule: Full-time. Skills: ",unclear,1.7327894640246322,not_available_for_full_source_candidate,availability_or_aggregator_mention,,,,
full_source_authorization_candidate,full-666092,USA Company,Data Analyst - USA Visa Sponsorship Jobs,"Boston, MA",United States,"Job title: Data Analyst - USA Visa Sponsorship Jobs. Short title: Data Analyst. Company: USA Company. Location: Boston, MA. Country: United States. Schedule: Full-time. Skills: ['sql', 'express', 'excel', 'sharepoint', 'flow']",high_fit,2.2940927687993224,not_available_for_full_source_candidate,availability_or_aggregator_mention,,,,
full_source_authorization_candidate,full-672623,USA Company,Data Engineer - USA Visa Sponsorship Jobs,"Summit, NJ",United States,"Job title: Data Engineer - USA Visa Sponsorship Jobs. Short title: Data Engineer. Company: USA Company. Location: Summit, NJ. Country: United States. Schedule: Full-time. Skills: ['java', 'sql', 'nosql', 'aws']",low_fit,2.501856532801553,not_available_for_full_source_candidate,availability_or_aggregator_mention,,,,
full_source_authorization_candidate,full-581403,USA Company,Lead Data Scientist USA Visa Sponsorship Jobs,"San Francisco, CA",United States,"Job title: Lead Data Scientist USA Visa Sponsorship Jobs. Short title: Data Scientist. Company: USA Company. Location: San Francisco, CA. Country: United States. Schedule: Full-time. Skills: ['python', 'aws', 'azure', 'pytorch', 'tensorflow', 'opencv', 'datarobot']",low_fit,2.1356512678529715,not_available_for_full_source_candidate,availability_or_aggregator_mention,,,,
full_source_authorization_candidate,full-523831,USA Company,Data Scientist Data Scientist USA Visa Sponsorship Jobs,"Greenville, SC",United States,"Job title: Data Scientist Data Scientist USA Visa Sponsorship Jobs. Short title: Data Scientist. Company: USA Company. Location: Greenville, SC. Country: United States. Schedule: Full-time. Skills: ",unclear,0.9398032144321985,not_available_for_full_source_candidate,availability_or_aggregator_mention,,,,
full_source_authorization_candidate,full-659056,USA Company,Senior Data Scientist - H-1B USA Visa Sponsorship Jobs,United States,United States,"Job title: Senior Data Scientist - H-1B USA Visa Sponsorship Jobs. Short title: Senior Data Scientist. Company: USA Company. Location: United States. Country: United States. Schedule: Full-time. Skills: ['python', 'sql', 'gdpr']",low_fit,3.21616058377445,not_available_for_full_source_candidate,availability_or_aggregator_mention,,,,
full_source_authorization_candidate,full-687427,USA Company,Data Analyst - USA Visa Sponsorship Jobs,"Bexar County, TX",United States,"Job title: Data Analyst - USA Visa Sponsorship Jobs. Short title: Data Analyst. Company: USA Company. Location: Bexar County, TX. Country: United States. Schedule: Contractor. Skills: ['sql', 'sas', 'sas', 'sql server', 'word', 'powerpoint', 'excel', 'tableau', 'cognos']",high_fit,3.648053895628015,not_available_for_full_source_candidate,availability_or_aggregator_mention,,,,
full_source_authorization_candidate,full-675005,USA Company,"Data Analyst, Entry-Level - H-1B USA Visa Sponsorship Jobs","New York, NY",United States,"Job title: Data Analyst, Entry-Level - H-1B USA Visa Sponsorship Jobs. Short title: Data Analyst. Company: USA Company. Location: New York, NY. Country: United States. Schedule: Full-time. Skills: ['python', 'sql', 'snowflake', 'looker', 'tableau', 'symphony']",high_fit,3.4214599651067563,not_available_for_full_source_candidate,availability_or_aggregator_mention,,,,
full_source_authorization_candidate,full-594233,USA Company,Veterans Preferred - Senior Data Engineer - H1B Visa Sponsorship Jobs,"Chesterfield, MO",United States,"Job title: Veterans Preferred - Senior Data Engineer - H1B Visa Sponsorship Jobs. Short title: Senior Data Engineer. Company: USA Company. Location: Chesterfield, MO. Country: United States. Schedule: Full-time. Skills: ",low_fit,3.9674477715806113,not_available_for_full_source_candidate,availability_or_aggregator_mention,,,,
full_source_authorization_candidate,full-506898,USA Company,Data Scientist - H-1B USA Visa Sponsorship Jobs,"San Francisco, CA",United States,"Job title: Data Scientist - H-1B USA Visa Sponsorship Jobs. Short title: Data Scientist. Company: USA Company. Location: San Francisco, CA. Country: United States. Schedule: Full-time. Skills: ['python', 'sql', 'r']",medium_fit,0.8191311465879406,not_available_for_full_source_candidate,availability_or_aggregator_mention,,,,
full_source_authorization_candidate,full-672453,USA Company,"Data Scientist, Marketing Analytics USA visa sponsorship jobs","Brooklyn, NY",United States,"Job title: Data Scientist, Marketing Analytics USA visa sponsorship jobs. Short title: Data Scientist. Company: USA Company. Location: Brooklyn, NY. Country: United States. Schedule: Full-time. Skills: ['sql', 'r', 'python', 'scala', 'php', 'ruby', 'ruby', 'hadoop', 'looker', 'tableau']",medium_fit,0.24229987010014115,not_available_for_full_source_candidate,availability_or_aggregator_mention,,,,
full_source_authorization_candidate,full-37877,USA Company,"Data Analyst Manager, Consumer Affairs - H1B Visa Sponsorship Jobs","St. Louis, MO",United States,"Job title: Data Analyst Manager, Consumer Affairs - H1B Visa Sponsorship Jobs. Short title: Data Analyst. Company: USA Company. Location: St. Louis, MO. Country: United States. Schedule: Full-time. Skills: ",low_fit,0.3650196977980378,not_available_for_full_source_candidate,availability_or_aggregator_mention,,,,
full_source_authorization_candidate,full-112536,LMRE,Lead Data Engineer | Will Sponsor Visa,Singapore,Singapore,"Job title: Lead Data Engineer | Will Sponsor Visa. Short title: Data Engineer. Company: LMRE. Location: Singapore. Country: Singapore. Schedule: Full-time. Skills: ['sql', 'python', 'gcp', 'pandas', 'git']",low_fit,10.2402357054888,not_available_for_full_source_candidate,availability_or_aggregator_mention,,,,
full_source_authorization_candidate,full-670499,USA Company,"Data Engineer, Senior Associate - H1B Visa Sponsorship Jobs","Charlotte, NC",United States,"Job title: Data Engineer, Senior Associate - H1B Visa Sponsorship Jobs. Short title: Data Engineer. Company: USA Company. Location: Charlotte, NC. Country: United States. Schedule: Full-time. Skills: ['python', 'sql', 'aws']",low_fit,4.374873545156365,not_available_for_full_source_candidate,availability_or_aggregator_mention,,,,
full_source_authorization_candidate,full-680490,USA Company,Data Analyst - USA Visa Sponsorship Jobs,"Pittsburg, CA",United States,"Job title: Data Analyst - USA Visa Sponsorship Jobs. Short title: Data Analyst. Company: USA Company. Location: Pittsburg, CA. Country: United States. Schedule: Full-time. Skills: ['sql', 'python', 'r']",high_fit,3.1939060970982407,not_available_for_full_source_candidate,availability_or_aggregator_mention,,,,
full_source_authorization_candidate,full-590592,USA Company,Data Scientist Data Scientist - USA Visa Sponsorship Jobs,"Greenville County, SC",United States,"Job title: Data Scientist Data Scientist - USA Visa Sponsorship Jobs. Short title: Data Scientist. Company: USA Company. Location: Greenville County, SC. Country: United States. Schedule: Full-time. Skills: ['python', 'java', 'c++', 'sql', 'nosql', 'r', 'oracle', 'keras', 'sap', 'flow']",medium_fit,1.0414621875881314,not_available_for_full_source_candidate,availability_or_aggregator_mention,,,,
full_source_authorization_candidate,full-692781,USA Company,Senior Data Scientist - Risk and Fraud - H1B Visa Sponsorship Jobs,"Brooklyn, NY",United States,"Job title: Senior Data Scientist - Risk and Fraud - H1B Visa Sponsorship Jobs. Short title: Senior Data Scientist. Company: USA Company. Location: Brooklyn, NY. Country: United States. Schedule: Full-time. Skills: ['sql', 'spark', 'looker']",low_fit,2.8463392792104925,not_available_for_full_source_candidate,availability_or_aggregator_mention,,,,
full_source_authorization_candidate,full-644715,USA Company,Data Analyst  (US REMOTE) USA Visa Sponsorship Jobs,"Charlotte, NC",United States,"Job title: Data Analyst  (US REMOTE) USA Visa Sponsorship Jobs. Short title: Data Analyst. Company: USA Company. Location: Charlotte, NC. Country: United States. Schedule: Full-time. Skills: ['sql', 'python', 'tableau', 'excel']",high_fit,3.568684694868071,not_available_for_full_source_candidate,availability_or_aggregator_mention,,,,
full_source_authorization_candidate,full-681543,USA Company,Data Science Manager - USA Visa Sponsorship Jobs,"Frazer, PA",United States,"Job title: Data Science Manager - USA Visa Sponsorship Jobs. Short title: Data Scientist. Company: USA Company. Location: Frazer, PA. Country: United States. Schedule: Full-time. Skills: ",low_fit,1.7584045994625839,not_available_for_full_source_candidate,availability_or_aggregator_mention,,,,
full_source_authorization_candidate,full-682841,USA Company,Senior Data Scientist H1B Visa Sponsorship Jobs,"Brooklyn, NY",United States,"Job title: Senior Data Scientist H1B Visa Sponsorship Jobs. Short title: Senior Data Scientist. Company: USA Company. Location: Brooklyn, NY. Country: United States. Schedule: Full-time. Skills: ['sql', 'hadoop', 'looker', 'tableau']",low_fit,3.340173535389697,not_available_for_full_source_candidate,availability_or_aggregator_mention,,,,
full_source_authorization_candidate,full-595146,USA Company,Data Scientist USA Visa Sponsorship Jobs,"San Francisco, CA",United States,"Job title: Data Scientist USA Visa Sponsorship Jobs. Short title: Data Scientist. Company: USA Company. Location: San Francisco, CA. Country: United States. Schedule: Full-time. Skills: ['go', 'python', 'jupyter', 'pandas', 'pytorch', 'numpy', 'looker', 'tableau']",medium_fit,1.0365164410854784,not_available_for_full_source_candidate,availability_or_aggregator_mention,,,,
full_source_authorization_candidate,full-611927,USA Company,Data Engineer - H-1B USA Visa Sponsorship Jobs,"San Francisco, CA",Sudan,"Job title: Data Engineer - H-1B USA Visa Sponsorship Jobs. Short title: Data Engineer. Company: USA Company. Location: San Francisco, CA. Country: Sudan. Schedule: Full-time. Skills: ['sql', 'nosql', 'python', 'mongodb', 'mongodb', 'cassandra', 'aws', 'redshift', 'hadoop', 'spark', 'kafka']",low_fit,3.4400922035888595,not_available_for_full_source_candidate,availability_or_aggregator_mention,,,,
full_source_authorization_candidate,full-690417,USA Company,"Senior Data Scientist, Product H1B Visa Sponsorship Jobs","Brooklyn, NY",United States,"Job title: Senior Data Scientist, Product H1B Visa Sponsorship Jobs. Short title: Senior Data Scientist. Company: USA Company. Location: Brooklyn, NY. Country: United States. Schedule: Full-time. Skills: ['sql', 'express', 'looker', 'tableau']",low_fit,3.118404606369853,not_available_for_full_source_candidate,availability_or_aggregator_mention,,,,
full_source_authorization_candidate,full-519144,USA Company,"Senior Data Scientist, Specialist - H1B Visa Sponsorship Jobs","Frazer, PA",United States,"Job title: Senior Data Scientist, Specialist - H1B Visa Sponsorship Jobs. Short title: Senior Data Scientist. Company: USA Company. Location: Frazer, PA. Country: United States. Schedule: Full-time. Skills: ['python', 'r', 'sql', 'go', 'aws', 'tensorflow', 'pytorch', 'keras', 'scikit-learn', 'hadoop', 'spark', 'hugging face', 'git', 'bitbucket']",low_fit,3.109168483823421,not_available_for_full_source_candidate,availability_or_aggregator_mention,,,,
full_source_authorization_candidate,full-681844,USA Company,"Data Scientist, Analytics USA Visa Sponsorship Jobs","Remote, OR",United States,"Job title: Data Scientist, Analytics USA Visa Sponsorship Jobs. Short title: Data Scientist. Company: USA Company. Location: Remote, OR. Country: United States. Schedule: Full-time. Skills: ['sql', 'python', 'r', 'tableau']",medium_fit,1.663942638398116,not_available_for_full_source_candidate,availability_or_aggregator_mention,,,,
full_source_authorization_candidate,full-691302,USA Company,Founding Data Scientist USA Visa Sponsorship Jobs,"San Francisco, CA",United States,"Job title: Founding Data Scientist USA Visa Sponsorship Jobs. Short title: Data Scientist. Company: USA Company. Location: San Francisco, CA. Country: United States. Schedule: Full-time. Skills: ",unclear,1.2219715064345147,not_available_for_full_source_candidate,availability_or_aggregator_mention,,,,
full_source_authorization_candidate,full-664466,USA Company,Data Analyst (Mobile Growth) - HYBRID USA Visa Sponsorship Jobs,"Bonita Springs, FL",United States,"Job title: Data Analyst (Mobile Growth) - HYBRID USA Visa Sponsorship Jobs. Short title: Data Analyst. Company: USA Company. Location: Bonita Springs, FL. Country: United States. Schedule: Full-time. Skills: ",high_fit,1.684064460296183,not_available_for_full_source_candidate,availability_or_aggregator_mention,,,,
full_source_authorization_candidate,full-696197,USA Company,Data Analyst - USA Visa Sponsorship Jobs,"Crowley, TX",United States,"Job title: Data Analyst - USA Visa Sponsorship Jobs. Short title: Data Analyst. Company: USA Company. Location: Crowley, TX. Country: United States. Schedule: Full-time. Skills: ['sql', 'jira']",high_fit,0.8657570246940554,not_available_for_full_source_candidate,availability_or_aggregator_mention,,,,
full_source_authorization_candidate,full-689510,USA Company,"Data Scientist II, Electrification USA Visa Sponsorship Jobs","Chicago, IL",United States,"Job title: Data Scientist II, Electrification USA Visa Sponsorship Jobs. Short title: Data Scientist. Company: USA Company. Location: Chicago, IL. Country: United States. Schedule: Full-time. Skills: ",unclear,1.3182311476487567,not_available_for_full_source_candidate,availability_or_aggregator_mention,,,,
full_source_authorization_candidate,full-678350,USA Company,Data Scientist I - USA Visa Sponsorship Jobs,"Cary, NC",United States,"Job title: Data Scientist I - USA Visa Sponsorship Jobs. Short title: Data Scientist. Company: USA Company. Location: Cary, NC. Country: United States. Schedule: Full-time. Skills: ['sas', 'sas', 'spss']",medium_fit,1.1480146254425125,not_available_for_full_source_candidate,availability_or_aggregator_mention,,,,
full_source_authorization_candidate,full-678592,USA Company,Sr. Data Scientist - Condition Monitoring - USA Visa Sponsorship Jobs,"Peoria, IL",United States,"Job title: Sr. Data Scientist - Condition Monitoring - USA Visa Sponsorship Jobs. Short title: Data Scientist. Company: USA Company. Location: Peoria, IL. Country: United States. Schedule: Full-time. Skills: ['python', 'snowflake', 'aws', 'azure', 'numpy', 'scikit-learn', 'pandas']",low_fit,2.707918930924601,not_available_for_full_source_candidate,availability_or_aggregator_mention,,,,
full_source_authorization_candidate,full-694197,USA Company,"Data Scientist, Product Analytics - USA Visa Sponsorship Jobs","Brooklyn, NY",United States,"Job title: Data Scientist, Product Analytics - USA Visa Sponsorship Jobs. Short title: Data Scientist. Company: USA Company. Location: Brooklyn, NY. Country: United States. Schedule: Full-time. Skills: ['sql']",unclear,0.28005444199074747,not_available_for_full_source_candidate,availability_or_aggregator_mention,,,,
full_source_authorization_candidate,full-667768,USA Company,"Data Engineer, Specialist - H1B Visa Sponsorship Jobs","Plano, TX",United States,"Job title: Data Engineer, Specialist - H1B Visa Sponsorship Jobs. Short title: Data Engineer. Company: USA Company. Location: Plano, TX. Country: United States. Schedule: Full-time. Skills: ['elasticsearch', 'aws', 'redshift', 'snowflake', 'spark', 'pyspark']",low_fit,1.806615713424387,not_available_for_full_source_candidate,availability_or_aggregator_mention,,,,
full_source_authorization_candidate,full-253840,Aim Computer Consulting LLC,Hiring H1B visa sponsorship Java Dot NET UI Data Science Data...,United States,United States,"Job title: Hiring H1B visa sponsorship Java Dot NET UI Data Science Data.... Short title: Data Scientist. Company: Aim Computer Consulting LLC. Location: United States. Country: United States. Schedule: Full-time. Skills: ['python', 'azure', 'snowflake']",high_fit,0.17985612165934706,not_available_for_full_source_candidate,availability_or_aggregator_mention,,,,
full_source_authorization_candidate,full-662777,USA Company,Data Analyst - USA Visa Sponsorship Jobs,"Lawrence, MA",United States,"Job title: Data Analyst - USA Visa Sponsorship Jobs. Short title: Data Analyst. Company: USA Company. Location: Lawrence, MA. Country: United States. Schedule: Full-time. Skills: ['sql', 'postgresql', 'aws', 'oracle', 'tableau']",high_fit,2.279044635189295,not_available_for_full_source_candidate,availability_or_aggregator_mention,,,,
full_source_authorization_candidate,full-664754,USA Company,Lead Data Analyst - H-1B USA Visa Sponsorship Jobs,"San Francisco, CA",United States,"Job title: Lead Data Analyst - H-1B USA Visa Sponsorship Jobs. Short title: Data Analyst. Company: USA Company. Location: San Francisco, CA. Country: United States. Schedule: Full-time. Skills: ['sql']",low_fit,1.2304366705748775,not_available_for_full_source_candidate,availability_or_aggregator_mention,,,,
full_source_authorization_candidate,full-22647,USA Company,Data Scientist  USA Visa Sponsorship Jobs,United States,Sudan,"Job title: Data Scientist  USA Visa Sponsorship Jobs. Short title: Data Scientist. Company: USA Company. Location: United States. Country: Sudan. Schedule: Full-time. Skills: ['python', 'databricks', 'pandas', 'numpy', 'matplotlib', 'pyspark']",medium_fit,2.300750180111895,not_available_for_full_source_candidate,availability_or_aggregator_mention,,,,
full_source_authorization_candidate,full-651122,USA Company,Data Analyst - H1B Visa Sponsorship Jobs,"Crowley, TX",United States,"Job title: Data Analyst - H1B Visa Sponsorship Jobs. Short title: Data Analyst. Company: USA Company. Location: Crowley, TX. Country: United States. Schedule: Full-time. Skills: ['sql', 'jira']",high_fit,0.6114857342557268,not_available_for_full_source_candidate,availability_or_aggregator_mention,,,,
full_source_authorization_candidate,full-690230,USA Company,"Data Analyst, Specialist - H1B Visa Sponsorship Jobs","Dallas, TX",United States,"Job title: Data Analyst, Specialist - H1B Visa Sponsorship Jobs. Short title: Data Analyst. Company: USA Company. Location: Dallas, TX. Country: United States. Schedule: Full-time. Skills: ['sql', 'go', 'aws', 'tableau', 'excel']",high_fit,3.695633145905436,not_available_for_full_source_candidate,availability_or_aggregator_mention,,,,
full_source_authorization_candidate,full-652963,USA Company,"Data Scientist, Marketing Analytics - H1B Visa Sponsorship Jobs","Brooklyn, NY",United States,"Job title: Data Scientist, Marketing Analytics - H1B Visa Sponsorship Jobs. Short title: Data Scientist. Company: USA Company. Location: Brooklyn, NY. Country: United States. Schedule: Full-time. Skills: ['sql', 'r', 'python', 'scala', 'php', 'ruby', 'ruby', 'hadoop', 'looker', 'tableau']",medium_fit,0.3137548520917812,not_available_for_full_source_candidate,availability_or_aggregator_mention,,,,
full_source_authorization_candidate,full-24361,USA Company,Data Scientist- Renewals USA Visa Sponsorship Jobs,United States,United States,"Job title: Data Scientist- Renewals USA Visa Sponsorship Jobs. Short title: Data Scientist. Company: USA Company. Location: United States. Country: United States. Schedule: Full-time. Skills: ['sql', 'python', 'r', 'airflow', 'tableau', 'looker']",medium_fit,1.1932017949239977,not_available_for_full_source_candidate,availability_or_aggregator_mention,,,,
full_source_authorization_candidate,full-19823,Datafin,Snr Data Scientist (CPT ONLY) at Datafin Recruitment,"Cape Town, South Africa",South Africa,"Job title: Snr Data Scientist (CPT ONLY) at Datafin Recruitment. Short title: Senior Data Scientist. Company: Datafin. Location: Cape Town, South Africa. Country: South Africa. Schedule: Full-time. Skills: ['sas', 'sas', 'excel', 'word', 'powerpoint']",low_fit,1.0252149616788926,not_available_for_full_source_candidate,ambiguous_mention,,,,
full_source_authorization_candidate,full-305180,Confidential,We do have Openings For Data Scientist /H1B Visa Holders Can Apply,"Bengaluru, Karnataka, India",India,"Job title: We do have Openings For Data Scientist /H1B Visa Holders Can Apply. Short title: Data Scientist. Company: Confidential. Location: Bengaluru, Karnataka, India. Country: India. Schedule: Full-time. Skills: ",unclear,0.7398666246437724,not_available_for_full_source_candidate,ambiguous_mention,,,,
full_source_authorization_candidate,full-302541,Visa,"Senior Data Science Manager - Visa, Consulting & Analytics","Stockholm, Sweden",Sweden,"Job title: Senior Data Science Manager - Visa, Consulting & Analytics. Short title: Senior Data Scientist. Company: Visa. Location: Stockholm, Sweden. Country: Sweden. Schedule: Full-time. Skills: ['spark']",low_fit,5.269553663361466,not_available_for_full_source_candidate,ambiguous_mention,,,,
full_source_authorization_candidate,full-445263,GlobalSource IT,"Azure Data Engineer - H-1B OK, Direct Hire","Minneapolis, MN",United States,"Job title: Azure Data Engineer - H-1B OK, Direct Hire. Short title: Data Engineer. Company: GlobalSource IT. Location: Minneapolis, MN. Country: United States. Schedule: Full-time. Skills: ['sql', 'azure', 'git']",low_fit,2.8662587334613443,not_available_for_full_source_candidate,ambiguous_mention,,,,
full_source_authorization_candidate,full-445827,Miracle Software Systems,Travel to US - H1B Transfers - Data Engineer,United States,United States,"Job title: Travel to US - H1B Transfers - Data Engineer. Short title: Data Engineer. Company: Miracle Software Systems. Location: United States. Country: United States. Schedule: Full-time. Skills: ['java', 'sql', 'python', 'sql server', 'gcp', 'hadoop', 'spark', 'airflow', 'terraform']",low_fit,2.4520930011496076,not_available_for_full_source_candidate,ambiguous_mention,,,,
full_source_authorization_candidate,full-299677,Visaitalia,"Senior Data Scientist, Europe Visa Functions and Products","Warsaw, Poland",Poland,"Job title: Senior Data Scientist, Europe Visa Functions and Products. Short title: Senior Data Scientist. Company: Visaitalia. Location: Warsaw, Poland. Country: Poland. Schedule: Full-time. Skills: ['spark', 'tableau', 'power bi']",low_fit,3.660848823327049,not_available_for_full_source_candidate,ambiguous_mention,,,,
full_source_authorization_candidate,full-319707,Datafin IT Recruitment,Snr Data Scientist (CPT ONLY),South Africa,South Africa,"Job title: Snr Data Scientist (CPT ONLY). Short title: Data Scientist. Company: Datafin IT Recruitment. Location: South Africa. Country: South Africa. Schedule: Full-time. Skills: ['sas', 'sas', 'excel', 'word', 'powerpoint']",medium_fit,2.092859421323165,not_available_for_full_source_candidate,ambiguous_mention,,,,
full_source_authorization_candidate,full-532654,Visa,"Sr. Data Scientist, Visa Consulting & Analytics Thailand","Miami, FL",United States,"Job title: Sr. Data Scientist, Visa Consulting & Analytics Thailand. Short title: Senior Data Scientist. Company: Visa. Location: Miami, FL. Country: United States. Schedule: Full-time. Skills: ['python', 'hadoop']",low_fit,4.897359982607142,not_available_for_full_source_candidate,ambiguous_mention,,,,
full_source_authorization_candidate,full-195020,VForce Infotech,CPT/OPT/H1 Hiring and Placement for Data Analyst,"New York, NY",United States,"Job title: CPT/OPT/H1 Hiring and Placement for Data Analyst. Short title: Data Analyst. Company: VForce Infotech. Location: New York, NY. Country: United States. Schedule: Contractor. Skills: ",high_fit,0.5882813411145696,not_available_for_full_source_candidate,ambiguous_mention,,,,
full_source_authorization_candidate,full-707135,Visa,"Sr Data Scientist, Visa Consulting & Analytics, Vietnam - 8 month...",United States,United States,"Job title: Sr Data Scientist, Visa Consulting & Analytics, Vietnam - 8 month.... Short title: Senior Data Scientist. Company: Visa. Location: United States. Country: United States. Schedule: Full-time. Skills: ['hadoop', 'excel', 'powerpoint']",low_fit,5.543373965216466,not_available_for_full_source_candidate,ambiguous_mention,,,,
full_source_authorization_candidate,full-379800,Sulekha.com Client - Visa,"Lead Data Engineer Job in Visa Austin, Texas","Austin, TX",United States,"Job title: Lead Data Engineer Job in Visa Austin, Texas. Short title: Data Engineer. Company: Sulekha.com Client - Visa. Location: Austin, TX. Country: United States. Schedule: Full-time. Skills: ",low_fit,6.0425001940300405,not_available_for_full_source_candidate,ambiguous_mention,,,,
full_source_authorization_candidate,full-173862,Dice,Databricks Developer/ Data Engineer || Any Visa is fine Except OPT...,Anywhere,United States,"Job title: Databricks Developer/ Data Engineer || Any Visa is fine Except OPT.... Short title: Data Engineer. Company: Dice. Location: Anywhere. Country: United States. Schedule: Full-time. Skills: ['r', 'databricks', 'spark', 'jupyter']",low_fit,3.2961543969029674,not_available_for_full_source_candidate,ambiguous_mention,,,,
full_source_authorization_candidate,full-18990,Visa,Consulting Analyst - Visa Consulting and Analytics,"Rome, Metropolitan City of Rome Capital, Italy",Italy,"Job title: Consulting Analyst - Visa Consulting and Analytics. Short title: Business Analyst. Company: Visa. Location: Rome, Metropolitan City of Rome Capital, Italy. Country: Italy. Schedule: Full-time. Skills: ['powerpoint']",unclear,0.15587039063976352,not_available_for_full_source_candidate,ambiguous_mention,,,,
full_source_authorization_candidate,full-175529,Datafin Recruitment,Data Engineering and Analytics Team Lead (Perm/Contract) (CPT/JHB),"Cape Town, South Africa",South Africa,"Job title: Data Engineering and Analytics Team Lead (Perm/Contract) (CPT/JHB). Short title: Data Engineer. Company: Datafin Recruitment. Location: Cape Town, South Africa. Country: South Africa. Schedule: Contractor. Skills: ['sql', 'excel', 'word', 'powerpoint']",low_fit,5.546326174752551,not_available_for_full_source_candidate,ambiguous_mention,,,,
full_source_authorization_candidate,full-521196,Datafin IT Recruitment,Data Engineer (CPT Hybrid),South Africa,South Africa,"Job title: Data Engineer (CPT Hybrid). Short title: Data Engineer. Company: Datafin IT Recruitment. Location: South Africa. Country: South Africa. Schedule: Full-time. Skills: ['python', 'scala', 'java', 'c', 'aws', 'redshift', 'spark', 'git', 'svn']",low_fit,3.5768052966570134,not_available_for_full_source_candidate,ambiguous_mention,,,,
full_source_authorization_candidate,full-62954,Neb Students .co,Data Engineer Jobs in USA with Visa Sponsorship,United States   (+2 others),United States,"Job title: Data Engineer Jobs in USA with Visa Sponsorship. Short title: Data Engineer. Company: Neb Students .co. Location: United States   (+2 others). Country: United States. Schedule: Full-time. Skills: ['python', 'java', 'scala', 'aws', 'azure', 'hadoop', 'spark', 'tableau', 'power bi']",low_fit,1.8390036069009212,not_available_for_full_source_candidate,ambiguous_mention,,,,
full_source_authorization_candidate,full-205854,Visa,Senior Data Engineer- Visa Research,"Austin, TX",United States,"Job title: Senior Data Engineer- Visa Research. Short title: Senior Data Engineer. Company: Visa. Location: Austin, TX. Country: United States. Schedule: Full-time. Skills: ['java', 'python', 'scala', 'go', 'no-sql', 'html', 'css', 'javascript', 'sql', 'nosql', 'hadoop', 'spark', 'tensorflow']",low_fit,6.663724279009765,not_available_for_full_source_candidate,ambiguous_mention,,,,
full_source_authorization_candidate,full-519741,Visa,"Data Science Lead, Visa Consulting & Analytics, Indonesia",Indonesia,Indonesia,"Job title: Data Science Lead, Visa Consulting & Analytics, Indonesia. Short title: Data Scientist. Company: Visa. Location: Indonesia. Country: Indonesia. Schedule: Full-time. Skills: ['hadoop', 'excel', 'powerpoint']",low_fit,2.0029184844335357,not_available_for_full_source_candidate,ambiguous_mention,,,,
full_source_authorization_candidate,full-371445,Visa,Staff Data Engineer - Visa Research,"Austin, TX",United States,"Job title: Staff Data Engineer - Visa Research. Short title: Data Engineer. Company: Visa. Location: Austin, TX. Country: United States. Schedule: Full-time. Skills: ['java', 'python', 'scala', 'go', 'no-sql', 'html', 'css', 'javascript', 'nosql', 'hadoop', 'spark', 'tensorflow']",low_fit,2.8778772104809733,not_available_for_full_source_candidate,ambiguous_mention,,,,
full_source_authorization_candidate,full-110297,Visa,"Sr. Data Scientist, Visa Consulting & Analytics Thailand","Bangkok, Thailand",Thailand,"Job title: Sr. Data Scientist, Visa Consulting & Analytics Thailand. Short title: Senior Data Scientist. Company: Visa. Location: Bangkok, Thailand. Country: Thailand. Schedule: Full-time. Skills: ['python', 'hadoop']",low_fit,4.051298281001969,not_available_for_full_source_candidate,ambiguous_mention,,,,
full_source_authorization_candidate,full-587211,BETSoftware,Business Intelligence Engineer 2 (CPT),South Africa,South Africa,"Job title: Business Intelligence Engineer 2 (CPT). Short title: Business Analyst. Company: BETSoftware. Location: South Africa. Country: South Africa. Schedule: Full-time. Skills: ['sql', 't-sql', 'sql server', 'ssis', 'ssrs', 'power bi']",medium_fit,1.198392481300539,not_available_for_full_source_candidate,ambiguous_mention,,,,
full_source_authorization_candidate,full-163394,Vaco,Data Engineer- Austin TX or Nashville TN-No C2C or Sponsorship,"Nashville, TN",United States,"Job title: Data Engineer- Austin TX or Nashville TN-No C2C or Sponsorship. Short title: Data Engineer. Company: Vaco. Location: Nashville, TN. Country: United States. Schedule: Full-time. Skills: ['sql', 'python', 'azure', 'databricks', 'spark']",low_fit,2.7222213332302045,not_available_for_full_source_candidate,ambiguous_mention,,,,
full_source_authorization_candidate,full-439946,Neb Students .co,Data Analyst Jobs in Canada with Visa Sponsorship,Canada   (+2 others),Canada,"Job title: Data Analyst Jobs in Canada with Visa Sponsorship. Short title: Data Analyst. Company: Neb Students .co. Location: Canada   (+2 others). Country: Canada. Schedule: Full-time. Skills: ['python', 'r', 'excel']",medium_fit,1.2425699443129274,not_available_for_full_source_candidate,ambiguous_mention,,,,
full_source_authorization_candidate,full-561234,151A NEIGHBORS,AI Engineer Deep Learning Sports data company (VISA support available),"Shinjuku City, Tokyo, Japan",Japan,"Job title: AI Engineer Deep Learning Sports data company (VISA support available). Short title: Machine Learning Engineer. Company: 151A NEIGHBORS. Location: Shinjuku City, Tokyo, Japan. Country: Japan. Schedule: Full-time. Skills: ['tensorflow', 'pytorch']",low_fit,1.9759418869799887,not_available_for_full_source_candidate,ambiguous_mention,,,,
full_source_authorization_candidate,full-423011,Visa,Analyst Data Science at Visa,"Nairobi, Kenya",Kenya,"Job title: Analyst Data Science at Visa. Short title: Data Analyst. Company: Visa. Location: Nairobi, Kenya. Country: Kenya. Schedule: Full-time. Skills: ['sql', 'shell', 'sas', 'sas', 'python', 'r', 'scala', 'java', 'matlab', 'c++', 'elasticsearch', 'hadoop', 'spark', 'jupyter', 'linux']",medium_fit,1.1848980201630952,not_available_for_full_source_candidate,ambiguous_mention,,,,
full_source_authorization_candidate,full-270507,Maverick Overseas Consultancy,Data Engineer required in Canada under PR Visa ** services are...,"Bengaluru, Karnataka, India",India,"Job title: Data Engineer required in Canada under PR Visa ** services are.... Short title: Data Engineer. Company: Maverick Overseas Consultancy. Location: Bengaluru, Karnataka, India. Country: India. Schedule: Full-time. Skills: ",low_fit,2.442108942794926,not_available_for_full_source_candidate,ambiguous_mention,,,,
full_source_authorization_candidate,full-238306,Datafin IT Recruitment,Data Engineer (Client Value) (JHB/CPT),"Johannesburg, South Africa",South Africa,"Job title: Data Engineer (Client Value) (JHB/CPT). Short title: Data Engineer. Company: Datafin IT Recruitment. Location: Johannesburg, South Africa. Country: South Africa. Schedule: Full-time. Skills: ['sql', 'python', 'sql server', 'aws', 'redshift', 'ssis', 'ssrs', 'word', 'excel', 'outlook', 'power bi']",low_fit,2.7338500116821907,not_available_for_full_source_candidate,ambiguous_mention,,,,
full_source_authorization_candidate,full-665044,Datafin IT Recruitment,Data Engineer (CPT Hybrid),"Cape Town, South Africa",South Africa,"Job title: Data Engineer (CPT Hybrid). Short title: Data Engineer. Company: Datafin IT Recruitment. Location: Cape Town, South Africa. Country: South Africa. Schedule: Full-time. Skills: ['python', 'scala', 'java', 'c', 'aws', 'redshift', 'spark', 'git', 'svn']",low_fit,3.3118913110968133,not_available_for_full_source_candidate,ambiguous_mention,,,,
full_source_authorization_candidate,full-148388,Visa,"Director, Data Science - Visa Consulting -",Malaysia,Malaysia,"Job title: Director, Data Science - Visa Consulting -. Short title: Data Scientist. Company: Visa. Location: Malaysia. Country: Malaysia. Schedule: Full-time. Skills: ",unclear,0.5765053209254456,not_available_for_full_source_candidate,ambiguous_mention,,,,
full_source_authorization_candidate,full-384105,Visa,"Sr Data Scientist, Visa Consulting & Analytics, Vietnam - 8 month...","Ho Chi Minh City, Vietnam",Vietnam,"Job title: Sr Data Scientist, Visa Consulting & Analytics, Vietnam - 8 month.... Short title: Senior Data Scientist. Company: Visa. Location: Ho Chi Minh City, Vietnam. Country: Vietnam. Schedule: Full-time. Skills: ['hadoop', 'excel', 'powerpoint']",low_fit,4.321327250532988,not_available_for_full_source_candidate,ambiguous_mention,,,,
full_source_authorization_candidate,full-443182,tapwage,Senior Data Scientist – Visa Consulting,"Berlin, Germany",Germany,"Job title: Senior Data Scientist – Visa Consulting. Short title: Senior Data Scientist. Company: tapwage. Location: Berlin, Germany. Country: Germany. Schedule: Full-time. Skills: ['sql', 'python', 'r', 'hadoop', 'spark']",low_fit,4.312804267842928,not_available_for_full_source_candidate,ambiguous_mention,,,,
full_source_authorization_candidate,full-754700,Visa,Data Science Lead/ Visa Consulting / Analytics/ Indonesia,"Jakarta, Indonesia",Indonesia,"Job title: Data Science Lead/ Visa Consulting / Analytics/ Indonesia. Short title: Data Scientist. Company: Visa. Location: Jakarta, Indonesia. Country: Indonesia. Schedule: Full-time. Skills: ['excel', 'powerpoint']",low_fit,1.6907129371032714,not_available_for_full_source_candidate,ambiguous_mention,,,,
full_source_authorization_candidate,full-64260,BroadAxis,Data Engineer (Offering Sponsorship),"Dallas, TX",United States,"Job title: Data Engineer (Offering Sponsorship). Short title: Data Engineer. Company: BroadAxis. Location: Dallas, TX. Country: United States. Schedule: Full-time. Skills: ['bash', 'python']",low_fit,3.6298669163639836,not_available_for_full_source_candidate,ambiguous_mention,,,,
full_source_authorization_candidate,full-692309,Datafin IT Recruitment,Data Engineer (CPT Only),"Stellenbosch, South Africa",South Africa,"Job title: Data Engineer (CPT Only). Short title: Data Engineer. Company: Datafin IT Recruitment. Location: Stellenbosch, South Africa. Country: South Africa. Schedule: Full-time. Skills: ['sql', 'python', 'sql server', 'aws', 'ssis', 'ssrs', 'word', 'excel', 'outlook', 'power bi']",low_fit,3.3747731948152713,not_available_for_full_source_candidate,ambiguous_mention,,,,
full_source_authorization_candidate,full-203345,Talent Group,Data Engineer/Lead/Architect(Any Visa is fine),"Sunnyvale, CA",United States,"Job title: Data Engineer/Lead/Architect(Any Visa is fine). Short title: Data Engineer. Company: Talent Group. Location: Sunnyvale, CA. Country: United States. Schedule: Full-time. Skills: ['python', 'sql', 'snowflake', 'aws']",low_fit,2.9571509419630777,not_available_for_full_source_candidate,ambiguous_mention,,,,
full_source_authorization_candidate,full-248688,Datafin,Senior Data Analyst CPT/JHB,South Africa,South Africa,"Job title: Senior Data Analyst CPT/JHB. Short title: Senior Data Analyst. Company: Datafin. Location: South Africa. Country: South Africa. Schedule: Full-time. Skills: ['sql', 'excel', 'tableau', 'qlik', 'power bi', 'word']",low_fit,4.95621965896825,not_available_for_full_source_candidate,ambiguous_mention,,,,
full_source_authorization_candidate,full-200943,LEARFIELD,"Analyst, Sponsorship Measurement",Texas,United States,"Job title: Analyst, Sponsorship Measurement. Short title: Business Analyst. Company: LEARFIELD. Location: Texas. Country: United States. Schedule: Full-time. Skills: ['sql', 'tableau']",high_fit,2.957897537720383,not_available_for_full_source_candidate,ambiguous_mention,,,,
full_source_authorization_candidate,full-425727,VISA,"Sr. Data Scientist, Visa Consulting","Bangkok, Thailand",Thailand,"Job title: Sr. Data Scientist, Visa Consulting. Short title: Senior Data Scientist. Company: VISA. Location: Bangkok, Thailand. Country: Thailand. Schedule: Full-time. Skills: ['python', 'hadoop']",low_fit,4.494209807080793,not_available_for_full_source_candidate,ambiguous_mention,,,,
full_source_authorization_candidate,full-285929,vectorsoft,Data Analyst ( Filing H1 for OPT EAD and h4 EAD candidates ),"Atlanta, GA",United States,"Job title: Data Analyst ( Filing H1 for OPT EAD and h4 EAD candidates ). Short title: Data Analyst. Company: vectorsoft. Location: Atlanta, GA. Country: United States. Schedule: Full-time. Skills: ['sql']",high_fit,2.0302446484680114,not_available_for_full_source_candidate,ambiguous_mention,,,,
full_source_authorization_candidate,full-590626,Confidential,We do have job Opening in U.S. For Big Data Engineer/H1B Visa Holders,"Bengaluru, Karnataka, India",India,"Job title: We do have job Opening in U.S. For Big Data Engineer/H1B Visa Holders. Short title: Data Engineer. Company: Confidential. Location: Bengaluru, Karnataka, India. Country: India. Schedule: Full-time. Skills: ",low_fit,2.2640341925206147,not_available_for_full_source_candidate,ambiguous_mention,,,,
full_source_authorization_candidate,full-686623,USA Company,"Data Scientist, Marketing Analytics - work visa jobs USA","Brooklyn, NY",United States,"Job title: Data Scientist, Marketing Analytics - work visa jobs USA. Short title: Data Scientist. Company: USA Company. Location: Brooklyn, NY. Country: United States. Schedule: Full-time. Skills: ['sql', 'r', 'python', 'scala', 'php', 'ruby', 'ruby', 'hadoop', 'looker', 'tableau']",medium_fit,0.9526588913703844,not_available_for_full_source_candidate,ambiguous_mention,,,,
full_source_authorization_candidate,full-389426,ALStream,Business Analyst / Data Analyst (OPT/CPT/H1b),"New Brunswick, NJ",United States,"Job title: Business Analyst / Data Analyst (OPT/CPT/H1b). Short title: Data Analyst. Company: ALStream. Location: New Brunswick, NJ. Country: United States. Schedule: Contractor. Skills: ",high_fit,1.130821608553221,not_available_for_full_source_candidate,ambiguous_mention,,,,
full_source_authorization_candidate,full-363372,VISA,Senior Data Scientist – Visa Consulting,"Mons, Belgium",Belgium,"Job title: Senior Data Scientist – Visa Consulting. Short title: Senior Data Scientist. Company: VISA. Location: Mons, Belgium. Country: Belgium. Schedule: Full-time. Skills: ['sql', 'python', 'r', 'hadoop', 'spark']",low_fit,4.253771184414102,not_available_for_full_source_candidate,ambiguous_mention,,,,
full_source_authorization_candidate,full-65201,Confidential,We do have  Opening in U.S. For Big Data Engineer/H1B Visa Holders,"Karnataka, India",India,"Job title: We do have  Opening in U.S. For Big Data Engineer/H1B Visa Holders. Short title: Data Engineer. Company: Confidential. Location: Karnataka, India. Country: India. Schedule: Full-time. Skills: ",low_fit,2.282607004565085,not_available_for_full_source_candidate,ambiguous_mention,,,,
full_source_authorization_candidate,full-645419,E-Frontiers,Data Engineer - Mullingar - Hybrid (offers sponsorship),"Mullingar, County Westmeath, Ireland",Ireland,"Job title: Data Engineer - Mullingar - Hybrid (offers sponsorship). Short title: Data Engineer. Company: E-Frontiers. Location: Mullingar, County Westmeath, Ireland. Country: Ireland. Schedule: Full-time. Skills: ['sql', 'java', 'scala', 'python', 'r']",low_fit,2.6179086456243956,not_available_for_full_source_candidate,ambiguous_mention,,,,
full_source_authorization_candidate,full-16574,BET Software,Business Intelligence Engineer (CPT),South Africa,South Africa,"Job title: Business Intelligence Engineer (CPT). Short title: Business Analyst. Company: BET Software. Location: South Africa. Country: South Africa. Schedule: Full-time. Skills: ['sql', 't-sql', 'sql server', 'ssis', 'ssrs', 'power bi']",medium_fit,1.2277064318331117,not_available_for_full_source_candidate,ambiguous_mention,,,,
full_source_authorization_candidate,full-159126,Visa,"Senior Director - Head of Internal Data Science, Visa Europe","London, UK",United Kingdom,"Job title: Senior Director - Head of Internal Data Science, Visa Europe. Short title: Senior Data Scientist. Company: Visa. Location: London, UK. Country: United Kingdom. Schedule: Full-time. Skills: ['python', 'tableau']",low_fit,3.674559078756729,not_available_for_full_source_candidate,ambiguous_mention,,,,
full_source_authorization_candidate,full-451456,Narvee Technologies Pvt Ltd,"Jr. Data Engineer - CPT, OPT",Anywhere,United States,"Job title: Jr. Data Engineer - CPT, OPT. Short title: Data Engineer. Company: Narvee Technologies Pvt Ltd. Location: Anywhere. Country: United States. Schedule: Contractor and Temp work. Skills: ['sql', 'scala', 'python', 'powershell', 'azure', 'databricks', 'redshift', 'snowflake', 'aws', 'airflow', 'spark', 'git']",low_fit,2.1652675898824127,not_available_for_full_source_candidate,ambiguous_mention,,,,
full_source_authorization_candidate,full-733333,KGS Technology Group Inc,OPT graduate looking for Business / Data Analyst,"Austin, TX",United States,"Job title: OPT graduate looking for Business / Data Analyst. Short title: Data Analyst. Company: KGS Technology Group Inc. Location: Austin, TX. Country: United States. Schedule: Full-time. Skills: ",high_fit,1.4100136375301355,not_available_for_full_source_candidate,ambiguous_mention,,,,
full_source_authorization_candidate,full-663907,Dice,AWS Data engineer with Pyspark - W2 ONLY - 100% Remote - Any visa...,Anywhere,United States,"Job title: AWS Data engineer with Pyspark - W2 ONLY - 100% Remote - Any visa.... Short title: Data Engineer. Company: Dice. Location: Anywhere. Country: United States. Schedule: Full-time. Skills: ['sql', 'python', 'aws', 'pyspark']",low_fit,3.227772068998644,not_available_for_full_source_candidate,ambiguous_mention,,,,
full_source_authorization_candidate,full-377797,Jade Biz Services,OPT-Azure Data Engineer,Anywhere,United States,"Job title: OPT-Azure Data Engineer. Short title: Data Engineer. Company: Jade Biz Services. Location: Anywhere. Country: United States. Schedule: Full-time. Skills: ['sql', 't-sql', 'python', 'java', 'scala', 'nosql', 'sql server', 'azure', 'oracle', 'jira']",low_fit,3.55596124951018,not_available_for_full_source_candidate,ambiguous_mention,,,,
full_source_authorization_candidate,full-775862,SynergisticIT,Junior Data Analyst/Data Scientist - Remote -H1b filing available...,"Chicago, IL",United States,"Job title: Junior Data Analyst/Data Scientist - Remote -H1b filing available.... Short title: Data Scientist. Company: SynergisticIT. Location: Chicago, IL. Country: United States. Schedule: Full-time. Skills: ['java', 'python', 'javascript', 'c++', 'spring', 'tableau']",high_fit,0.11484508671220817,not_available_for_full_source_candidate,ambiguous_mention,,,,
full_source_authorization_candidate,full-316446,Datafin IT Recruitment,HRIS Data Analyst (CPT Hybrid),South Africa,South Africa,"Job title: HRIS Data Analyst (CPT Hybrid). Short title: Data Analyst. Company: Datafin IT Recruitment. Location: South Africa. Country: South Africa. Schedule: Full-time. Skills: ['sap', 'excel', 'powerpoint', 'power bi', 'flow']",medium_fit,0.31599976851702843,not_available_for_full_source_candidate,ambiguous_mention,,,,
full_source_authorization_candidate,full-345550,J-K Network,Vietnamese Data Analyst (Free Visa Processing),"Mandaluyong, Metro Manila, Philippines",Philippines,"Job title: Vietnamese Data Analyst (Free Visa Processing). Short title: Data Analyst. Company: J-K Network. Location: Mandaluyong, Metro Manila, Philippines. Country: Philippines. Schedule: Full-time. Skills: ",unclear,1.274070152969697,not_available_for_full_source_candidate,ambiguous_mention,,,,
full_source_authorization_candidate,full-604756,Heineken Netherlands,Data Science Jobs in Amsterdam With Visa Sponsorship,"Amsterdam, Netherlands",Netherlands,"Job title: Data Science Jobs in Amsterdam With Visa Sponsorship. Short title: Data Scientist. Company: Heineken Netherlands. Location: Amsterdam, Netherlands. Country: Netherlands. Schedule: Full-time. Skills: ['python', 'go', 'azure', 'databricks', 'pandas', 'scikit-learn']",medium_fit,2.3608813388934418,not_available_for_full_source_candidate,ambiguous_mention,,,,
full_source_authorization_candidate,full-423478,Business Integra Inc,Sr. Business Data Analyst |H1B/GC/USC|,"Chicago, IL",United States,"Job title: Sr. Business Data Analyst |H1B/GC/USC|. Short title: Senior Data Analyst. Company: Business Integra Inc. Location: Chicago, IL. Country: United States. Schedule: Full-time. Skills: ['sql', 'word', 'excel', 'outlook', 'power bi']",low_fit,4.20604875360792,not_available_for_full_source_candidate,ambiguous_mention,,,,
full_source_authorization_candidate,full-581459,Forte Group,Data Engineer for H1b,"Chicago, IL",United States,"Job title: Data Engineer for H1b. Short title: Data Engineer. Company: Forte Group. Location: Chicago, IL. Country: United States. Schedule: Full-time. Skills: ['sql', 'python', 'java', 'scala', 'aws', 'snowflake', 'tableau']",low_fit,2.308979519341893,not_available_for_full_source_candidate,ambiguous_mention,,,,
full_source_authorization_candidate,full-467681,Avacend Inc,"Data Engineer - Only US Citizen, GC & OPT - W2","Mountain View, CA",Sudan,"Job title: Data Engineer - Only US Citizen, GC & OPT - W2. Short title: Data Engineer. Company: Avacend Inc. Location: Mountain View, CA. Country: Sudan. Schedule: Contractor. Skills: ['sql', 'java', 'aws', 'redshift', 'snowflake', 'linux']",low_fit,3.5272584309792885,not_available_for_full_source_candidate,ambiguous_mention,,,,
full_source_authorization_candidate,full-658551,USA Company,Associate Business Data Scientist - Remote - H-1B USA Visa...,United States,United States,"Job title: Associate Business Data Scientist - Remote - H-1B USA Visa.... Short title: Data Scientist. Company: USA Company. Location: United States. Country: United States. Schedule: Full-time. Skills: ['sql', 'mysql', 'sql server', 'postgresql', 'oracle', 'jupyter', 'kafka', 'kubernetes']",unclear,1.767671429299897,not_available_for_full_source_candidate,ambiguous_mention,,,,
full_source_authorization_candidate,full-172822,Tiger Recruitment,Data Engineer ( MUST HAVE OWN VISA )new,"London, UK",United Kingdom,"Job title: Data Engineer ( MUST HAVE OWN VISA )new. Short title: Data Engineer. Company: Tiger Recruitment. Location: London, UK. Country: United Kingdom. Schedule: Full-time. Skills: ['python', 'sql', 'databricks', 'spark']",low_fit,5.470413225863016,not_available_for_full_source_candidate,ambiguous_mention,,,,
full_source_authorization_candidate,full-421576,Visa,Senior Data Engineer- Visa AI as a Service,"Austin, TX",United States,"Job title: Senior Data Engineer- Visa AI as a Service. Short title: Senior Data Engineer. Company: Visa. Location: Austin, TX. Country: United States. Schedule: Full-time. Skills: ['go', 'golang', 'java']",low_fit,6.467913397895217,not_available_for_full_source_candidate,ambiguous_mention,,,,
full_source_authorization_candidate,full-685693,Visa,"Senior Manager, Data Science - Visa Consulting & Analytics, Singapore",Singapore,Singapore,"Job title: Senior Manager, Data Science - Visa Consulting & Analytics, Singapore. Short title: Senior Data Scientist. Company: Visa. Location: Singapore. Country: Singapore. Schedule: Full-time. Skills: ['hadoop', 'excel', 'powerpoint']",low_fit,6.052553296472064,not_available_for_full_source_candidate,ambiguous_mention,,,,
full_source_authorization_candidate,full-543819,Jade Biz Services,OPT-AWS Data Engineer,Texas,United States,"Job title: OPT-AWS Data Engineer. Short title: Data Engineer. Company: Jade Biz Services. Location: Texas. Country: United States. Schedule: Contractor. Skills: ['nosql', 'python', 'aws', 'redshift', 'pyspark']",low_fit,2.9912023739210003,not_available_for_full_source_candidate,ambiguous_mention,,,,
full_source_authorization_candidate,full-71660,Visa,"Senior Manager, Data Science - Visa Consulting & Analytics","Ho Chi Minh City, Vietnam",Vietnam,"Job title: Senior Manager, Data Science - Visa Consulting & Analytics. Short title: Senior Data Scientist. Company: Visa. Location: Ho Chi Minh City, Vietnam. Country: Vietnam. Schedule: Full-time. Skills: ",low_fit,3.169507126496211,not_available_for_full_source_candidate,ambiguous_mention,,,,
full_source_authorization_candidate,full-201942,Datafin Recruitment,Data Engineer (SQL / Python) (CPT),"Cape Town, South Africa",South Africa,"Job title: Data Engineer (SQL / Python) (CPT). Short title: Data Engineer. Company: Datafin Recruitment. Location: Cape Town, South Africa. Country: South Africa. Schedule: Full-time. Skills: ['sql', 'python', 'mongodb', 'mongodb', 'php', 'typescript', 'postgresql', 'mysql', 'aws', 'kafka', 'react', 'node', 'angular', 'git', 'gitlab', 'terraform', 'jira', 'confluence']",low_fit,3.0958659638696986,not_available_for_full_source_candidate,ambiguous_mention,,,,
full_source_authorization_candidate,full-412620,Visa,"Sr. Consultant, Data Science, Visa Consulting and Analytics",Singapore,Singapore,"Job title: Sr. Consultant, Data Science, Visa Consulting and Analytics. Short title: Data Scientist. Company: Visa. Location: Singapore. Country: Singapore. Schedule: Contractor. Skills: ['python', 'go', 'c++', 'aws', 'azure', 'hadoop', 'spark', 'kafka']",low_fit,1.8410047205498374,not_available_for_full_source_candidate,ambiguous_mention,,,,
full_source_authorization_candidate,full-773599,KGS Technology Group Inc,OPT Candidates looking for Analyst position and Consultancy help,"Dallas, TX",United States,"Job title: OPT Candidates looking for Analyst position and Consultancy help. Short title: Business Analyst. Company: KGS Technology Group Inc. Location: Dallas, TX. Country: United States. Schedule: Full-time. Skills: ",high_fit,1.1993932902460267,not_available_for_full_source_candidate,ambiguous_mention,,,,
full_source_authorization_candidate,full-380452,"Pro IT, Inc",Azure Data Engineer (Independent Visa's only),Anywhere,Sudan,"Job title: Azure Data Engineer (Independent Visa's only). Short title: Data Engineer. Company: Pro IT, Inc. Location: Anywhere. Country: Sudan. Schedule: Full-time. Skills: ['python', 'sql', 'azure', 'databricks', 'snowflake', 'airflow']",low_fit,4.6840902164223195,not_available_for_full_source_candidate,ambiguous_mention,,,,
full_source_authorization_candidate,full-592599,Dice,Data Engineer/Lead/Architect(Any Visa is fine),"Sunnyvale, CA",United States,"Job title: Data Engineer/Lead/Architect(Any Visa is fine). Short title: Data Engineer. Company: Dice. Location: Sunnyvale, CA. Country: United States. Schedule: Full-time. Skills: ['python', 'sql', 'snowflake', 'aws']",low_fit,3.0146778516893495,not_available_for_full_source_candidate,ambiguous_mention,,,,
full_source_authorization_candidate,full-356051,Michael Page,【Visa Support】Software Engineer,Anywhere,Japan,"Job title: 【Visa Support】Software Engineer. Short title: Software Engineer. Company: Michael Page. Location: Anywhere. Country: Japan. Schedule: Full-time. Skills: ['java', 'hadoop']",low_fit,4.449529601217838,not_available_for_full_source_candidate,ambiguous_mention,,,,
full_source_authorization_candidate,full-382029,OpTech,Data Scientist (No C2C Sponsorship),Anywhere,United States,"Job title: Data Scientist (No C2C Sponsorship). Short title: Data Scientist. Company: OpTech. Location: Anywhere. Country: United States. Schedule: Contractor and Temp work. Skills: ['python', 'java', 'sas', 'sas', 'r', 'sql', 'perl', 'hadoop', 'pytorch', 'tableau', 'power bi']",medium_fit,0.6041486901226681,not_available_for_full_source_candidate,ambiguous_mention,,,,
full_source_authorization_candidate,full-31124,Visa,Senior Data Scientist – Visa Consulting & Analytics (m/f/div.),"Frankfurt, Germany",Germany,"Job title: Senior Data Scientist – Visa Consulting & Analytics (m/f/div.). Short title: Senior Data Scientist. Company: Visa. Location: Frankfurt, Germany. Country: Germany. Schedule: Full-time. Skills: ['sql', 'python', 'r', 'hadoop', 'spark']",low_fit,3.0105948013307886,not_available_for_full_source_candidate,ambiguous_mention,,,,
full_source_authorization_candidate,full-354142,Visa,"Sr Data Scientist, Visa Consulting & Analytics, Vietnam - 8 month...","Hoàn Kiếm, Hanoi, Vietnam",Vietnam,"Job title: Sr Data Scientist, Visa Consulting & Analytics, Vietnam - 8 month.... Short title: Senior Data Scientist. Company: Visa. Location: Hoàn Kiếm, Hanoi, Vietnam. Country: Vietnam. Schedule: Full-time. Skills: ",low_fit,2.288914091148767,not_available_for_full_source_candidate,ambiguous_mention,,,,
full_source_authorization_candidate,full-248446,Visa,"Sr Data Scientist, Visa Consulting","Ho Chi Minh City, Vietnam",Vietnam,"Job title: Sr Data Scientist, Visa Consulting. Short title: Senior Data Scientist. Company: Visa. Location: Ho Chi Minh City, Vietnam. Country: Vietnam. Schedule: Full-time. Skills: ['hadoop']",low_fit,3.350241400358173,not_available_for_full_source_candidate,ambiguous_mention,,,,
full_source_authorization_candidate,full-240550,Datafin,Senior Data Analyst (CPT),South Africa,South Africa,"Job title: Senior Data Analyst (CPT). Short title: Senior Data Analyst. Company: Datafin. Location: South Africa. Country: South Africa. Schedule: Full-time. Skills: ['sql', 'excel', 'tableau', 'qlik', 'power bi', 'word']",low_fit,5.245527594013074,not_available_for_full_source_candidate,ambiguous_mention,,,,
full_source_authorization_candidate,full-200401,"V-Soft Consulting Group, Inc.",Visa: USC/GC - Hiring: Sr. Tableau Developer/ Data Analyst,"Charlotte, NC",United States,"Job title: Visa: USC/GC - Hiring: Sr. Tableau Developer/ Data Analyst. Short title: Senior Data Analyst. Company: V-Soft Consulting Group, Inc.. Location: Charlotte, NC. Country: United States. Schedule: Full-time. Skills: ['sql', 'tableau']",low_fit,2.6385324556968297,not_available_for_full_source_candidate,ambiguous_mention,,,,
full_source_authorization_candidate,full-57626,Resourgenix,Experienced Machine Learning Engineer (CPT),"Cape Town, South Africa",South Africa,"Job title: Experienced Machine Learning Engineer (CPT). Short title: Machine Learning Engineer. Company: Resourgenix. Location: Cape Town, South Africa. Country: South Africa. Schedule: Full-time. Skills: ",low_fit,2.8826974804188055,not_available_for_full_source_candidate,ambiguous_mention,,,,
full_source_authorization_candidate,full-325920,Talent Group,Data Analyst(Any Visa is Fine),"Austin, TX",United States,"Job title: Data Analyst(Any Visa is Fine). Short title: Data Analyst. Company: Talent Group. Location: Austin, TX. Country: United States. Schedule: Full-time. Skills: ['sql', 'python', 'mysql', 'snowflake', 'tableau']",high_fit,3.6775362750117755,not_available_for_full_source_candidate,ambiguous_mention,,,,
full_source_authorization_candidate,full-359197,Datafin,Data Engineer – Python​/CPT Hybrid,"Cape Town, South Africa",South Africa,"Job title: Data Engineer – Python​/CPT Hybrid. Short title: Data Engineer. Company: Datafin. Location: Cape Town, South Africa. Country: South Africa. Schedule: Full-time. Skills: ['python', 'r', 'sql', 'aws', 'flow', 'git', 'docker', 'kubernetes']",low_fit,3.395875048018892,not_available_for_full_source_candidate,ambiguous_mention,,,,
full_source_authorization_candidate,full-335543,People Tech Group Inc,Data Engineer -H1b,"Redmond, WA",United States,"Job title: Data Engineer -H1b. Short title: Data Engineer. Company: People Tech Group Inc. Location: Redmond, WA. Country: United States. Schedule: Full-time. Skills: ['java', 'scala', 'sql', 'aws', 'azure', 'spark']",low_fit,3.2100078157105383,not_available_for_full_source_candidate,ambiguous_mention,,,,
full_source_authorization_candidate,full-533822,smart folks inc,Data Engineer with Data Bricks || Only Visa Independents|| onsite...,"O'Fallon, MO",United States,"Job title: Data Engineer with Data Bricks || Only Visa Independents|| onsite.... Short title: Data Engineer. Company: smart folks inc. Location: O'Fallon, MO. Country: United States. Schedule: Full-time. Skills: ['python', 'sql', 'databricks', 'aws', 'pyspark']",low_fit,1.5062429807614353,not_available_for_full_source_candidate,ambiguous_mention,,,,
full_source_authorization_candidate,full-695354,HUL International,Data Engineer - Python (CPT Hybrid),South Africa,South Africa,"Job title: Data Engineer - Python (CPT Hybrid). Short title: Data Engineer. Company: HUL International. Location: South Africa. Country: South Africa. Schedule: Full-time. Skills: ['r', 'python', 'sql', 'aws', 'word', 'flow', 'git', 'docker', 'kubernetes']",low_fit,3.907522279422086,not_available_for_full_source_candidate,ambiguous_mention,,,,
full_source_authorization_candidate,full-616129,Visa,"Sr Data Scientist, Visa Consulting","Hanoi, Vietnam",Vietnam,"Job title: Sr Data Scientist, Visa Consulting. Short title: Senior Data Scientist. Company: Visa. Location: Hanoi, Vietnam. Country: Vietnam. Schedule: Full-time. Skills: ['hadoop']",low_fit,3.6164591858307804,not_available_for_full_source_candidate,ambiguous_mention,,,,
full_source_authorization_candidate,full-449432,iTech Solutions,"Data Analysis - Jr. Level - Contract - W2 Only (no c2c, h1b, cpt...","Bloomfield, CT",United States,"Job title: Data Analysis - Jr. Level - Contract - W2 Only (no c2c, h1b, cpt.... Short title: Data Analyst. Company: iTech Solutions. Location: Bloomfield, CT. Country: United States. Schedule: Contractor. Skills: ",high_fit,1.3323118472862898,not_available_for_full_source_candidate,ambiguous_mention,,,,
full_source_authorization_candidate,full-406366,Shiro Technologies,Databricks Developer/ Data Engineer || Any Visa is fine Except OPT...,"Billerica, MA",United States,"Job title: Databricks Developer/ Data Engineer || Any Visa is fine Except OPT.... Short title: Data Engineer. Company: Shiro Technologies. Location: Billerica, MA. Country: United States. Schedule: Contractor. Skills: ['r', 'databricks', 'spark', 'jupyter']",low_fit,2.5663656346617967,not_available_for_full_source_candidate,ambiguous_mention,,,,
full_source_authorization_candidate,full-24172,New York Technology Partners,AWS Data Engineer Ok with (OPT and EAD),"Malvern, PA",Sudan,"Job title: AWS Data Engineer Ok with (OPT and EAD). Short title: Data Engineer. Company: New York Technology Partners. Location: Malvern, PA. Country: Sudan. Schedule: Contractor. Skills: ['sql', 'aws', 'pyspark']",low_fit,3.5494747264513675,not_available_for_full_source_candidate,ambiguous_mention,,,,
full_source_authorization_candidate,full-157921,Visa,"Director, Visa Consulting & Analytics –                          ...",Brazil,Brazil,"Job title: Director, Visa Consulting & Analytics –                          .... Short title: Business Analyst. Company: Visa. Location: Brazil. Country: Brazil. Schedule: Full-time. Skills: ",unclear,1.7329942307174633,not_available_for_full_source_candidate,ambiguous_mention,,,,
full_source_authorization_candidate,full-463650,Charter Global,"Data Science - (REMOTE) - W2 Position - Visa: USC, GC, H4 EAD, GC...",Anywhere,United States,"Job title: Data Science - (REMOTE) - W2 Position - Visa: USC, GC, H4 EAD, GC.... Short title: Data Scientist. Company: Charter Global. Location: Anywhere. Country: United States. Schedule: Contractor. Skills: ['python', 'sql', 'php', 'perl', 'r', 'matlab', 'sas', 'sas', 'jupyter', 'numpy', 'pandas', 'spss']",medium_fit,0.22276111194727946,not_available_for_full_source_candidate,ambiguous_mention,,,,
full_source_authorization_candidate,full-757166,Sagments,Technical Data Analyst Visa Sponsorship Uk,"York, UK",United Kingdom,"Job title: Technical Data Analyst Visa Sponsorship Uk. Short title: Data Analyst. Company: Sagments. Location: York, UK. Country: United Kingdom. Schedule: Full-time. Skills: ",unclear,1.9556083774356172,not_available_for_full_source_candidate,ambiguous_mention,,,,
full_source_authorization_candidate,full-176769,AALPHA PRIME TECH GLOBAL,Lead Data Engineer - W2 ONLY - HYBRID - Visa- USC/ GC/ GC-EAD,"Irving, TX",United States,"Job title: Lead Data Engineer - W2 ONLY - HYBRID - Visa- USC/ GC/ GC-EAD. Short title: Data Engineer. Company: AALPHA PRIME TECH GLOBAL. Location: Irving, TX. Country: United States. Schedule: Contractor. Skills: ['python', 'shell', 'oracle', 'tableau']",low_fit,6.0066288137035855,not_available_for_full_source_candidate,ambiguous_mention,,,,
full_source_authorization_candidate,full-358712,Visa,"Data Scientist, Visa Consulting & Analytics","Bangkok, Thailand",Thailand,"Job title: Data Scientist, Visa Consulting & Analytics. Short title: Data Scientist. Company: Visa. Location: Bangkok, Thailand. Country: Thailand. Schedule: Full-time. Skills: ['sas', 'sas', 'python', 'sql', 'java', 'hadoop', 'tableau']",medium_fit,3.0176245320732997,not_available_for_full_source_candidate,ambiguous_mention,,,,
full_source_authorization_candidate,full-695359,Visa,Visa Consulting & Analytics Graduate,"Paris, France",France,"Job title: Visa Consulting & Analytics Graduate. Short title: Data Scientist. Company: Visa. Location: Paris, France. Country: France. Schedule: Full-time. Skills: ",unclear,1.0904600404609082,not_available_for_full_source_candidate,ambiguous_mention,,,,
full_source_authorization_candidate,full-214546,Visa,Senior Data Scientist - Visa Consulting & Analytics,"Santo Domingo, Dominican Republic",Dominican Republic,"Job title: Senior Data Scientist - Visa Consulting & Analytics. Short title: Senior Data Scientist. Company: Visa. Location: Santo Domingo, Dominican Republic. Country: Dominican Republic. Schedule: Full-time. Skills: ['python', 'sas', 'sas', 'sql', 'r', 'hadoop', 'spark', 'pandas', 'numpy', 'scikit-learn', 'tableau', 'power bi']",low_fit,2.9457430288808744,not_available_for_full_source_candidate,ambiguous_mention,,,,
full_source_authorization_candidate,full-661609,Datafin IT Recruitment,Senior Data Analyst (CPT/JHB),South Africa,South Africa,"Job title: Senior Data Analyst (CPT/JHB). Short title: Senior Data Analyst. Company: Datafin IT Recruitment. Location: South Africa. Country: South Africa. Schedule: Full-time. Skills: ['sql', 'excel', 'tableau', 'qlik', 'power bi']",low_fit,5.170330680373334,not_available_for_full_source_candidate,ambiguous_mention,,,,
full_source_authorization_candidate,full-183578,Datafin Recruitment,Snr Data Scientist (CPT ONLY),"Cape Town, South Africa",South Africa,"Job title: Snr Data Scientist (CPT ONLY). Short title: Data Scientist. Company: Datafin Recruitment. Location: Cape Town, South Africa. Country: South Africa. Schedule: Full-time. Skills: ['sas', 'sas', 'excel', 'word', 'powerpoint']",medium_fit,2.097276094975241,not_available_for_full_source_candidate,ambiguous_mention,,,,
full_source_authorization_candidate,full-721779,New York Technology Partners,Jr AWS Data Engineer opt workable,"Malvern, PA",United States,"Job title: Jr AWS Data Engineer opt workable. Short title: Data Engineer. Company: New York Technology Partners. Location: Malvern, PA. Country: United States. Schedule: Contractor. Skills: ['python', 'scala', 'java', 'dynamodb', 'aws', 'spark', 'pyspark', 'jira']",low_fit,2.7604985479088473,not_available_for_full_source_candidate,ambiguous_mention,,,,
full_source_authorization_candidate,full-43936,Visa,Senior Data Engineer- Visa Research - Full-time / Part-time,"Austin, TX",United States,"Job title: Senior Data Engineer- Visa Research - Full-time / Part-time. Short title: Senior Data Engineer. Company: Visa. Location: Austin, TX. Country: United States. Schedule: Full-time. Skills: ['java', 'python', 'scala', 'go', 'no-sql', 'html', 'css', 'javascript', 'sql', 'nosql', 'hadoop', 'spark', 'tensorflow']",low_fit,6.716386461680981,not_available_for_full_source_candidate,ambiguous_mention,,,,
full_source_authorization_candidate,full-138640,Neb Students .co,Data Scientist Jobs in USA with Visa Sponsorship,United States,United States,"Job title: Data Scientist Jobs in USA with Visa Sponsorship. Short title: Data Scientist. Company: Neb Students .co. Location: United States. Country: United States. Schedule: Full-time. Skills: ['python', 'r', 'tableau', 'power bi']",medium_fit,2.1809656937925457,not_available_for_full_source_candidate,ambiguous_mention,,,,
full_source_authorization_candidate,full-21176,Neb Students .co,Data Analyst Jobs in Canada with Visa Sponsorship,Canada  (+1 other),Canada,"Job title: Data Analyst Jobs in Canada with Visa Sponsorship. Short title: Data Analyst. Company: Neb Students .co. Location: Canada  (+1 other). Country: Canada. Schedule: Full-time. Skills: ['python', 'r', 'sql', 'excel']",medium_fit,1.6027860861216126,not_available_for_full_source_candidate,ambiguous_mention,,,,
full_source_authorization_candidate,full-70698,Ekodus INC.,"Data Scientist _ Remote _ No H1-B, CPT and OPT",Anywhere,United States,"Job title: Data Scientist _ Remote _ No H1-B, CPT and OPT. Short title: Data Scientist. Company: Ekodus INC.. Location: Anywhere. Country: United States. Schedule: Full-time. Skills: ['r', 'python', 'c', 'c++', 'java', 'javascript', 'mysql', 'redshift', 'digitalocean', 'spark', 'hadoop']",medium_fit,1.81891041602869,not_available_for_full_source_candidate,ambiguous_mention,,,,
full_source_authorization_candidate,full-225069,Neb Students .co,Data Scientist Jobs in Canada with Visa Sponsorship,Canada  (+1 other),Canada,Job title: Data Scientist Jobs in Canada with Visa Sponsorship. Short title: Data Scientist. Company: Neb Students .co. Location: Canada  (+1 other). Country: Canada. Schedule: Full-time. Skills: ['excel'],medium_fit,1.1417796861344396,not_available_for_full_source_candidate,ambiguous_mention,,,,
full_source_authorization_candidate,full-149919,BETSoftware,Senior BI Engineer (CPT),"Cape Town, South Africa",South Africa,"Job title: Senior BI Engineer (CPT). Short title: Senior Data Analyst. Company: BETSoftware. Location: Cape Town, South Africa. Country: South Africa. Schedule: Full-time. Skills: ['sql', 't-sql', 'sql server', 'ssis', 'power bi', 'ssrs']",low_fit,4.094088627863778,not_available_for_full_source_candidate,ambiguous_mention,,,,
full_source_authorization_candidate,full-186299,Datafin Recruitment,Data Analyst (CPT/JHB),"Cape Town, South Africa",South Africa,"Job title: Data Analyst (CPT/JHB). Short title: Data Analyst. Company: Datafin Recruitment. Location: Cape Town, South Africa. Country: South Africa. Schedule: Full-time. Skills: ['sql', 'python', 'r', 'aws', 'azure', 'tableau']",medium_fit,1.07405356920179,not_available_for_full_source_candidate,ambiguous_mention,,,,
full_source_authorization_candidate,full-683177,USA Company,"Data Scientist, Specialist - Internal Audit AI/ML USA Visa...","Malvern, PA",United States,"Job title: Data Scientist, Specialist - Internal Audit AI/ML USA Visa.... Short title: Data Scientist. Company: USA Company. Location: Malvern, PA. Country: United States. Schedule: Full-time. Skills: ",unclear,1.4227882330519115,not_available_for_full_source_candidate,ambiguous_mention,,,,
full_source_authorization_candidate,full-217269,Stream IT,"Contract || Data Scientist with C# || Chicago, IL (Onsite) any VISA","Chicago, IL",United States,"Job title: Contract || Data Scientist with C# || Chicago, IL (Onsite) any VISA. Short title: Data Scientist. Company: Stream IT. Location: Chicago, IL. Country: United States. Schedule: Contractor. Skills: ['c#']",unclear,1.4190763340686074,not_available_for_full_source_candidate,ambiguous_mention,,,,
full_source_authorization_candidate,full-726059,Openwave Computing,Data Scientist USA (TN Visa Sponsor),"Mexico City, CDMX, Mexico",Mexico,"Job title: Data Scientist USA (TN Visa Sponsor). Short title: Data Scientist. Company: Openwave Computing. Location: Mexico City, CDMX, Mexico. Country: Mexico. Schedule: Full-time. Skills: ['python', 'java', 'sql', 'cassandra', 'hadoop', 'spark', 'excel', 'tableau']",medium_fit,2.6217449329033458,not_available_for_full_source_candidate,ambiguous_mention,,,,
full_source_authorization_candidate,full-504068,Visa,"Senior Data Scientist, Europe Visa Functions and Products","Warsaw, Poland",Poland,"Job title: Senior Data Scientist, Europe Visa Functions and Products. Short title: Senior Data Scientist. Company: Visa. Location: Warsaw, Poland. Country: Poland. Schedule: Full-time. Skills: ['spark', 'tableau']",low_fit,2.729470023700797,not_available_for_full_source_candidate,ambiguous_mention,,,,
full_source_authorization_candidate,full-151809,Neb Students .co,Data Engineer Jobs in Canada with Visa Sponsorship,Canada,Canada,"Job title: Data Engineer Jobs in Canada with Visa Sponsorship. Short title: Data Engineer. Company: Neb Students .co. Location: Canada. Country: Canada. Schedule: Full-time. Skills: ['python', 'java', 'scala', 'nosql', 'mongodb', 'mongodb', 'mysql', 'postgresql', 'cassandra', 'aws', 'azure', 'spark', 'hadoop', 'kafka', 'airflow', 'tableau', 'power bi', 'flow', 'git']",low_fit,3.1874415237051448,not_available_for_full_source_candidate,ambiguous_mention,,,,
full_source_authorization_candidate,full-516680,Datafin IT Recruitment,Data Engineer - Python (CPT Hybrid),South Africa,South Africa,"Job title: Data Engineer - Python (CPT Hybrid). Short title: Data Engineer. Company: Datafin IT Recruitment. Location: South Africa. Country: South Africa. Schedule: Full-time. Skills: ['r', 'python', 'sql', 'aws', 'flow', 'git', 'docker', 'kubernetes']",low_fit,4.03032443869842,not_available_for_full_source_candidate,ambiguous_mention,,,,
full_source_authorization_candidate,full-590562,Datafin,Business Intelligence Analyst (CPT or JHB Hybrid),South Africa,South Africa,"Job title: Business Intelligence Analyst (CPT or JHB Hybrid). Short title: Business Analyst. Company: Datafin. Location: South Africa. Country: South Africa. Schedule: Full-time. Skills: ['sql', 'sql server', 'ssrs', 'power bi', 'tableau', 'word']",medium_fit,0.8102916287753141,not_available_for_full_source_candidate,ambiguous_mention,,,,
full_source_authorization_candidate,full-110080,Visa,Senior Data Scientist at Visa 東京都,"Tokyo, Japan",Japan,"Job title: Senior Data Scientist at Visa 東京都. Short title: Senior Data Scientist. Company: Visa. Location: Tokyo, Japan. Country: Japan. Schedule: Full-time. Skills: ['shell', 'git']",low_fit,2.213160159295803,not_available_for_full_source_candidate,ambiguous_mention,,,,
full_source_authorization_candidate,full-691421,JP IT STAFFING,Data Engineer/ Analyst || W2 Only || All Visa || Hybrid (multiple...,"Los Angeles, CA",United States,"Job title: Data Engineer/ Analyst || W2 Only || All Visa || Hybrid (multiple.... Short title: Data Engineer. Company: JP IT STAFFING. Location: Los Angeles, CA. Country: United States. Schedule: Full-time. Skills: ['sql', 'python', 'aws', 'pyspark']",low_fit,2.284654940639249,not_available_for_full_source_candidate,ambiguous_mention,,,,
full_source_authorization_candidate,full-168658,"Cliecon Solutions, Inc.",GCP Data Engineer--Remote--Full Time(GC/US Citizen/H1B Transfer),Anywhere,United States,"Job title: GCP Data Engineer--Remote--Full Time(GC/US Citizen/H1B Transfer). Short title: Data Engineer. Company: Cliecon Solutions, Inc.. Location: Anywhere. Country: United States. Schedule: Full-time. Skills: ['sql', 'java', 'python', 'gcp', 'bigquery', 'airflow', 'terraform']",low_fit,2.322610280471646,not_available_for_full_source_candidate,ambiguous_mention,,,,
full_source_authorization_candidate,full-83132,Datafin,Data Engineer (Client Value) (JHB/CPT) at Datafin Recruitment ...,"Johannesburg, South Africa",South Africa,"Job title: Data Engineer (Client Value) (JHB/CPT) at Datafin Recruitment .... Short title: Data Engineer. Company: Datafin. Location: Johannesburg, South Africa. Country: South Africa. Schedule: Full-time. Skills: ['sql', 'python', 'sql server', 'aws', 'redshift', 'ssis', 'ssrs', 'word', 'excel', 'outlook', 'power bi']",low_fit,2.504149568891609,not_available_for_full_source_candidate,ambiguous_mention,,,,
full_source_authorization_candidate,full-97676,Visa,"Sr. Data Scientist, Visa Consulting",Singapore,Singapore,"Job title: Sr. Data Scientist, Visa Consulting. Short title: Senior Data Scientist. Company: Visa. Location: Singapore. Country: Singapore. Schedule: Full-time. Skills: ['power bi', 'tableau', 'microstrategy']",low_fit,5.443808194927492,not_available_for_full_source_candidate,ambiguous_mention,,,,
full_source_authorization_candidate,full-655402,Datafin IT Recruitment,Data Engineer (Product) (CPT Only),"Stellenbosch, South Africa",South Africa,"Job title: Data Engineer (Product) (CPT Only). Short title: Data Engineer. Company: Datafin IT Recruitment. Location: Stellenbosch, South Africa. Country: South Africa. Schedule: Full-time. Skills: ['sql', 'nosql', 'python', 'sql server', 'azure', 'aws', 'hadoop', 'ssis']",low_fit,3.460950630848323,not_available_for_full_source_candidate,ambiguous_mention,,,,
full_source_authorization_candidate,full-699737,151A NEIGHBORS,AI Engineer Deep Learning Sports data company (VISA support available),"Chiyoda City, Tokyo, Japan",Japan,"Job title: AI Engineer Deep Learning Sports data company (VISA support available). Short title: Machine Learning Engineer. Company: 151A NEIGHBORS. Location: Chiyoda City, Tokyo, Japan. Country: Japan. Schedule: Full-time. Skills: ['tensorflow', 'pytorch']",low_fit,1.8972367963559484,not_available_for_full_source_candidate,ambiguous_mention,,,,
full_source_authorization_candidate,full-55042,Datafin,Data Engineer (CPT Only) at Datafin Recruitment,"Stellenbosch, South Africa",South Africa,"Job title: Data Engineer (CPT Only) at Datafin Recruitment. Short title: Data Engineer. Company: Datafin. Location: Stellenbosch, South Africa. Country: South Africa. Schedule: Full-time. Skills: ['sql', 'python', 'sql server', 'aws', 'ssis', 'ssrs', 'word', 'excel', 'outlook', 'power bi']",low_fit,2.9311128202941115,not_available_for_full_source_candidate,ambiguous_mention,,,,
