job_title_short,job_title,job_location,job_via,job_schedule_type,job_work_from_home,job_posted_date,job_country,company_name,job_skills,source_row_idx,authorization_candidate_category,normalized_title,normalized_company,evidence_scope,advisor_authorization_label,review_notes
Data Analyst,JJUNIOR Data Product Analyst NO H1B Local to chicago,"North Chicago, IL",via Indeed,Contractor,False,2023-06-30 13:02:33,United States,Parsoft LLC,['power bi'],4464,explicit_restriction,jjunior data product analyst no h1b local to chicago,parsoft llc,job title only - advisor verification required,,
Data Engineer,Data Engineer Jobs in Bristol Uk With Visa Sponsorship,"Bristol, UK",via BeBee,Part-time,False,2023-09-30 13:33:48,United Kingdom,EE,"['sql', 'jira', 'confluence']",8915,ambiguous_mention,data engineer jobs in bristol uk with visa sponsorship,ee,job title only - advisor verification required,,
Business Analyst,Business Intelligence Engineer (CPT),South Africa,via LinkedIn,Full-time,False,2023-01-30 13:24:49,South Africa,BET Software,"['sql', 't-sql', 'sql server', 'ssis', 'ssrs', 'power bi']",16574,ambiguous_mention,business intelligence engineer cpt,bet software,job title only - advisor verification required,,
Business Analyst,Consulting Analyst - Visa Consulting and Analytics,"Rome, Metropolitan City of Rome Capital, Italy",via Visa - Talentify,Full-time,False,2023-04-21 13:38:10,Italy,Visa,['powerpoint'],18990,ambiguous_mention,consulting analyst visa consulting and analytics,visa,job title only - advisor verification required,,
Senior Data Scientist,Snr Data Scientist (CPT ONLY) at Datafin Recruitment,"Cape Town, South Africa",via CareerJunction,Full-time,False,2023-02-01 14:02:44,South Africa,Datafin,"['sas', 'sas', 'excel', 'word', 'powerpoint']",19823,ambiguous_mention,snr data scientist cpt only at datafin recruitment,datafin,job title only - advisor verification required,,
Data Analyst,Data Analyst Jobs in Canada with Visa Sponsorship,Canada  (+1 other),via Neb Student,Full-time,False,2023-09-04 13:16:12,Canada,Neb Students .co,"['python', 'r', 'sql', 'excel']",21176,ambiguous_mention,data analyst jobs in canada with visa sponsorship,neb students co,job title only - advisor verification required,,
Data Scientist,Data Scientist  USA Visa Sponsorship Jobs,United States,via USA Visa Sponsorship Jobs,Full-time,False,2023-05-25 13:52:37,Sudan,USA Company,"['python', 'databricks', 'pandas', 'numpy', 'matplotlib', 'pyspark']",22647,availability_or_aggregator_mention,data scientist usa visa sponsorship jobs,usa company,job title only - advisor verification required,,
Data Engineer,AWS Data Engineer Ok with (OPT and EAD),"Malvern, PA",via Dice,Contractor,False,2023-11-14 14:20:03,Sudan,New York Technology Partners,"['sql', 'aws', 'pyspark']",24172,ambiguous_mention,aws data engineer ok with opt and ead,new york technology partners,job title only - advisor verification required,,
Data Scientist,Data Scientist- Renewals USA Visa Sponsorship Jobs,United States,via USA Visa Sponsorship Jobs,Full-time,False,2023-05-11 13:06:29,United States,USA Company,"['sql', 'python', 'r', 'airflow', 'tableau', 'looker']",24361,availability_or_aggregator_mention,data scientist renewals usa visa sponsorship jobs,usa company,job title only - advisor verification required,,
Senior Data Scientist,Senior Data Scientist – Visa Consulting & Analytics (m/f/div.),"Frankfurt, Germany",via SmartRecruiters Job Search,Full-time,False,2023-08-21 13:22:32,Germany,Visa,"['sql', 'python', 'r', 'hadoop', 'spark']",31124,ambiguous_mention,senior data scientist visa consulting analytics m f div,visa,job title only - advisor verification required,,
Senior Data Analyst,Senior Data Analyst - Data Governance ONLY LOCALS NO H1B or OPT,"North Chicago, IL",via Indeed,Contractor,False,2023-06-30 13:02:19,United States,Parsoft LLC,['power bi'],31208,explicit_restriction,senior data analyst data governance only locals no h1b or opt,parsoft llc,job title only - advisor verification required,,
Data Scientist,Visa Jobs Dubai – Data Scientist,Abu Dhabi - United Arab Emirates,via Jobsarabi.net | Jobs In Dubai,Full-time,False,2023-01-01 14:07:18,United Arab Emirates,Visa,['python'],32271,ambiguous_mention,visa jobs dubai data scientist,visa,job title only - advisor verification required,,
Data Analyst,"Data Analyst Manager, Consumer Affairs - H1B Visa Sponsorship Jobs","St. Louis, MO",via USA Visa Sponsorship Jobs,Full-time,False,2023-08-31 13:02:14,United States,USA Company,,37877,availability_or_aggregator_mention,data analyst manager consumer affairs h1b visa sponsorship jobs,usa company,job title only - advisor verification required,,
Data Engineer,Lead Data Engineer Remote No H1B Candidates,Anywhere,via LinkedIn,Full-time,True,2023-03-03 06:30:45,Sudan,Sight Spectrum,"['go', 'scala', 'sql', 'aws', 'databricks', 'spark', 'hadoop', 'git']",38949,explicit_restriction,lead data engineer remote no h1b candidates,sight spectrum,job title only - advisor verification required,,
Machine Learning Engineer,Staff Machine Learning Scientist - Visa Research,"Austin, TX",via Ai-Jobs.net,Full-time,False,2023-08-23 06:04:21,United States,Visa,"['perl', 'python', 'java', 'c++', 'sas', 'sas', 'r', 'tensorflow', 'hadoop']",40315,ambiguous_mention,staff machine learning scientist visa research,visa,job title only - advisor verification required,,
Senior Data Engineer,Senior Data Engineer- Visa Research - Full-time / Part-time,"Austin, TX",via Snagajob,Full-time,False,2023-08-27 06:07:06,United States,Visa,"['java', 'python', 'scala', 'go', 'no-sql', 'html', 'css', 'javascript', 'sql', 'nosql', 'hadoop', 'spark', 'tensorflow']",43936,ambiguous_mention,senior data engineer visa research full time part time,visa,job title only - advisor verification required,,
Data Engineer,Data Engineer (CPT Only) at Datafin Recruitment,"Stellenbosch, South Africa",via CareerJunction,Full-time,False,2023-01-31 06:52:14,South Africa,Datafin,"['sql', 'python', 'sql server', 'aws', 'ssis', 'ssrs', 'word', 'excel', 'outlook', 'power bi']",55042,ambiguous_mention,data engineer cpt only at datafin recruitment,datafin,job title only - advisor verification required,,
Machine Learning Engineer,Experienced Machine Learning Engineer (CPT),"Cape Town, South Africa",via Pnet,Full-time,False,2023-09-21 06:32:55,South Africa,Resourgenix,,57626,ambiguous_mention,experienced machine learning engineer cpt,resourgenix,job title only - advisor verification required,,
Data Engineer,Data Engineer Jobs in USA with Visa Sponsorship,United States   (+2 others),via Neb Student,Full-time,False,2023-08-27 06:54:35,United States,Neb Students .co,"['python', 'java', 'scala', 'aws', 'azure', 'hadoop', 'spark', 'tableau', 'power bi']",62954,ambiguous_mention,data engineer jobs in usa with visa sponsorship,neb students co,job title only - advisor verification required,,
Data Engineer,Data Engineer (Offering Sponsorship),"Dallas, TX",via LinkedIn,Full-time,False,2023-03-29 06:27:36,United States,BroadAxis,"['bash', 'python']",64260,ambiguous_mention,data engineer offering sponsorship,broadaxis,job title only - advisor verification required,,
Data Engineer,We do have  Opening in U.S. For Big Data Engineer/H1B Visa Holders,"Karnataka, India",via Shine,Full-time,False,2023-11-24 06:11:51,India,Confidential,,65201,ambiguous_mention,we do have opening in u s for big data engineer h1b visa holders,confidential,job title only - advisor verification required,,
Data Scientist,"Data Scientist _ Remote _ No H1-B, CPT and OPT",Anywhere,via LinkedIn,Full-time,True,2023-06-15 00:05:17,United States,Ekodus INC.,"['r', 'python', 'c', 'c++', 'java', 'javascript', 'mysql', 'redshift', 'digitalocean', 'spark', 'hadoop']",70698,ambiguous_mention,data scientist _ remote _ no h1 b cpt and opt,ekodus inc,job title only - advisor verification required,,
Senior Data Scientist,"Senior Manager, Data Science - Visa Consulting & Analytics","Ho Chi Minh City, Vietnam",via Recruit.net,Full-time,False,2023-02-15 00:29:44,Vietnam,Visa,,71660,ambiguous_mention,senior manager data science visa consulting analytics,visa,job title only - advisor verification required,,
Data Engineer,Azure Data Engineer - 6 Months - NO SPONSORSHIP. Job in London My...,"London, UK",via My Valley Jobs Today,Full-time,False,2023-05-01 00:22:26,United Kingdom,Oliver James,"['sql', 'python', 'azure', 'databricks', 'snowflake']",72537,explicit_restriction,azure data engineer 6 months no sponsorship job in london my,oliver james,job title only - advisor verification required,,
Data Engineer,Data Engineer (Client Value) (JHB/CPT) at Datafin Recruitment ...,"Johannesburg, South Africa",via Recruit.net,Full-time,False,2023-03-04 00:24:41,South Africa,Datafin,"['sql', 'python', 'sql server', 'aws', 'redshift', 'ssis', 'ssrs', 'word', 'excel', 'outlook', 'power bi']",83132,ambiguous_mention,data engineer client value jhb cpt at datafin recruitment,datafin,job title only - advisor verification required,,
Data Engineer,"Data Engineer - Python (CPT Hybrid) - Western Cape, Durbanville","Western Cape, South Africa",via Recruit.net,Full-time,False,2023-06-21 00:21:55,South Africa,Datafin,"['r', 'python', 'sql', 'aws', 'word', 'flow', 'git', 'docker', 'kubernetes']",95689,ambiguous_mention,data engineer python cpt hybrid western cape durbanville,datafin,job title only - advisor verification required,,
Data Engineer,"Data Engineer at Austin, TX || On site to Austin, TX || NO OPT CPT...","Austin, TX",via LinkedIn,Full-time,False,2023-03-30 00:34:26,United States,Smart Folks Inc,"['python', 'aws', 'spark', 'kafka']",97628,explicit_restriction,data engineer at austin tx on site to austin tx no opt cpt,smart folks inc,job title only - advisor verification required,,
Senior Data Scientist,"Sr. Data Scientist, Visa Consulting",Singapore,via Trabajo.org,Full-time,False,2023-11-26 00:42:40,Singapore,Visa,"['power bi', 'tableau', 'microstrategy']",97676,ambiguous_mention,sr data scientist visa consulting,visa,job title only - advisor verification required,,
Data Analyst,Data Analyst 2 - Remote - Sponsorship Not Available,"Indianapolis, IN","via Indianapolis, IN - Geebo",Full-time,False,2023-06-27 00:02:02,United States,UnitedHealth Group,"['sql', 'python', 'r', 'tableau']",108830,explicit_restriction,data analyst 2 remote sponsorship not available,unitedhealth group,job title only - advisor verification required,,
Senior Data Scientist,Senior Data Scientist at Visa 東京都,"Tokyo, Japan",via Mathenthusiast.com,Full-time,False,2023-08-19 00:15:15,Japan,Visa,"['shell', 'git']",110080,ambiguous_mention,senior data scientist at visa 東京都,visa,job title only - advisor verification required,,
Senior Data Scientist,"Sr. Data Scientist, Visa Consulting & Analytics Thailand","Bangkok, Thailand",via Fintexer,Full-time,False,2023-02-18 00:23:15,Thailand,Visa,"['python', 'hadoop']",110297,ambiguous_mention,sr data scientist visa consulting analytics thailand,visa,job title only - advisor verification required,,
Data Engineer,Lead Data Engineer | Will Sponsor Visa,Singapore,via Recruit.net,Full-time,False,2023-03-31 00:24:37,Singapore,LMRE,"['sql', 'python', 'gcp', 'pandas', 'git']",112536,availability_or_aggregator_mention,lead data engineer will sponsor visa,lmre,job title only - advisor verification required,,
Data Engineer,Data Engineer with Data Bricks Only Visa Independents onsite o...,"San Francisco, CA",via LinkedIn,Full-time and Part-time,False,2023-11-03 08:07:07,United States,TechFetch.com - On Demand Tech Workforce hiring platform,"['python', 'sql', 'databricks', 'aws', 'pyspark']",133831,ambiguous_mention,data engineer with data bricks only visa independents onsite o,techfetch com on demand tech workforce hiring platform,job title only - advisor verification required,,
Data Scientist,Lead Data Scientist - H-1B USA Visa Sponsorship Jobs,United States,via USA Visa Sponsorship Jobs,Full-time,False,2023-06-29 09:36:29,Sudan,USA Company,"['go', 'python', 'gcp', 'airflow']",138341,availability_or_aggregator_mention,lead data scientist h 1b usa visa sponsorship jobs,usa company,job title only - advisor verification required,,
Data Scientist,Data Scientist Jobs in USA with Visa Sponsorship,United States,via Neb Student,Full-time,False,2023-08-22 08:05:11,United States,Neb Students .co,"['python', 'r', 'tableau', 'power bi']",138640,ambiguous_mention,data scientist jobs in usa with visa sponsorship,neb students co,job title only - advisor verification required,,
Senior Data Scientist,"Sr Data Scientist, Visa Consulting & Analytics, Vietnam - 8 month...",Vietnam,via LinkedIn Vietnam,Full-time,False,2023-06-28 09:03:40,Vietnam,Visa,"['hadoop', 'excel', 'powerpoint']",142049,ambiguous_mention,sr data scientist visa consulting analytics vietnam 8 month,visa,job title only - advisor verification required,,
Data Engineer,Microsoft Azure Data Engineers - ALL LEVELS - Visa sponsorship...,"Sydney NSW, Australia",via LinkedIn,Full-time,False,2023-02-15 09:03:47,Australia,BI & DW Australia,"['databricks', 'azure', 'aws', 'power bi', 'ssis', 'ssrs']",144431,ambiguous_mention,microsoft azure data engineers all levels visa sponsorship,bi dw australia,job title only - advisor verification required,,
Data Scientist,"Director, Data Science - Visa Consulting -",Malaysia,via Maukerja,Full-time,False,2023-09-15 08:47:31,Malaysia,Visa,,148388,ambiguous_mention,director data science visa consulting,visa,job title only - advisor verification required,,
Senior Data Analyst,Senior BI Engineer (CPT),"Cape Town, South Africa",via LinkedIn,Full-time,False,2023-06-29 09:00:47,South Africa,BETSoftware,"['sql', 't-sql', 'sql server', 'ssis', 'power bi', 'ssrs']",149919,ambiguous_mention,senior bi engineer cpt,betsoftware,job title only - advisor verification required,,
Data Engineer,Data Engineer Jobs in Canada with Visa Sponsorship,Canada,via Neb Student,Full-time,False,2023-08-13 08:09:53,Canada,Neb Students .co,"['python', 'java', 'scala', 'nosql', 'mongodb', 'mongodb', 'mysql', 'postgresql', 'cassandra', 'aws', 'azure', 'spark', 'hadoop', 'kafka', 'airflow', 'tableau', 'power bi', 'flow', 'git']",151809,ambiguous_mention,data engineer jobs in canada with visa sponsorship,neb students co,job title only - advisor verification required,,
Data Engineer,Big Data Platform Engineer (Hadoop) (No visa sponsorship),Singapore,via LinkedIn,Full-time,False,2023-10-03 08:38:45,Singapore,Nityo Infotech,"['hadoop', 'spark', 'terraform', 'chef', 'ansible']",156959,explicit_restriction,big data platform engineer hadoop no visa sponsorship,nityo infotech,job title only - advisor verification required,,
Business Analyst,"Director, Visa Consulting & Analytics –                          ...",Brazil,via ⭐Trabalhaja,Full-time,False,2023-05-14 08:21:07,Brazil,Visa,,157921,ambiguous_mention,director visa consulting analytics,visa,job title only - advisor verification required,,
Senior Data Scientist,"Senior Director - Head of Internal Data Science, Visa Europe","London, UK",via My Stateline Jobs,Full-time,False,2023-06-22 08:11:42,United Kingdom,Visa,"['python', 'tableau']",159126,ambiguous_mention,senior director head of internal data science visa europe,visa,job title only - advisor verification required,,
Data Engineer,Data Engineer- Austin TX or Nashville TN-No C2C or Sponsorship,"Nashville, TN",via LinkedIn,Full-time,False,2023-10-30 15:03:53,United States,Vaco,"['sql', 'python', 'azure', 'databricks', 'spark']",163394,ambiguous_mention,data engineer austin tx or nashville tn no c2c or sponsorship,vaco,job title only - advisor verification required,,
Data Engineer,GCP Data Engineer--Remote--Full Time(GC/US Citizen/H1B Transfer),Anywhere,via LinkedIn,Full-time,True,2023-03-23 15:13:37,United States,"Cliecon Solutions, Inc.","['sql', 'java', 'python', 'gcp', 'bigquery', 'airflow', 'terraform']",168658,ambiguous_mention,gcp data engineer remote full time gc us citizen h1b transfer,cliecon solutions inc,job title only - advisor verification required,,
Data Engineer,Data Engineer ( MUST HAVE OWN VISA )new,"London, UK",via Jobijoba UK,Full-time,False,2023-10-20 15:20:35,United Kingdom,Tiger Recruitment,"['python', 'sql', 'databricks', 'spark']",172822,ambiguous_mention,data engineer must have own visa new,tiger recruitment,job title only - advisor verification required,,
Data Engineer,Databricks Developer/ Data Engineer || Any Visa is fine Except OPT...,Anywhere,via LinkedIn,Full-time,True,2023-12-01 15:04:29,United States,Dice,"['r', 'databricks', 'spark', 'jupyter']",173862,ambiguous_mention,databricks developer data engineer any visa is fine except opt,dice,job title only - advisor verification required,,
Data Engineer,Data Engineer: Sponsorship Available,"Bradford, UK",via Find UK Jobs With Visa Sponsorship - JobVisa,Full-time,False,2023-10-29 15:12:35,United Kingdom,Bradford Teaching Hospitals NHS Foundation Trust,,175377,availability_or_aggregator_mention,data engineer sponsorship available,bradford teaching hospitals nhs foundation trust,job title only - advisor verification required,,
Data Engineer,Data Engineering and Analytics Team Lead (Perm/Contract) (CPT/JHB),"Cape Town, South Africa",via LinkedIn,Contractor,False,2023-02-07 15:24:12,South Africa,Datafin Recruitment,"['sql', 'excel', 'word', 'powerpoint']",175529,ambiguous_mention,data engineering and analytics team lead perm contract cpt jhb,datafin recruitment,job title only - advisor verification required,,
Data Engineer,"w2/fulltime role-- Python data engineer--Wilmington, DE (H1b...","Wilmington, DE",via Dice,Full-time,False,2023-09-25 15:07:15,United States,Nityo Infotech Corporation,"['sql', 'python', 'aws', 'databricks', 'spark']",176075,ambiguous_mention,w2 fulltime role python data engineer wilmington de h1b,nityo infotech corporation,job title only - advisor verification required,,
Data Engineer,Lead Data Engineer - W2 ONLY - HYBRID - Visa- USC/ GC/ GC-EAD,"Irving, TX",via LinkedIn,Contractor,False,2023-10-03 15:08:18,United States,AALPHA PRIME TECH GLOBAL,"['python', 'shell', 'oracle', 'tableau']",176769,ambiguous_mention,lead data engineer w2 only hybrid visa usc gc gc ead,aalpha prime tech global,job title only - advisor verification required,,
Data Analyst,"Data Analysis - Jr. Level - Contract - W2 Only (no c2c, h1b, cpt...",Anywhere,via LinkedIn,Contractor,True,2023-12-16 15:00:19,United States,Dice,,179036,ambiguous_mention,data analysis jr level contract w2 only no c2c h1b cpt,dice,job title only - advisor verification required,,
Data Scientist,Snr Data Scientist (CPT ONLY),"Cape Town, South Africa",via LinkedIn,Full-time,False,2023-02-01 16:02:44,South Africa,Datafin Recruitment,"['sas', 'sas', 'excel', 'word', 'powerpoint']",183578,ambiguous_mention,snr data scientist cpt only,datafin recruitment,job title only - advisor verification required,,
Data Analyst,Data Analyst (CPT/JHB),"Cape Town, South Africa",via LinkedIn,Full-time,False,2023-03-01 15:32:36,South Africa,Datafin Recruitment,"['sql', 'python', 'r', 'aws', 'azure', 'tableau']",186299,ambiguous_mention,data analyst cpt jhb,datafin recruitment,job title only - advisor verification required,,
Data Analyst,CPT/OPT/H1 Hiring and Placement for Data Analyst,"New York, NY",via ZipRecruiter,Contractor,False,2023-01-09 14:59:54,United States,VForce Infotech,,195020,ambiguous_mention,cpt opt h1 hiring and placement for data analyst,vforce infotech,job title only - advisor verification required,,
Senior Data Analyst,Visa: USC/GC - Hiring: Sr. Tableau Developer/ Data Analyst,"Charlotte, NC",via LinkedIn,Full-time,False,2023-10-06 15:37:06,United States,"V-Soft Consulting Group, Inc.","['sql', 'tableau']",200401,ambiguous_mention,visa usc gc hiring sr tableau developer data analyst,v soft consulting group inc,job title only - advisor verification required,,
Business Analyst,"Analyst, Sponsorship Measurement",Texas,via LinkedIn,Full-time,False,2023-09-13 15:01:12,United States,LEARFIELD,"['sql', 'tableau']",200943,ambiguous_mention,analyst sponsorship measurement,learfield,job title only - advisor verification required,,
Data Engineer,Data Engineer (SQL / Python) (CPT),"Cape Town, South Africa",via LinkedIn,Full-time,False,2023-04-17 15:28:14,South Africa,Datafin Recruitment,"['sql', 'python', 'mongodb', 'mongodb', 'php', 'typescript', 'postgresql', 'mysql', 'aws', 'kafka', 'react', 'node', 'angular', 'git', 'gitlab', 'terraform', 'jira', 'confluence']",201942,ambiguous_mention,data engineer sql python cpt,datafin recruitment,job title only - advisor verification required,,
Data Engineer,Data Engineer/Lead/Architect(Any Visa is fine),"Sunnyvale, CA",via Dice.com,Full-time,False,2023-10-19 22:26:38,United States,Talent Group,"['python', 'sql', 'snowflake', 'aws']",203345,ambiguous_mention,data engineer lead architect any visa is fine,talent group,job title only - advisor verification required,,
Senior Data Engineer,Senior Data Engineer- Visa Research,"Austin, TX",via LinkedIn,Full-time,False,2023-08-17 22:12:03,United States,Visa,"['java', 'python', 'scala', 'go', 'no-sql', 'html', 'css', 'javascript', 'sql', 'nosql', 'hadoop', 'spark', 'tensorflow']",205854,ambiguous_mention,senior data engineer visa research,visa,job title only - advisor verification required,,
Senior Data Scientist,Senior Data Scientist - Visa Consulting & Analytics,"Santo Domingo, Dominican Republic",via The Muse,Full-time,False,2023-03-15 22:38:12,Dominican Republic,Visa,"['python', 'sas', 'sas', 'sql', 'r', 'hadoop', 'spark', 'pandas', 'numpy', 'scikit-learn', 'tableau', 'power bi']",214546,ambiguous_mention,senior data scientist visa consulting analytics,visa,job title only - advisor verification required,,
Data Scientist,"Contract || Data Scientist with C# || Chicago, IL (Onsite) any VISA","Chicago, IL",via Dice,Contractor,False,2023-09-21 22:02:58,United States,Stream IT,['c#'],217269,ambiguous_mention,contract data scientist with c chicago il onsite any visa,stream it,job title only - advisor verification required,,
Data Scientist,Data Scientist Jobs in Canada with Visa Sponsorship,Canada  (+1 other),via Neb Student,Full-time,False,2023-08-18 07:13:01,Canada,Neb Students .co,['excel'],225069,ambiguous_mention,data scientist jobs in canada with visa sponsorship,neb students co,job title only - advisor verification required,,
Data Scientist,"Sr. Consultant, Data Science, Visa Consulting and",Singapore,via Jobs Trabajo.org,Full-time,False,2023-12-01 07:31:01,Singapore,Visa,"['python', 'go', 'c++', 'aws', 'azure', 'hadoop', 'spark', 'kafka']",228125,ambiguous_mention,sr consultant data science visa consulting and,visa,job title only - advisor verification required,,
Data Engineer,Data Engineer (Client Value) (JHB/CPT),"Johannesburg, South Africa",via Pnet,Full-time,False,2023-02-07 07:24:20,South Africa,Datafin IT Recruitment,"['sql', 'python', 'sql server', 'aws', 'redshift', 'ssis', 'ssrs', 'word', 'excel', 'outlook', 'power bi']",238306,ambiguous_mention,data engineer client value jhb cpt,datafin it recruitment,job title only - advisor verification required,,
Senior Data Analyst,Senior Data Analyst (CPT),South Africa,via CareerJunction,Full-time,False,2023-09-11 07:22:21,South Africa,Datafin,"['sql', 'excel', 'tableau', 'qlik', 'power bi', 'word']",240550,ambiguous_mention,senior data analyst cpt,datafin,job title only - advisor verification required,,
Senior Data Scientist,"Sr Data Scientist, Visa Consulting","Ho Chi Minh City, Vietnam",via Trabajo.org,Full-time,False,2023-12-02 07:37:34,Vietnam,Visa,['hadoop'],248446,ambiguous_mention,sr data scientist visa consulting,visa,job title only - advisor verification required,,
Senior Data Analyst,Senior Data Analyst CPT/JHB,South Africa,via Jooble,Full-time,False,2023-09-09 07:18:37,South Africa,Datafin,"['sql', 'excel', 'tableau', 'qlik', 'power bi', 'word']",248688,ambiguous_mention,senior data analyst cpt jhb,datafin,job title only - advisor verification required,,
Data Scientist,Hiring H1B visa sponsorship Java Dot NET UI Data Science Data...,United States,via WJTV Jobs,Full-time,False,2023-05-18 07:09:46,United States,Aim Computer Consulting LLC,"['python', 'azure', 'snowflake']",253840,availability_or_aggregator_mention,hiring h1b visa sponsorship java dot net ui data science data,aim computer consulting llc,job title only - advisor verification required,,
Data Engineer,Data Engineer required in Canada under PR Visa ** services are...,"Bengaluru, Karnataka, India",via LinkedIn,Full-time,False,2023-02-13 07:29:10,India,Maverick Overseas Consultancy,,270507,ambiguous_mention,data engineer required in canada under pr visa services are,maverick overseas consultancy,job title only - advisor verification required,,
Data Engineer,Data Engineer (Python & SQL) (CPT Hybrid),South Africa,via CareerJunction,Full-time,False,2023-12-04 07:15:13,South Africa,Datafin,"['python', 'sql', 'linux', 'word', 'flow', 'git']",277945,ambiguous_mention,data engineer python sql cpt hybrid,datafin,job title only - advisor verification required,,
Data Analyst,Data Analyst ( Filing H1 for OPT EAD and h4 EAD candidates ),"Atlanta, GA",via Big Country Jobs,Full-time,False,2023-01-07 17:30:01,United States,vectorsoft,['sql'],285929,ambiguous_mention,data analyst filing h1 for opt ead and h4 ead candidates,vectorsoft,job title only - advisor verification required,,
Data Engineer,Azure Data Engineer - 6 Months - NO SPONSORSHIP,"London, UK",via WJHL Jobs,Full-time,False,2023-04-27 17:21:25,United Kingdom,Oliver James,"['sql', 'python', 'azure', 'databricks', 'snowflake']",296985,explicit_restriction,azure data engineer 6 months no sponsorship,oliver james,job title only - advisor verification required,,
Senior Data Scientist,"Senior Data Scientist, Europe Visa Functions and Products","Warsaw, Poland",via Praca Trabajo.org,Full-time,False,2023-06-06 17:18:26,Poland,Visaitalia,"['spark', 'tableau', 'power bi']",299677,ambiguous_mention,senior data scientist europe visa functions and products,visaitalia,job title only - advisor verification required,,
Senior Data Scientist,"Senior Data Science Manager - Visa, Consulting & Analytics","Stockholm, Sweden",via Ai-Jobs.net,Full-time,False,2023-03-16 17:36:55,Sweden,Visa,['spark'],302541,ambiguous_mention,senior data science manager visa consulting analytics,visa,job title only - advisor verification required,,
Data Analyst,Data Analyst 2 - Remote - Sponsorship Not Available,Anywhere,via Medicalcareers.io,Full-time,True,2023-06-17 17:37:52,United States,UnitedHealth Group,"['sql', 'python', 'r', 'tableau']",304392,explicit_restriction,data analyst 2 remote sponsorship not available,unitedhealth group,job title only - advisor verification required,,
Data Scientist,We do have Openings For Data Scientist /H1B Visa Holders Can Apply,"Bengaluru, Karnataka, India",via Indeed,Full-time,False,2023-05-25 17:25:34,India,Confidential,,305180,ambiguous_mention,we do have openings for data scientist h1b visa holders can apply,confidential,job title only - advisor verification required,,
Data Engineer,Sybase / SAS / Informatica Data Engineer (NO Sponsorship),"St Helens, Saint Helens, UK",via LinkedIn,Full-time,False,2023-09-24 17:05:15,United Kingdom,ClickJobs.io,"['sas', 'sas', 'shell', 'python', 'snowflake', 'azure']",309481,explicit_restriction,sybase sas informatica data engineer no sponsorship,clickjobs io,job title only - advisor verification required,,
Data Analyst,HRIS Data Analyst (CPT Hybrid),South Africa,via Indeed,Full-time,False,2023-04-25 17:29:17,South Africa,Datafin IT Recruitment,"['sap', 'excel', 'powerpoint', 'power bi', 'flow']",316446,ambiguous_mention,hris data analyst cpt hybrid,datafin it recruitment,job title only - advisor verification required,,
Data Engineer,Staff Data Engineer- Visa AI as a Service,"Austin, TX",via Ai-Jobs.net,Full-time,False,2023-01-28 17:01:53,United States,Visa,"['go', 'golang', 'java']",317276,ambiguous_mention,staff data engineer visa ai as a service,visa,job title only - advisor verification required,,
Data Scientist,Snr Data Scientist (CPT ONLY),South Africa,"via SimplyHired, South Africa",Full-time,False,2023-02-01 18:02:31,South Africa,Datafin IT Recruitment,"['sas', 'sas', 'excel', 'word', 'powerpoint']",319707,ambiguous_mention,snr data scientist cpt only,datafin it recruitment,job title only - advisor verification required,,
Data Scientist,Data Science Project Manager (CPT/JHB Hybrid) at Datafin Recruitment,"Cape Town, South Africa",via CareerJunction,Full-time,False,2023-01-31 17:52:02,South Africa,Datafin,"['python', 'sql', 'atlassian', 'git', 'jira']",322074,ambiguous_mention,data science project manager cpt jhb hybrid at datafin recruitment,datafin,job title only - advisor verification required,,
Data Analyst,Data Analyst(Any Visa is Fine),"Austin, TX",via Dice,Full-time,False,2023-09-07 17:01:24,United States,Talent Group,"['sql', 'python', 'mysql', 'snowflake', 'tableau']",325920,ambiguous_mention,data analyst any visa is fine,talent group,job title only - advisor verification required,,
Data Analyst,Data Analyst ( Filing H1 for OPT EAD and h4 EAD candidates ),"Atlanta, GA","via Atlanta, GA - Geebo",Full-time,False,2023-01-28 00:27:30,United States,CareerBuilder-US,['sql'],329272,ambiguous_mention,data analyst filing h1 for opt ead and h4 ead candidates,careerbuilder us,job title only - advisor verification required,,
Data Engineer,Data Engineer -H1b,"Redmond, WA",via LinkedIn,Full-time,False,2023-02-15 23:09:00,United States,People Tech Group Inc,"['java', 'scala', 'sql', 'aws', 'azure', 'spark']",335543,ambiguous_mention,data engineer h1b,people tech group inc,job title only - advisor verification required,,
Data Analyst,Vietnamese Data Analyst (Free Visa Processing),"Mandaluyong, Metro Manila, Philippines",via Jobrapido.com,Full-time,False,2023-03-01 23:30:00,Philippines,J-K Network,,345550,ambiguous_mention,vietnamese data analyst free visa processing,j k network,job title only - advisor verification required,,
Data Scientist,(UC-81) - Data Scientist Usa (Tn Visa Sponsorship)-On Site,"Zapopan, Jalisco, Mexico",via Sercanto,Full-time,False,2023-05-07 00:04:35,Mexico,Openwave Computing,"['r', 'python', 'java', 'c++', 'excel']",350206,ambiguous_mention,uc 81 data scientist usa tn visa sponsorship on site,openwave computing,job title only - advisor verification required,,
Senior Data Scientist,"Sr Data Scientist, Visa Consulting & Analytics, Vietnam - 8 month...","Hoàn Kiếm, Hanoi, Vietnam",via Recruit.net,Full-time,False,2023-06-29 00:03:40,Vietnam,Visa,,354142,ambiguous_mention,sr data scientist visa consulting analytics vietnam 8 month,visa,job title only - advisor verification required,,
Software Engineer,【Visa Support】Software Engineer,Anywhere,via Www.michaelpage.co.jp,Full-time,True,2023-01-25 23:55:44,Japan,Michael Page,"['java', 'hadoop']",356051,ambiguous_mention,visa support software engineer,michael page,job title only - advisor verification required,,
Data Analyst,Data Analyst (Dallas/Fort Worth Candidates Only. No Sponsorship...,Texas,via LinkedIn,Full-time,False,2023-07-25 23:02:03,United States,"Yoh, A Day & Zimmermann Company","['sql', 'ssis', 'ssrs', 'excel']",356896,explicit_restriction,data analyst dallas fort worth candidates only no sponsorship,yoh a day zimmermann company,job title only - advisor verification required,,
Data Scientist,"Data Scientist, Visa Consulting & Analytics","Bangkok, Thailand",via Recruit.net,Full-time,False,2023-02-14 23:32:48,Thailand,Visa,"['sas', 'sas', 'python', 'sql', 'java', 'hadoop', 'tableau']",358712,ambiguous_mention,data scientist visa consulting analytics,visa,job title only - advisor verification required,,
Data Engineer,Data Engineer – Python​/CPT Hybrid,"Cape Town, South Africa",via Learn4Good.com,Full-time,False,2023-09-01 23:32:45,South Africa,Datafin,"['python', 'r', 'sql', 'aws', 'flow', 'git', 'docker', 'kubernetes']",359197,ambiguous_mention,data engineer python cpt hybrid,datafin,job title only - advisor verification required,,
Senior Data Scientist,Senior Data Scientist Cpt,South Africa,via EMPREGO.pt,Full-time,False,2023-08-09 23:54:30,South Africa,Confidential,"['sas', 'sas', 'excel', 'word', 'powerpoint']",359926,ambiguous_mention,senior data scientist cpt,confidential,job title only - advisor verification required,,
Senior Data Scientist,Senior Data Scientist – Visa Consulting,"Mons, Belgium",via Emplois Trabajo.org,Full-time,False,2023-11-06 00:09:02,Belgium,VISA,"['sql', 'python', 'r', 'hadoop', 'spark']",363372,ambiguous_mention,senior data scientist visa consulting,visa,job title only - advisor verification required,,
Data Analyst,Data Analyst (OPT's are Welcome),"Atlanta, GA","via Atlanta, GA - Geebo",Full-time,False,2023-01-29 00:14:42,United States,SV Professionals LLC,['sql'],363959,ambiguous_mention,data analyst opt s are welcome,sv professionals llc,job title only - advisor verification required,,
Data Engineer,Staff Data Engineer - Visa Research,"Austin, TX",via Snagajob,Full-time,False,2023-08-19 18:09:29,United States,Visa,"['java', 'python', 'scala', 'go', 'no-sql', 'html', 'css', 'javascript', 'nosql', 'hadoop', 'spark', 'tensorflow']",371445,ambiguous_mention,staff data engineer visa research,visa,job title only - advisor verification required,,
Data Engineer,Data Engineer Utrecht Dutch No Visa No Relocation Max 64K,"Utrecht, Netherlands",via BeBee,Full-time,False,2023-08-22 18:29:57,Netherlands,Futures Works,['azure'],376336,explicit_restriction,data engineer utrecht dutch no visa no relocation max 64k,futures works,job title only - advisor verification required,,
Senior Data Engineer,Senior Data Engineer(NO CPT/OPT),Anywhere,via LinkedIn,Full-time,True,2023-04-08 18:27:12,United States,InteliX Systems,"['python', 'sql', 'java', 'sql server', 'mysql', 'azure', 'aws', 'snowflake', 'oracle', 'databricks', 'kafka', 'hadoop', 'spark', 'airflow', 'express', 'kubernetes', 'jenkins', 'git']",376595,explicit_restriction,senior data engineer no cpt opt,intelix systems,job title only - advisor verification required,,
Data Engineer,OPT-Azure Data Engineer,Anywhere,via Dice,Full-time,True,2023-11-09 18:08:57,United States,Jade Biz Services,"['sql', 't-sql', 'python', 'java', 'scala', 'nosql', 'sql server', 'azure', 'oracle', 'jira']",377797,ambiguous_mention,opt azure data engineer,jade biz services,job title only - advisor verification required,,
Data Engineer,"Lead Data Engineer Job in Visa Austin, Texas","Austin, TX",via Sulekha Jobs,Full-time,False,2023-02-12 18:07:25,United States,Sulekha.com Client - Visa,,379800,ambiguous_mention,lead data engineer job in visa austin texas,sulekha com client visa,job title only - advisor verification required,,
Data Engineer,Azure Data Engineer (Independent Visa's only),Anywhere,via LinkedIn,Full-time,True,2023-02-14 19:50:24,Sudan,"Pro IT, Inc","['python', 'sql', 'azure', 'databricks', 'snowflake', 'airflow']",380452,ambiguous_mention,azure data engineer independent visa s only,pro it inc,job title only - advisor verification required,,
Data Scientist,Data Scientist (No C2C Sponsorship),Anywhere,via LinkedIn,Contractor and Temp work,True,2023-10-30 18:02:20,United States,OpTech,"['python', 'java', 'sas', 'sas', 'r', 'sql', 'perl', 'hadoop', 'pytorch', 'tableau', 'power bi']",382029,ambiguous_mention,data scientist no c2c sponsorship,optech,job title only - advisor verification required,,
Data Engineer,Azure Data Engineer ( NO H1B - Only GC or USC ),"Louisville, KY",via SimplyHired,Contractor,False,2023-01-30 18:08:34,United States,Precision Technology,['azure'],383900,explicit_restriction,azure data engineer no h1b only gc or usc,precision technology,job title only - advisor verification required,,
Senior Data Scientist,"Sr Data Scientist, Visa Consulting & Analytics, Vietnam - 8 month...","Ho Chi Minh City, Vietnam",via LinkedIn Vietnam,Full-time,False,2023-04-28 18:11:48,Vietnam,Visa,"['hadoop', 'excel', 'powerpoint']",384105,ambiguous_mention,sr data scientist visa consulting analytics vietnam 8 month,visa,job title only - advisor verification required,,
Data Analyst,Business Analyst / Data Analyst (OPT/CPT/H1b),"New Brunswick, NJ",via LinkedIn,Contractor,False,2023-09-20 18:00:02,United States,ALStream,,389426,ambiguous_mention,business analyst data analyst opt cpt h1b,alstream,job title only - advisor verification required,,
Senior Data Engineer,Go Share - Senior Data Engineer – Visa AI as Services,"Bengaluru, Karnataka, India",via Ai-Jobs.net,Full-time,False,2023-03-02 18:18:03,India,Visa,"['go', 'golang', 'java']",393639,ambiguous_mention,go share senior data engineer visa ai as services,visa,job title only - advisor verification required,,
Data Scientist,"Data scientist : : W2 role : :Hybrid in Jersey City, NJ : : No h1b...","Jersey City, NJ",via Dice.com,Contractor,False,2023-12-12 18:18:25,United States,Srimatrix Inc.,"['python', 'mongodb', 'mongodb', 'neo4j', 'tensorflow', 'scikit-learn', 'pandas', 'spark', 'kafka', 'tableau', 'word']",395115,explicit_restriction,data scientist w2 role hybrid in jersey city nj no h1b,srimatrix inc,job title only - advisor verification required,,
Data Scientist,"Data scientist : : W2 role : :Hybrid in Jersey City, NJ : : No h1b...",Anywhere,via LinkedIn,Full-time,True,2023-12-13 16:03:12,United States,Dice,"['python', 'mongodb', 'mongodb', 'neo4j', 'tensorflow', 'scikit-learn', 'pandas', 'spark', 'kafka', 'tableau', 'word']",405708,explicit_restriction,data scientist w2 role hybrid in jersey city nj no h1b,dice,job title only - advisor verification required,,
Data Engineer,Databricks Developer/ Data Engineer || Any Visa is fine Except OPT...,"Billerica, MA",via Dice.com,Contractor,False,2023-11-28 16:05:38,United States,Shiro Technologies,"['r', 'databricks', 'spark', 'jupyter']",406366,ambiguous_mention,databricks developer data engineer any visa is fine except opt,shiro technologies,job title only - advisor verification required,,
Data Scientist,"Sr. Consultant, Data Science, Visa Consulting and Analytics",Singapore,via Melga,Contractor,False,2023-02-23 16:29:17,Singapore,Visa,"['python', 'go', 'c++', 'aws', 'azure', 'hadoop', 'spark', 'kafka']",412620,ambiguous_mention,sr consultant data science visa consulting and analytics,visa,job title only - advisor verification required,,
Senior Data Engineer,Senior Data Engineer- Visa AI as a Service,"Austin, TX",via Smart Recruiters Jobs,Full-time,False,2023-02-16 16:08:34,United States,Visa,"['go', 'golang', 'java']",421576,ambiguous_mention,senior data engineer visa ai as a service,visa,job title only - advisor verification required,,
Data Analyst,Analyst Data Science at Visa,"Nairobi, Kenya",via Trabajo.org,Full-time,False,2023-12-03 16:35:09,Kenya,Visa,"['sql', 'shell', 'sas', 'sas', 'python', 'r', 'scala', 'java', 'matlab', 'c++', 'elasticsearch', 'hadoop', 'spark', 'jupyter', 'linux']",423011,ambiguous_mention,analyst data science at visa,visa,job title only - advisor verification required,,
Senior Data Analyst,Sr. Business Data Analyst |H1B/GC/USC|,"Chicago, IL",via Indeed,Full-time,False,2023-05-03 16:03:04,United States,Business Integra Inc,"['sql', 'word', 'excel', 'outlook', 'power bi']",423478,ambiguous_mention,sr business data analyst h1b gc usc,business integra inc,job title only - advisor verification required,,
Senior Data Scientist,"Sr. Data Scientist, Visa Consulting","Bangkok, Thailand",via Trabajo.org,Full-time,False,2023-01-06 16:31:10,Thailand,VISA,"['python', 'hadoop']",425727,ambiguous_mention,sr data scientist visa consulting,visa,job title only - advisor verification required,,
Data Engineer,Data Engineer -No H1B's,"McLean, VA",via LinkedIn,Full-time,False,2023-08-16 17:13:03,Sudan,IT Vision Group,"['python', 'aws', 'spark', 'jenkins', 'docker', 'jira']",427891,explicit_restriction,data engineer no h1b s,it vision group,job title only - advisor verification required,,
Data Scientist,Data Scientist :: No H1B OPT CPT ::: Stamford CT,"Stamford, CT",via ZipRecruiter,Full-time,False,2023-03-15 16:02:55,United States,SoftSages Technology,"['sql', 'python', 'sas', 'sas']",433866,explicit_restriction,data scientist no h1b opt cpt stamford ct,softsages technology,job title only - advisor verification required,,
Business Analyst,BI Engineer 1 (CPT),"Cape Town, South Africa",via Adzuna,Full-time,False,2023-03-28 16:55:32,South Africa,BET Software,"['sql', 't-sql', 'sql server', 'ssis', 'ssrs', 'power bi']",437991,ambiguous_mention,bi engineer 1 cpt,bet software,job title only - advisor verification required,,
Data Analyst,Data Analyst Jobs in Canada with Visa Sponsorship,Canada   (+2 others),via Neb Student,Full-time,False,2023-08-12 16:10:33,Canada,Neb Students .co,"['python', 'r', 'excel']",439946,ambiguous_mention,data analyst jobs in canada with visa sponsorship,neb students co,job title only - advisor verification required,,
Senior Data Scientist,Senior Data Scientist – Visa Consulting,"Berlin, Germany",via BeBee,Full-time,False,2023-07-29 16:17:02,Germany,tapwage,"['sql', 'python', 'r', 'hadoop', 'spark']",443182,ambiguous_mention,senior data scientist visa consulting,tapwage,job title only - advisor verification required,,
Data Engineer,"Azure Data Engineer - H-1B OK, Direct Hire","Minneapolis, MN",via Find My CV,Full-time,False,2023-06-03 16:08:19,United States,GlobalSource IT,"['sql', 'azure', 'git']",445263,ambiguous_mention,azure data engineer h 1b ok direct hire,globalsource it,job title only - advisor verification required,,
Data Engineer,Data Engineer Utrecht Dutch No Visa No Relocation Max 64K,Anywhere,via LinkedIn,Full-time,True,2023-08-22 16:29:58,Netherlands,Futures Works Global,['azure'],445540,explicit_restriction,data engineer utrecht dutch no visa no relocation max 64k,futures works global,job title only - advisor verification required,,
Data Engineer,Travel to US - H1B Transfers - Data Engineer,United States,via Indeed,Full-time,False,2023-08-25 16:08:42,United States,Miracle Software Systems,"['java', 'sql', 'python', 'sql server', 'gcp', 'hadoop', 'spark', 'airflow', 'terraform']",445827,ambiguous_mention,travel to us h1b transfers data engineer,miracle software systems,job title only - advisor verification required,,
Data Analyst,"Data Analysis - Jr. Level - Contract - W2 Only (no c2c, h1b, cpt...","Bloomfield, CT",via LinkedIn,Contractor,False,2023-12-12 14:00:41,United States,iTech Solutions,,449432,ambiguous_mention,data analysis jr level contract w2 only no c2c h1b cpt,itech solutions,job title only - advisor verification required,,
Data Engineer,"Jr. Data Engineer - CPT, OPT",Anywhere,via LinkedIn,Contractor and Temp work,True,2023-12-26 14:04:40,United States,Narvee Technologies Pvt Ltd,"['sql', 'scala', 'python', 'powershell', 'azure', 'databricks', 'redshift', 'snowflake', 'aws', 'airflow', 'spark', 'git']",451456,ambiguous_mention,jr data engineer cpt opt,narvee technologies pvt ltd,job title only - advisor verification required,,
Data Engineer,Mulesoft Data Engineer (no sponsorship available),"Atlanta, GA",via LinkedIn,Full-time,False,2023-11-30 14:56:33,United States,Vaco,"['sql', 'python', 't-sql', 'azure', 'ssis']",455179,explicit_restriction,mulesoft data engineer no sponsorship available,vaco,job title only - advisor verification required,,
Data Analyst,"SAS Data Analyst | Charlotte, NC (Onsite) | Visa : USC,GC,EAD.","Charlotte, NC",via LinkedIn,Contractor,False,2023-03-08 15:11:19,United States,Echo IT Solutions,"['go', 'sas', 'sas']",463027,ambiguous_mention,sas data analyst charlotte nc onsite visa usc gc ead,echo it solutions,job title only - advisor verification required,,
Data Scientist,"Data Science - (REMOTE) - W2 Position - Visa: USC, GC, H4 EAD, GC...",Anywhere,via LinkedIn,Contractor,True,2023-05-15 14:20:26,United States,Charter Global,"['python', 'sql', 'php', 'perl', 'r', 'matlab', 'sas', 'sas', 'jupyter', 'numpy', 'pandas', 'spss']",463650,ambiguous_mention,data science remote w2 position visa usc gc h4 ead gc,charter global,job title only - advisor verification required,,
Data Engineer,"Data Engineer - Only US Citizen, GC & OPT - W2","Mountain View, CA",via LinkedIn,Contractor,False,2023-02-17 15:02:56,Sudan,Avacend Inc,"['sql', 'java', 'aws', 'redshift', 'snowflake', 'linux']",467681,ambiguous_mention,data engineer only us citizen gc opt w2,avacend inc,job title only - advisor verification required,,
Data Analyst,"Product Data Analyst (W2) :: Maynard, MA (Hybrid) :: No H1b,CPT","Maynard, MA",via LinkedIn,Full-time and Temp work,False,2023-09-07 14:00:42,United States,SoftSages Technology,"['word', 'excel', 'powerpoint']",468369,explicit_restriction,product data analyst w2 maynard ma hybrid no h1b cpt,softsages technology,job title only - advisor verification required,,
Senior Data Scientist,Senior Data Science Manager – Visa Consulting & Analytics (m/f/div.),"Frankfurt, Germany",via Smart Recruiters Jobs,Full-time,False,2023-03-17 11:10:02,Germany,Visa,"['sql', 'python', 'r', 'hadoop', 'spark']",494462,ambiguous_mention,senior data science manager visa consulting analytics m f div,visa,job title only - advisor verification required,,
Data Analyst,Data Analyst (CPT/JHB),South Africa,via Indeed,Full-time,False,2023-03-01 11:32:26,South Africa,Datafin IT Recruitment,"['sql', 'python', 'r', 'aws', 'azure', 'tableau']",499120,ambiguous_mention,data analyst cpt jhb,datafin it recruitment,job title only - advisor verification required,,
Senior Data Scientist,"Senior Data Scientist, Europe Visa Functions and Products","Warsaw, Poland",via Ai-Jobs.net,Full-time,False,2023-04-29 11:20:40,Poland,Visa,"['spark', 'tableau']",504068,ambiguous_mention,senior data scientist europe visa functions and products,visa,job title only - advisor verification required,,
Data Engineer,Data Engineer - Oracle (Hybrid) - NO SPONSORSHIP,"London, UK",via Indeed,Full-time,False,2023-07-20 11:16:10,United Kingdom,Arlo Resourcing Ltd,"['sql', 'go', 'oracle', 'graphql']",505634,explicit_restriction,data engineer oracle hybrid no sponsorship,arlo resourcing ltd,job title only - advisor verification required,,
Data Scientist,Data Scientist - H-1B USA Visa Sponsorship Jobs,"San Francisco, CA",via USA Visa Sponsorship Jobs,Full-time,False,2023-08-10 11:03:10,United States,USA Company,"['python', 'sql', 'r']",506898,availability_or_aggregator_mention,data scientist h 1b usa visa sponsorship jobs,usa company,job title only - advisor verification required,,
Data Engineer,Data Engineer - Python (CPT Hybrid),South Africa,via Pnet,Full-time,False,2023-01-04 11:53:11,South Africa,Datafin IT Recruitment,"['r', 'python', 'sql', 'aws', 'flow', 'git', 'docker', 'kubernetes']",516680,ambiguous_mention,data engineer python cpt hybrid,datafin it recruitment,job title only - advisor verification required,,
Senior Data Scientist,"Senior Data Scientist, Specialist - H1B Visa Sponsorship Jobs","Frazer, PA",via USA Visa Sponsorship Jobs,Full-time,False,2023-09-08 11:02:45,United States,USA Company,"['python', 'r', 'sql', 'go', 'aws', 'tensorflow', 'pytorch', 'keras', 'scikit-learn', 'hadoop', 'spark', 'hugging face', 'git', 'bitbucket']",519144,availability_or_aggregator_mention,senior data scientist specialist h1b visa sponsorship jobs,usa company,job title only - advisor verification required,,
Data Scientist,"Data Science Lead, Visa Consulting & Analytics, Indonesia",Indonesia,via LinkedIn,Full-time,False,2023-12-26 11:15:59,Indonesia,Visa,"['hadoop', 'excel', 'powerpoint']",519741,ambiguous_mention,data science lead visa consulting analytics indonesia,visa,job title only - advisor verification required,,
Data Engineer,Data Engineer (CPT Hybrid),South Africa,via Indeed,Full-time,False,2023-08-22 11:13:23,South Africa,Datafin IT Recruitment,"['python', 'scala', 'java', 'c', 'aws', 'redshift', 'spark', 'git', 'svn']",521196,ambiguous_mention,data engineer cpt hybrid,datafin it recruitment,job title only - advisor verification required,,
Data Scientist,Data Scientist Data Scientist USA Visa Sponsorship Jobs,"Greenville, SC",via USA Visa Sponsorship Jobs,Full-time,False,2023-07-20 11:06:02,United States,USA Company,,523831,availability_or_aggregator_mention,data scientist data scientist usa visa sponsorship jobs,usa company,job title only - advisor verification required,,
Data Engineer,"Python Pyspark/Data Engineer - No OPT, CPT","Houston, TX",via LinkedIn,Full-time,False,2023-11-30 19:07:47,United States,SightSpectrum,"['python', 'sql', 'aws', 'databricks', 'spark']",531512,explicit_restriction,python pyspark data engineer no opt cpt,sightspectrum,job title only - advisor verification required,,
Data Engineer,Data Engineer - OPT -EAD Visa Only,Anywhere,via LinkedIn,Contractor and Temp work,True,2023-11-18 19:07:21,United States,GeorgiaTEK Systems Inc.,"['sql', 'python']",532157,ambiguous_mention,data engineer opt ead visa only,georgiatek systems inc,job title only - advisor verification required,,
Data Analyst,Analytics Consultant Rotterdam Max EUR65K Dutch NO VISA,"Rotterdam, Netherlands",via Vacatures Trabajo.org,Full-time,False,2023-07-30 19:53:24,Netherlands,Futures Works,['python'],532641,explicit_restriction,analytics consultant rotterdam max eur65k dutch no visa,futures works,job title only - advisor verification required,,
Senior Data Scientist,"Sr. Data Scientist, Visa Consulting & Analytics Thailand","Miami, FL",via The Muse,Full-time,False,2023-02-24 19:04:37,United States,Visa,"['python', 'hadoop']",532654,ambiguous_mention,sr data scientist visa consulting analytics thailand,visa,job title only - advisor verification required,,
Data Engineer,Data Engineer with Data Bricks || Only Visa Independents|| onsite...,"O'Fallon, MO",via ZipRecruiter,Full-time,False,2023-10-31 19:08:01,United States,smart folks inc,"['python', 'sql', 'databricks', 'aws', 'pyspark']",533822,ambiguous_mention,data engineer with data bricks only visa independents onsite,smart folks inc,job title only - advisor verification required,,
Senior Data Engineer,Senior Data Software Engineer The Hague MAX EUR120K NO VISA DUTCH,"Rotterdam, Netherlands",via Vacatures Trabajo.org,Full-time,False,2023-07-30 20:15:00,Netherlands,Futures Works,"['azure', 'aws', 'react', 'kubernetes', 'docker']",542052,explicit_restriction,senior data software engineer the hague max eur120k no visa dutch,futures works,job title only - advisor verification required,,
Data Engineer,OPT-AWS Data Engineer,Texas,via Dice,Contractor,False,2023-11-09 19:08:08,United States,Jade Biz Services,"['nosql', 'python', 'aws', 'redshift', 'pyspark']",543819,ambiguous_mention,opt aws data engineer,jade biz services,job title only - advisor verification required,,
Data Engineer,Data Engineer (No Visa Entanglements),New Jersey,via LinkedIn,Contractor,False,2023-10-25 19:10:26,United States,PRI Technology,"['sql', 'r', 'python', 'sql server', 'cognos', 'git', 'jenkins', 'zoom']",552309,explicit_restriction,data engineer no visa entanglements,pri technology,job title only - advisor verification required,,
Data Engineer,"Data Engineer (Local TX, OPT works  )","Plano, TX",via LinkedIn,Full-time,False,2023-10-05 19:08:37,United States,NLB Services,"['python', 'sql', 'aws', 'databricks', 'airflow', 'spark', 'unity']",553426,ambiguous_mention,data engineer local tx opt works,nlb services,job title only - advisor verification required,,
Machine Learning Engineer,AI Engineer Deep Learning Sports data company (VISA support available),"Shinjuku City, Tokyo, Japan",via Jobs In Japan,Full-time,False,2023-09-01 05:05:16,Japan,151A NEIGHBORS,"['tensorflow', 'pytorch']",561234,ambiguous_mention,ai engineer deep learning sports data company visa support available,151a neighbors,job title only - advisor verification required,,
Senior Data Scientist,Senior Data Scientist – Visa Consulting & Analytics (m/f/div.),"Berlin, Germany",via LinkedIn,Full-time,False,2023-09-02 10:01:35,Germany,Visa,"['sql', 'python', 'r', 'hadoop', 'spark']",567860,ambiguous_mention,senior data scientist visa consulting analytics m f div,visa,job title only - advisor verification required,,
Senior Data Engineer,Senior Data Engineer - USA Visa Sponsorship Jobs,"Frazer, PA",via USA Visa Sponsorship Jobs,Full-time,False,2023-06-30 10:05:11,Sudan,USA Company,"['python', 'sql', 'bash', 'shell', 'go', 'spark']",577990,availability_or_aggregator_mention,senior data engineer usa visa sponsorship jobs,usa company,job title only - advisor verification required,,
Data Scientist,Lead Data Scientist USA Visa Sponsorship Jobs,"San Francisco, CA",via USA Visa Sponsorship Jobs,Full-time,False,2023-03-14 09:06:43,United States,USA Company,"['python', 'aws', 'azure', 'pytorch', 'tensorflow', 'opencv', 'datarobot']",581403,availability_or_aggregator_mention,lead data scientist usa visa sponsorship jobs,usa company,job title only - advisor verification required,,
Data Engineer,Data Engineer for H1b,"Chicago, IL",via LinkedIn,Full-time,False,2023-04-05 09:08:38,United States,Forte Group,"['sql', 'python', 'java', 'scala', 'aws', 'snowflake', 'tableau']",581459,ambiguous_mention,data engineer for h1b,forte group,job title only - advisor verification required,,
Business Analyst,Business Intelligence Engineer 2 (CPT),South Africa,via LinkedIn,Full-time,False,2023-11-15 09:17:03,South Africa,BETSoftware,"['sql', 't-sql', 'sql server', 'ssis', 'ssrs', 'power bi']",587211,ambiguous_mention,business intelligence engineer 2 cpt,betsoftware,job title only - advisor verification required,,
Business Analyst,Business Intelligence Analyst (CPT or JHB Hybrid),South Africa,via CareerJunction,Full-time,False,2023-10-03 09:40:33,South Africa,Datafin,"['sql', 'sql server', 'ssrs', 'power bi', 'tableau', 'word']",590562,ambiguous_mention,business intelligence analyst cpt or jhb hybrid,datafin,job title only - advisor verification required,,
Data Scientist,Data Scientist Data Scientist - USA Visa Sponsorship Jobs,"Greenville County, SC",via USA Visa Sponsorship Jobs,Full-time,False,2023-06-27 09:56:18,United States,USA Company,"['python', 'java', 'c++', 'sql', 'nosql', 'r', 'oracle', 'keras', 'sap', 'flow']",590592,availability_or_aggregator_mention,data scientist data scientist usa visa sponsorship jobs,usa company,job title only - advisor verification required,,
Data Engineer,We do have job Opening in U.S. For Big Data Engineer/H1B Visa Holders,"Bengaluru, Karnataka, India",via LinkedIn,Full-time,False,2023-11-16 09:12:30,India,Confidential,,590626,ambiguous_mention,we do have job opening in u s for big data engineer h1b visa holders,confidential,job title only - advisor verification required,,
Data Engineer,Data Engineer/Lead/Architect(Any Visa is fine),"Sunnyvale, CA",via LinkedIn,Full-time,False,2023-10-22 09:49:13,United States,Dice,"['python', 'sql', 'snowflake', 'aws']",592599,ambiguous_mention,data engineer lead architect any visa is fine,dice,job title only - advisor verification required,,
Senior Data Engineer,Veterans Preferred - Senior Data Engineer - H1B Visa Sponsorship Jobs,"Chesterfield, MO",via USA Visa Sponsorship Jobs,Full-time,False,2023-09-02 10:21:16,United States,USA Company,,594233,availability_or_aggregator_mention,veterans preferred senior data engineer h1b visa sponsorship jobs,usa company,job title only - advisor verification required,,
Data Scientist,Data Scientist USA Visa Sponsorship Jobs,"San Francisco, CA",via USA Visa Sponsorship Jobs,Full-time,False,2023-03-18 09:03:33,United States,USA Company,"['go', 'python', 'jupyter', 'pandas', 'pytorch', 'numpy', 'looker', 'tableau']",595146,availability_or_aggregator_mention,data scientist usa visa sponsorship jobs,usa company,job title only - advisor verification required,,
Data Scientist,Data Scientist- Greece based candidates only(No sponsorship),"Athens, Greece",via LinkedIn,Contractor,False,2023-12-14 09:27:21,Greece,Dabster,"['python', 'azure', 'flow', 'docker', 'git']",599111,explicit_restriction,data scientist greece based candidates only no sponsorship,dabster,job title only - advisor verification required,,
Data Scientist,Data Science Jobs in Amsterdam With Visa Sponsorship,"Amsterdam, Netherlands",via Jobs - PrimeJob4You,Full-time,False,2023-01-25 10:04:21,Netherlands,Heineken Netherlands,"['python', 'go', 'azure', 'databricks', 'pandas', 'scikit-learn']",604756,ambiguous_mention,data science jobs in amsterdam with visa sponsorship,heineken netherlands,job title only - advisor verification required,,
Data Engineer,Data Engineer - H-1B USA Visa Sponsorship Jobs,"San Francisco, CA",via USA Visa Sponsorship Jobs,Full-time,False,2023-11-21 13:43:31,Sudan,USA Company,"['sql', 'nosql', 'python', 'mongodb', 'mongodb', 'cassandra', 'aws', 'redshift', 'hadoop', 'spark', 'kafka']",611927,availability_or_aggregator_mention,data engineer h 1b usa visa sponsorship jobs,usa company,job title only - advisor verification required,,
Senior Data Scientist,"Sr Data Scientist, Visa Consulting","Hanoi, Vietnam",via Trabajo.org,Full-time,False,2023-10-27 12:25:49,Vietnam,Visa,['hadoop'],616129,ambiguous_mention,sr data scientist visa consulting,visa,job title only - advisor verification required,,
Data Engineer,Sr Data Engineer - No H1b & No 3rd Parties - Need Locals ONLY from...,"Newark, NJ",via Dice,Contractor,False,2023-10-12 13:16:19,Sudan,Techtriad Team - T3,"['aws', 'spark', 'hadoop', 'docker', 'jira', 'confluence']",633026,explicit_restriction,sr data engineer no h1b no 3rd parties need locals only from,techtriad team t3,job title only - advisor verification required,,
Data Analyst,Data Analyst  (US REMOTE) USA Visa Sponsorship Jobs,"Charlotte, NC",via USA Visa Sponsorship Jobs,Full-time,False,2023-02-15 13:14:25,United States,USA Company,"['sql', 'python', 'tableau', 'excel']",644715,availability_or_aggregator_mention,data analyst us remote usa visa sponsorship jobs,usa company,job title only - advisor verification required,,
Data Engineer,Data Engineer - Mullingar - Hybrid (offers sponsorship),"Mullingar, County Westmeath, Ireland",via LinkedIn,Full-time,False,2023-07-14 12:52:44,Ireland,E-Frontiers,"['sql', 'java', 'scala', 'python', 'r']",645419,ambiguous_mention,data engineer mullingar hybrid offers sponsorship,e frontiers,job title only - advisor verification required,,
Data Analyst,Data Analyst - H1B Visa Sponsorship Jobs,"Crowley, TX",via USA Visa Sponsorship Jobs,Full-time,False,2023-10-04 10:01:48,United States,USA Company,"['sql', 'jira']",651122,availability_or_aggregator_mention,data analyst h1b visa sponsorship jobs,usa company,job title only - advisor verification required,,
Senior Data Scientist,Senior Data Scientist H1B Visa Sponsorship Jobs,"Malvern, PA",via USA Visa Sponsorship Jobs,Full-time,False,2023-11-09 10:03:01,United States,USA Company,['python'],652951,availability_or_aggregator_mention,senior data scientist h1b visa sponsorship jobs,usa company,job title only - advisor verification required,,
Data Scientist,"Data Scientist, Marketing Analytics - H1B Visa Sponsorship Jobs","Brooklyn, NY",via USA Visa Sponsorship Jobs,Full-time,False,2023-10-06 10:01:54,United States,USA Company,"['sql', 'r', 'python', 'scala', 'php', 'ruby', 'ruby', 'hadoop', 'looker', 'tableau']",652963,availability_or_aggregator_mention,data scientist marketing analytics h1b visa sponsorship jobs,usa company,job title only - advisor verification required,,
Data Engineer,Data Engineer (Product) (CPT Only),"Stellenbosch, South Africa",via Pnet,Full-time,False,2023-01-28 10:45:53,South Africa,Datafin IT Recruitment,"['sql', 'nosql', 'python', 'sql server', 'azure', 'aws', 'hadoop', 'ssis']",655402,ambiguous_mention,data engineer product cpt only,datafin it recruitment,job title only - advisor verification required,,
Data Scientist,Associate Business Data Scientist - Remote - H-1B USA Visa...,United States,via USA Visa Sponsorship Jobs,Full-time,False,2023-06-17 10:04:04,United States,USA Company,"['sql', 'mysql', 'sql server', 'postgresql', 'oracle', 'jupyter', 'kafka', 'kubernetes']",658551,ambiguous_mention,associate business data scientist remote h 1b usa visa,usa company,job title only - advisor verification required,,
Senior Data Scientist,Senior Data Scientist - H-1B USA Visa Sponsorship Jobs,United States,via USA Visa Sponsorship Jobs,Full-time,False,2023-06-17 10:04:36,United States,USA Company,"['python', 'sql', 'gdpr']",659056,availability_or_aggregator_mention,senior data scientist h 1b usa visa sponsorship jobs,usa company,job title only - advisor verification required,,
Data Scientist,CEO/Data Scientist - H-1B USA Visa Sponsorship Jobs,"San Francisco, CA",via USA Visa Sponsorship Jobs,Full-time,False,2023-09-01 10:20:52,United States,USA Company,,660613,availability_or_aggregator_mention,ceo data scientist h 1b usa visa sponsorship jobs,usa company,job title only - advisor verification required,,
Senior Data Analyst,Senior Data Analyst (CPT/JHB),South Africa,via Pnet,Full-time,False,2023-08-24 10:30:56,South Africa,Datafin IT Recruitment,"['sql', 'excel', 'tableau', 'qlik', 'power bi']",661609,ambiguous_mention,senior data analyst cpt jhb,datafin it recruitment,job title only - advisor verification required,,
Data Scientist,Genomics Data Scientist (Crop Science - Vegetable R&D) - H1B Visa...,"Chesterfield County, VA",via USA Visa Sponsorship Jobs,Full-time,False,2023-09-16 10:02:03,United States,USA Company,"['assembly', 'r', 'python']",662376,ambiguous_mention,genomics data scientist crop science vegetable r d h1b visa,usa company,job title only - advisor verification required,,
Data Analyst,Data Analyst - USA Visa Sponsorship Jobs,"Lawrence, MA",via USA Visa Sponsorship Jobs,Full-time,False,2023-07-25 10:00:24,United States,USA Company,"['sql', 'postgresql', 'aws', 'oracle', 'tableau']",662777,availability_or_aggregator_mention,data analyst usa visa sponsorship jobs,usa company,job title only - advisor verification required,,
Data Engineer,AWS Data engineer with Pyspark - W2 ONLY - 100% Remote - Any visa...,Anywhere,via LinkedIn,Full-time,True,2023-10-09 10:29:49,United States,Dice,"['sql', 'python', 'aws', 'pyspark']",663907,ambiguous_mention,aws data engineer with pyspark w2 only 100 remote any visa,dice,job title only - advisor verification required,,
Data Analyst,Data Analyst (Mobile Growth) - HYBRID USA Visa Sponsorship Jobs,"Bonita Springs, FL",via USA Visa Sponsorship Jobs,Full-time,False,2023-07-05 10:02:48,United States,USA Company,,664466,availability_or_aggregator_mention,data analyst mobile growth hybrid usa visa sponsorship jobs,usa company,job title only - advisor verification required,,
Data Analyst,Lead Data Analyst - H-1B USA Visa Sponsorship Jobs,"San Francisco, CA",via USA Visa Sponsorship Jobs,Full-time,False,2023-07-07 10:01:23,United States,USA Company,['sql'],664754,availability_or_aggregator_mention,lead data analyst h 1b usa visa sponsorship jobs,usa company,job title only - advisor verification required,,
Data Engineer,Data Engineer (CPT Hybrid),"Cape Town, South Africa",via Pnet,Full-time,False,2023-09-06 10:08:56,South Africa,Datafin IT Recruitment,"['python', 'scala', 'java', 'c', 'aws', 'redshift', 'spark', 'git', 'svn']",665044,ambiguous_mention,data engineer cpt hybrid,datafin it recruitment,job title only - advisor verification required,,
Data Analyst,Data Analyst - USA Visa Sponsorship Jobs,"Boston, MA",via USA Visa Sponsorship Jobs,Full-time,False,2023-07-25 10:00:27,United States,USA Company,"['sql', 'express', 'excel', 'sharepoint', 'flow']",666092,availability_or_aggregator_mention,data analyst usa visa sponsorship jobs,usa company,job title only - advisor verification required,,
Data Engineer,"Data Engineer, Specialist - H1B Visa Sponsorship Jobs","Plano, TX",via USA Visa Sponsorship Jobs,Full-time,False,2023-09-15 10:07:12,United States,USA Company,"['elasticsearch', 'aws', 'redshift', 'snowflake', 'spark', 'pyspark']",667768,availability_or_aggregator_mention,data engineer specialist h1b visa sponsorship jobs,usa company,job title only - advisor verification required,,
Data Analyst,Data Analyst II USA visa sponsorship jobs,"Chicago, IL",via USA Visa Sponsorship Jobs,Full-time,False,2023-10-05 10:01:31,United States,USA Company,"['sql', 'oracle', 'tableau']",669446,availability_or_aggregator_mention,data analyst ii usa visa sponsorship jobs,usa company,job title only - advisor verification required,,
Data Engineer,"Data Engineer, Senior Associate - H1B Visa Sponsorship Jobs","Charlotte, NC",via USA Visa Sponsorship Jobs,Full-time,False,2023-09-15 10:07:23,United States,USA Company,"['python', 'sql', 'aws']",670499,availability_or_aggregator_mention,data engineer senior associate h1b visa sponsorship jobs,usa company,job title only - advisor verification required,,
Data Analyst,Resource Planning Lead (Operational Data Analytics) (CPT Hybrid),South Africa,via Pnet,Full-time,False,2023-09-07 10:11:59,South Africa,Datafin IT Recruitment,"['sql', 'python', 'r', 'excel', 'power bi']",671205,ambiguous_mention,resource planning lead operational data analytics cpt hybrid,datafin it recruitment,job title only - advisor verification required,,
Data Scientist,"Data Scientist, Marketing Analytics USA visa sponsorship jobs","Brooklyn, NY",via USA Visa Sponsorship Jobs,Full-time,False,2023-10-04 10:02:50,United States,USA Company,"['sql', 'r', 'python', 'scala', 'php', 'ruby', 'ruby', 'hadoop', 'looker', 'tableau']",672453,availability_or_aggregator_mention,data scientist marketing analytics usa visa sponsorship jobs,usa company,job title only - advisor verification required,,
Data Engineer,Data Engineer - USA Visa Sponsorship Jobs,"Summit, NJ",via USA Visa Sponsorship Jobs,Full-time,False,2023-08-19 10:08:13,United States,USA Company,"['java', 'sql', 'nosql', 'aws']",672623,availability_or_aggregator_mention,data engineer usa visa sponsorship jobs,usa company,job title only - advisor verification required,,
Data Analyst,Business Process Data Analyst - USA Visa Sponsorship Jobs,"Des Plaines, IL",via USA Visa Sponsorship Jobs,Full-time,False,2023-07-05 10:02:20,United States,USA Company,['cognos'],674034,availability_or_aggregator_mention,business process data analyst usa visa sponsorship jobs,usa company,job title only - advisor verification required,,
Data Analyst,"Data Analyst, Entry-Level - H-1B USA Visa Sponsorship Jobs","New York, NY",via USA Visa Sponsorship Jobs,Full-time,False,2023-08-08 10:00:01,United States,USA Company,"['python', 'sql', 'snowflake', 'looker', 'tableau', 'symphony']",675005,availability_or_aggregator_mention,data analyst entry level h 1b usa visa sponsorship jobs,usa company,job title only - advisor verification required,,
Data Scientist,Data Scientist I - USA Visa Sponsorship Jobs,"Cary, NC",via USA Visa Sponsorship Jobs,Full-time,False,2023-06-24 10:07:05,United States,USA Company,"['sas', 'sas', 'spss']",678350,availability_or_aggregator_mention,data scientist i usa visa sponsorship jobs,usa company,job title only - advisor verification required,,
Data Scientist,Sr. Data Scientist - Condition Monitoring - USA Visa Sponsorship Jobs,"Peoria, IL",via USA Visa Sponsorship Jobs,Full-time,False,2023-06-30 10:06:51,United States,USA Company,"['python', 'snowflake', 'aws', 'azure', 'numpy', 'scikit-learn', 'pandas']",678592,availability_or_aggregator_mention,sr data scientist condition monitoring usa visa sponsorship jobs,usa company,job title only - advisor verification required,,
Data Analyst,Data Analyst - USA Visa Sponsorship Jobs,"Pittsburg, CA",via USA Visa Sponsorship Jobs,Full-time,False,2023-07-25 10:01:17,United States,USA Company,"['sql', 'python', 'r']",680490,availability_or_aggregator_mention,data analyst usa visa sponsorship jobs,usa company,job title only - advisor verification required,,
Data Scientist,Data Science Manager - USA Visa Sponsorship Jobs,"Frazer, PA",via USA Visa Sponsorship Jobs,Full-time,False,2023-08-04 10:02:50,United States,USA Company,,681543,availability_or_aggregator_mention,data science manager usa visa sponsorship jobs,usa company,job title only - advisor verification required,,
Data Scientist,"Data Scientist, Analytics USA Visa Sponsorship Jobs","Remote, OR",via USA Visa Sponsorship Jobs,Full-time,False,2023-03-29 10:05:58,United States,USA Company,"['sql', 'python', 'r', 'tableau']",681844,availability_or_aggregator_mention,data scientist analytics usa visa sponsorship jobs,usa company,job title only - advisor verification required,,
Senior Data Scientist,Senior Data Scientist H1B Visa Sponsorship Jobs,"Brooklyn, NY",via USA Visa Sponsorship Jobs,Full-time,False,2023-10-03 10:02:18,United States,USA Company,"['sql', 'hadoop', 'looker', 'tableau']",682841,availability_or_aggregator_mention,senior data scientist h1b visa sponsorship jobs,usa company,job title only - advisor verification required,,
Data Scientist,"Data Scientist, Specialist - Internal Audit AI/ML USA Visa...","Malvern, PA",via USA Visa Sponsorship Jobs,Full-time,False,2023-10-19 10:23:13,United States,USA Company,,683177,ambiguous_mention,data scientist specialist internal audit ai ml usa visa,usa company,job title only - advisor verification required,,
Senior Data Scientist,"Senior Manager, Data Science - Visa Consulting & Analytics, Singapore",Singapore,via LinkedIn,Full-time,False,2023-01-14 10:23:03,Singapore,Visa,"['hadoop', 'excel', 'powerpoint']",685693,ambiguous_mention,senior manager data science visa consulting analytics singapore,visa,job title only - advisor verification required,,
Data Scientist,"Data Scientist, Marketing Analytics - work visa jobs USA","Brooklyn, NY",via USA Visa Sponsorship Jobs,Full-time,False,2023-06-16 10:18:59,United States,USA Company,"['sql', 'r', 'python', 'scala', 'php', 'ruby', 'ruby', 'hadoop', 'looker', 'tableau']",686623,ambiguous_mention,data scientist marketing analytics work visa jobs usa,usa company,job title only - advisor verification required,,
Data Analyst,Data Analyst - USA Visa Sponsorship Jobs,"Bexar County, TX",via USA Visa Sponsorship Jobs,Contractor,False,2023-08-08 10:01:28,United States,USA Company,"['sql', 'sas', 'sas', 'sql server', 'word', 'powerpoint', 'excel', 'tableau', 'cognos']",687427,availability_or_aggregator_mention,data analyst usa visa sponsorship jobs,usa company,job title only - advisor verification required,,
Data Scientist,"Data Scientist II, Electrification USA Visa Sponsorship Jobs","Chicago, IL",via USA Visa Sponsorship Jobs,Full-time,False,2023-10-27 10:03:30,United States,USA Company,,689510,availability_or_aggregator_mention,data scientist ii electrification usa visa sponsorship jobs,usa company,job title only - advisor verification required,,
Data Analyst,"Data Analyst, Specialist - H1B Visa Sponsorship Jobs","Dallas, TX",via USA Visa Sponsorship Jobs,Full-time,False,2023-09-07 10:01:27,United States,USA Company,"['sql', 'go', 'aws', 'tableau', 'excel']",690230,availability_or_aggregator_mention,data analyst specialist h1b visa sponsorship jobs,usa company,job title only - advisor verification required,,
Senior Data Scientist,"Senior Data Scientist, Product H1B Visa Sponsorship Jobs","Brooklyn, NY",via USA Visa Sponsorship Jobs,Full-time,False,2023-10-05 10:02:16,United States,USA Company,"['sql', 'express', 'looker', 'tableau']",690417,availability_or_aggregator_mention,senior data scientist product h1b visa sponsorship jobs,usa company,job title only - advisor verification required,,
Data Scientist,Founding Data Scientist USA Visa Sponsorship Jobs,"San Francisco, CA",via USA Visa Sponsorship Jobs,Full-time,False,2023-06-01 10:24:45,United States,USA Company,,691302,availability_or_aggregator_mention,founding data scientist usa visa sponsorship jobs,usa company,job title only - advisor verification required,,
Data Engineer,Data Engineer/ Analyst || W2 Only || All Visa || Hybrid (multiple...,"Los Angeles, CA",via LinkedIn,Full-time,False,2023-05-26 10:00:56,United States,JP IT STAFFING,"['sql', 'python', 'aws', 'pyspark']",691421,ambiguous_mention,data engineer analyst w2 only all visa hybrid multiple,jp it staffing,job title only - advisor verification required,,
Data Engineer,Data Engineer (CPT Only),"Stellenbosch, South Africa",via Pnet,Full-time,False,2023-01-28 10:45:53,South Africa,Datafin IT Recruitment,"['sql', 'python', 'sql server', 'aws', 'ssis', 'ssrs', 'word', 'excel', 'outlook', 'power bi']",692309,ambiguous_mention,data engineer cpt only,datafin it recruitment,job title only - advisor verification required,,
Senior Data Scientist,Senior Data Scientist - Risk and Fraud - H1B Visa Sponsorship Jobs,"Brooklyn, NY",via USA Visa Sponsorship Jobs,Full-time,False,2023-10-07 10:01:53,United States,USA Company,"['sql', 'spark', 'looker']",692781,availability_or_aggregator_mention,senior data scientist risk and fraud h1b visa sponsorship jobs,usa company,job title only - advisor verification required,,
Data Scientist,"Data Scientist, Product Analytics - USA Visa Sponsorship Jobs","Brooklyn, NY",via USA Visa Sponsorship Jobs,Full-time,False,2023-06-08 10:02:01,United States,USA Company,['sql'],694197,availability_or_aggregator_mention,data scientist product analytics usa visa sponsorship jobs,usa company,job title only - advisor verification required,,
Data Scientist,Data Scientist intern [no visa],"Amsterdam, Netherlands",via Magnet.me,Full-time,False,2023-01-06 10:32:02,Netherlands,Yabba Data Doo,"['python', 'sql', 'postgresql', 'mysql']",694287,explicit_restriction,data scientist intern no visa,yabba data doo,job title only - advisor verification required,,
Data Engineer,Data Engineer - Python (CPT Hybrid),South Africa,via LinkedIn,Full-time,False,2023-06-15 10:36:40,South Africa,HUL International,"['r', 'python', 'sql', 'aws', 'word', 'flow', 'git', 'docker', 'kubernetes']",695354,ambiguous_mention,data engineer python cpt hybrid,hul international,job title only - advisor verification required,,
Data Scientist,Visa Consulting & Analytics Graduate,"Paris, France",via LinkedIn,Full-time,False,2023-12-28 10:36:03,France,Visa,,695359,ambiguous_mention,visa consulting analytics graduate,visa,job title only - advisor verification required,,
Data Analyst,Data Analyst - USA Visa Sponsorship Jobs,"Crowley, TX",via USA Visa Sponsorship Jobs,Full-time,False,2023-07-25 10:01:53,United States,USA Company,"['sql', 'jira']",696197,availability_or_aggregator_mention,data analyst usa visa sponsorship jobs,usa company,job title only - advisor verification required,,
Machine Learning Engineer,AI Engineer Deep Learning Sports data company (VISA support available),"Chiyoda City, Tokyo, Japan",via Jobs In Japan,Full-time,False,2023-11-09 03:47:04,Japan,151A NEIGHBORS,"['tensorflow', 'pytorch']",699737,ambiguous_mention,ai engineer deep learning sports data company visa support available,151a neighbors,job title only - advisor verification required,,
Senior Data Scientist,"Sr Data Scientist, Visa Consulting & Analytics, Vietnam - 8 month...",United States,via Ai-Jobs.net,Full-time,False,2023-05-11 02:05:58,United States,Visa,"['hadoop', 'excel', 'powerpoint']",707135,ambiguous_mention,sr data scientist visa consulting analytics vietnam 8 month,visa,job title only - advisor verification required,,
Data Engineer,Sr Data Engineer - No H1b & No 3rd Parties - Need Locals ONLY from...,Anywhere,via LinkedIn,Full-time,True,2023-10-20 21:46:29,Sudan,Dice,"['aws', 'spark', 'hadoop', 'docker', 'jira', 'confluence']",718498,explicit_restriction,sr data engineer no h1b no 3rd parties need locals only from,dice,job title only - advisor verification required,,
Data Engineer,Jr AWS Data Engineer opt workable,"Malvern, PA",via Dice,Contractor,False,2023-07-25 21:42:53,United States,New York Technology Partners,"['python', 'scala', 'java', 'dynamodb', 'aws', 'spark', 'pyspark', 'jira']",721779,ambiguous_mention,jr aws data engineer opt workable,new york technology partners,job title only - advisor verification required,,
Data Engineer,"Data Engineer - Perm, No Sponsorship","Portland, OR",via LinkedIn,Contractor,False,2023-07-23 22:22:12,Sudan,Insight Global,"['python', 'r', 'sql', 'azure', 'aws', 'snowflake', 'hadoop', 'kafka', 'spark']",725517,explicit_restriction,data engineer perm no sponsorship,insight global,job title only - advisor verification required,,
Senior Data Analyst,Senior Business Data Analyst - No Visa or Relocation Candidates,"St. Petersburg, FL",via LinkedIn,Contractor and Temp work,False,2023-11-15 21:03:05,United States,Intelliswift Software,"['sql', 'ssrs', 'tableau']",725544,explicit_restriction,senior business data analyst no visa or relocation candidates,intelliswift software,job title only - advisor verification required,,
Data Scientist,Data Scientist USA (TN Visa Sponsor),"Mexico City, CDMX, Mexico",via LinkedIn,Full-time,False,2023-02-17 21:40:45,Mexico,Openwave Computing,"['python', 'java', 'sql', 'cassandra', 'hadoop', 'spark', 'excel', 'tableau']",726059,ambiguous_mention,data scientist usa tn visa sponsor,openwave computing,job title only - advisor verification required,,
Data Scientist,Data Engineer/Scientist (W2 Only | No Sponsorship Available),Anywhere,via LinkedIn,Contractor,True,2023-02-06 22:03:01,Sudan,Cisco,"['sql', 'r', 'python', 'snowflake']",730404,explicit_restriction,data engineer scientist w2 only no sponsorship available,cisco,job title only - advisor verification required,,
Data Analyst,OPT graduate looking for Business / Data Analyst,"Austin, TX",via SmartRecruiters Job Search,Full-time,False,2023-07-24 21:01:42,United States,KGS Technology Group Inc,,733333,ambiguous_mention,opt graduate looking for business data analyst,kgs technology group inc,job title only - advisor verification required,,
Data Scientist,Data Scientist USA (TN Visa),"Mexico City, CDMX, Mexico",via LinkedIn,Full-time,False,2023-01-13 21:22:42,Mexico,Openwave Computing,"['python', 'java', 'sql', 'cassandra', 'hadoop', 'spark', 'excel', 'tableau']",733849,ambiguous_mention,data scientist usa tn visa,openwave computing,job title only - advisor verification required,,
Data Analyst,Jr. Data Analyst (No OPT/CPT),"Austin, TX",via Indeed,Contractor,False,2023-06-26 21:01:33,United States,Winorbit Technology,"['sql', 'python', 'bash', 'pandas', 'macos', 'slack']",734288,explicit_restriction,jr data analyst no opt cpt,winorbit technology,job title only - advisor verification required,,
Data Scientist,Data Scientist USA (TN Visa sponsorship),"Mexico City, CDMX, Mexico",via LinkedIn,Full-time,False,2023-03-13 20:32:51,Mexico,Openwave Computing,"['python', 'java', 'sql', 'cassandra', 'hadoop', 'spark', 'excel', 'tableau']",750208,ambiguous_mention,data scientist usa tn visa sponsorship,openwave computing,job title only - advisor verification required,,
Senior Data Engineer,Sr AWS Data Engineer -W2 only (Open for sponsorship),Anywhere,via LinkedIn,Contractor and Temp work,True,2023-12-05 20:05:29,United States,Acetech Group Corporation,"['python', 'sql', 'java', 'dynamodb', 'aws', 'redshift', 'pyspark', 'spark']",750408,ambiguous_mention,sr aws data engineer w2 only open for sponsorship,acetech group corporation,job title only - advisor verification required,,
Data Scientist,Data Science Lead/ Visa Consulting / Analytics/ Indonesia,"Jakarta, Indonesia",via GrabJobs,Full-time,False,2023-11-14 20:44:53,Indonesia,Visa,"['excel', 'powerpoint']",754700,ambiguous_mention,data science lead visa consulting analytics indonesia,visa,job title only - advisor verification required,,
Data Analyst,Technical Data Analyst Visa Sponsorship Uk,"York, UK",via Job Visa Free,Full-time,False,2023-10-04 20:10:59,United Kingdom,Sagments,,757166,ambiguous_mention,technical data analyst visa sponsorship uk,sagments,job title only - advisor verification required,,
Data Engineer,Data Engineer (No Visa Entanglements),"Whitehouse Station, NJ",via SaluteMyJob,Contractor,False,2023-10-28 01:59:06,United States,PRI Technology,"['sql', 'r', 'python', 'sql server', 'cognos', 'git', 'jenkins', 'zoom']",765607,explicit_restriction,data engineer no visa entanglements,pri technology,job title only - advisor verification required,,
Business Analyst,OPT Candidates looking for Analyst position and Consultancy help,"Dallas, TX",via ZipRecruiter,Full-time,False,2023-07-24 01:01:18,United States,KGS Technology Group Inc,,773599,ambiguous_mention,opt candidates looking for analyst position and consultancy help,kgs technology group inc,job title only - advisor verification required,,
Data Scientist,Junior Data Analyst/Data Scientist - Remote -H1b filing available...,"Chicago, IL",via Snagajob,Full-time,False,2023-01-05 01:02:17,United States,SynergisticIT,"['java', 'python', 'javascript', 'c++', 'spring', 'tableau']",775862,ambiguous_mention,junior data analyst data scientist remote h1b filing available,synergisticit,job title only - advisor verification required,,
Data Scientist,"Data Scientist, Digital Marketing",United States,via Trabajo.org,Full-time,False,2023-02-19 07:05:51,United States,Planet Technology,"['sql', 'python', 'r', 'javascript', 'keras']",227446,no_title_evidence,data scientist digital marketing,planet technology,negative control - title has no authorization keyword,,
Data Engineer,Data Engineer Cloud,Luxembourg,via Emplois Trabajo.org,Full-time,False,2023-05-10 06:25:47,Luxembourg,AUCHAN Retail Luxembourg,"['sql', 'java', 'scala', 'css', 'sql server', 'bigquery', 'spark', 'git']",564846,no_title_evidence,data engineer cloud,auchan retail luxembourg,negative control - title has no authorization keyword,,
Data Analyst,Data Analyst,"Quezon City, Metro Manila, Philippines",via Indeed,Full-time,False,2023-10-16 01:11:53,Philippines,Ogooda Car Accessories,['excel'],774423,no_title_evidence,data analyst,ogooda car accessories,negative control - title has no authorization keyword,,
Senior Data Scientist,Senior Data Scientist,Anywhere,via LinkedIn,Full-time,True,2023-06-15 07:35:26,Germany,virtual7 GmbH,"['sql', 'nosql', 'python', 'r', 'aws', 'azure']",278166,no_title_evidence,senior data scientist,virtual7 gmbh,negative control - title has no authorization keyword,,
Data Analyst,Data Analyst,"Makati, Metro Manila, Philippines",via Indeed,Full-time,False,2023-11-16 09:09:35,Philippines,Modiv Group,"['sql', 'r', 'python', 'excel', 'tableau']",579542,no_title_evidence,data analyst,modiv group,negative control - title has no authorization keyword,,
Data Analyst,"Data Analyst - Jersey City, NJ","Jersey City, NJ",via Lensa,Full-time,False,2023-01-26 23:00:02,United States,Imperial Dade,['excel'],353713,no_title_evidence,data analyst jersey city nj,imperial dade,negative control - title has no authorization keyword,,
Senior Data Engineer,Senior Data Engineer,"Bengaluru, Karnataka, India",via LinkedIn,Full-time,False,2023-10-04 04:13:42,India,Advent Global Solutions,"['python', 'snowflake', 'aws', 'kafka']",561854,no_title_evidence,senior data engineer,advent global solutions,negative control - title has no authorization keyword,,
Data Analyst,Data Analyst,Belgium,via LinkedIn,Full-time,False,2023-08-18 09:34:44,Belgium,Confidentiel,"['sql', 'python', 'azure']",597671,no_title_evidence,data analyst,confidentiel,negative control - title has no authorization keyword,,
Senior Data Engineer,Senior Data Engineer,"Johannesburg, South Africa",via Indeed,Full-time,False,2023-07-05 12:23:01,South Africa,Xcede,,640590,no_title_evidence,senior data engineer,xcede,negative control - title has no authorization keyword,,
Data Scientist,Data Science Analyst/Engineer,"Westlake, TX",via BeBee,Full-time,False,2023-10-13 00:01:49,United States,Tech Pro Inc.,"['sql', 'sql server', 'oracle', 'snowflake', 'aws', 'hadoop', 'sap', 'flow']",71979,no_title_evidence,data science analyst engineer,tech pro inc,negative control - title has no authorization keyword,,
Data Scientist,Analista Data Scientist,"Buenos Aires, Argentina",via BeBee,Full-time,False,2023-11-27 04:33:38,Argentina,Emprego,"['sas', 'sas']",561324,no_title_evidence,analista data scientist,emprego,negative control - title has no authorization keyword,,
Data Analyst,Data Analyst IV (Healthcare Analytics). Job in Miami My Valley...,"Miami, FL",via My Valley Jobs Today,Full-time,False,2023-06-27 17:02:53,United States,Corporate,"['sql', 'python', 'r', 'excel']",292021,no_title_evidence,data analyst iv healthcare analytics job in miami my valley,corporate,negative control - title has no authorization keyword,,
Data Scientist,Junior Data Scientist,United Kingdom,via BeBee,Full-time,False,2023-10-09 15:32:15,United Kingdom,The Esports Network- JobBoard,"['python', 'aws']",184122,no_title_evidence,junior data scientist,the esports network jobboard,negative control - title has no authorization keyword,,
Data Engineer,Artificial Intelligence & Data - Consultant - Big Data Engineer ...,"Milan, Metropolitan City of Milan, Italy",via LinkedIn,Full-time,False,2023-03-11 10:23:49,Italy,Deloitte,"['nosql', 'scala', 'python', 'r', 'hadoop', 'kafka']",685412,no_title_evidence,artificial intelligence data consultant big data engineer,deloitte,negative control - title has no authorization keyword,,
Data Engineer,Data Engineering Lead,"Schiphol, Netherlands",via BeBee,Full-time,False,2023-12-01 20:26:49,Netherlands,Schiphol,"['go', 'nosql', 'azure', 'kafka', 'docker', 'kubernetes', 'gitlab']",758041,no_title_evidence,data engineering lead,schiphol,negative control - title has no authorization keyword,,
Data Engineer,Data Engineer,"Madrid, Spain",via Trabajo.org,Full-time,False,2023-05-11 17:22:47,Spain,Euro Depot España Sa,,300362,no_title_evidence,data engineer,euro depot españa sa,negative control - title has no authorization keyword,,
Data Analyst,Junior Data Analyst,Dubai - United Arab Emirates,via Trabajo.org,Full-time,False,2023-08-09 07:08:16,United Arab Emirates,The Emirates Group,"['sql', 'snowflake', 'microstrategy', 'power bi', 'flow']",42853,no_title_evidence,junior data analyst,the emirates group,negative control - title has no authorization keyword,,
Data Scientist,Shift Engineer,Hong Kong,via Trabajo.org,Full-time,False,2023-07-30 20:48:44,Hong Kong,CBRE Argentina,,763794,no_title_evidence,shift engineer,cbre argentina,negative control - title has no authorization keyword,,
Data Engineer,Sr. Data Engineer,Anywhere,via Linkedin,Full-time,True,2023-06-02 10:41:34,Brazil,WEX,"['python', 'sas', 'sas', 'aws', 'snowflake', 'pyspark', 'spark']",681250,no_title_evidence,sr data engineer,wex,negative control - title has no authorization keyword,,
Data Scientist,EIES GROUP sta cercando DATA SCIENTIST,"Rome, Metropolitan City of Rome Capital, Italy",via Lavoro Trabajo.org,Full-time,False,2023-07-19 11:14:24,Italy,EIES GROUP,"['aws', 'azure', 'spark', 'gdpr']",523995,no_title_evidence,eies group sta cercando data scientist,eies group,negative control - title has no authorization keyword,,
Data Engineer,Estágio em Big Data,"São Paulo, State of São Paulo, Brazil",via BeBee,Internship,False,2023-11-26 07:31:23,Brazil,Global Empregos,,260128,no_title_evidence,estágio em big data,global empregos,negative control - title has no authorization keyword,,
Senior Data Scientist,Senior Data Scientist,Anywhere,via LinkedIn,Full-time,True,2023-01-27 12:05:18,United States,Scribd,['sql'],638042,no_title_evidence,senior data scientist,scribd,negative control - title has no authorization keyword,,
Data Engineer,Data Engineer,"Madrid, Spain",via Trabajo.org,Full-time,False,2023-02-27 15:15:47,Spain,Vodafone,"['python', 'nosql', 'bigquery', 'gdpr']",198034,no_title_evidence,data engineer,vodafone,negative control - title has no authorization keyword,,
Software Engineer,DevOps Engineer Remote,"Barcelona, Spain",via BeBee,Full-time and Part-time,False,2023-10-21 07:21:15,Spain,NDP,"['aws', 'drupal', 'docker', 'github', 'jenkins', 'kubernetes']",280954,no_title_evidence,devops engineer remote,ndp,negative control - title has no authorization keyword,,
Data Engineer,Data Engineer - Hybrid (Netherlands) - 6+ months,"Amsterdam, Netherlands",via CareerBoard,Contractor,False,2023-05-01 09:22:21,Netherlands,Global Enterprise Partners,"['python', 'sql', 'aws', 'gcp', 'airflow', 'word']",585226,no_title_evidence,data engineer hybrid netherlands 6 months,global enterprise partners,negative control - title has no authorization keyword,,
Senior Data Scientist,Data Scientist II- Sr Data Scientist,"Moon Twp, PA",via FedEx Careers,Full-time,False,2023-12-05 14:02:08,United States,FedEx Ground,"['sql', 'python', 'r', 'java', 'oracle', 'azure', 'gcp', 'aws', 'plotly', 'matplotlib', 'seaborn', 'tableau', 'power bi']",455492,no_title_evidence,data scientist ii sr data scientist,fedex ground,negative control - title has no authorization keyword,,
Senior Data Analyst,Senior Data Analyst,"Paris, France",via BeBee,Full-time,False,2023-01-01 07:39:26,France,Pernod Ricard,"['python', 'sql', 'azure', 'snowflake', 'power bi', 'sharepoint', 'flow', 'jira', 'trello', 'confluence']",248636,no_title_evidence,senior data analyst,pernod ricard,negative control - title has no authorization keyword,,
Data Scientist,Data Scientist - Dubai (Tax Free - 100-120K Euros,"Berlin, Germany",via LinkedIn,Full-time,False,2023-03-10 13:23:05,Germany,Discovered MENA,,31527,no_title_evidence,data scientist dubai tax free 100 120k euros,discovered mena,negative control - title has no authorization keyword,,
Senior Data Scientist,Senior Master Data Specialist,New Zealand,via Jobs Trabajo.org,Full-time,False,2023-11-22 06:06:59,New Zealand,Mitre 10,['sap'],778013,no_title_evidence,senior master data specialist,mitre 10,negative control - title has no authorization keyword,,
Data Engineer,Business Intelligence Specialist | Data Analyst | Data Engineer ...,"Rome, Metropolitan City of Rome Capital, Italy",via LinkedIn,Full-time,False,2023-11-22 09:23:36,Italy,Syscons Group,"['python', 'r', 'azure', 'sap']",569996,no_title_evidence,business intelligence specialist data analyst data engineer,syscons group,negative control - title has no authorization keyword,,
Data Analyst,Data Analyst and BI/CRM Specialist,"Cesena, Province of Forlì-Cesena, Italy",via BeBee,Full-time,False,2023-05-27 13:24:02,Italy,Michael Page,,11029,no_title_evidence,data analyst and bi crm specialist,michael page,negative control - title has no authorization keyword,,
Business Analyst,Junior Business Analyst,Cyprus,via Jobs,Full-time,False,2023-10-16 07:56:54,Cyprus,StaffMatters Recruitment,"['html', 'javascript', 'css', 'sql', 'jira']",225820,no_title_evidence,junior business analyst,staffmatters recruitment,negative control - title has no authorization keyword,,
Data Analyst,Data Analyst and Power BI specialist,Australia,via Jooble,Full-time and Contractor,False,2023-12-07 11:34:43,Australia,Peoplebank Australia Ltd,"['power bi', 'sap', 'dax']",520276,no_title_evidence,data analyst and power bi specialist,peoplebank australia ltd,negative control - title has no authorization keyword,,
Data Engineer,Lead Cloud data engineer,"Bengaluru, Karnataka, India",via LinkedIn,Full-time,False,2023-12-12 16:28:09,India,Siemens,"['go', 'snowflake']",440587,no_title_evidence,lead cloud data engineer,siemens,negative control - title has no authorization keyword,,
Senior Data Analyst,Sr Data Analyst/Data Mapper,"Charlotte, NC",via LinkedIn,Contractor,False,2023-04-03 19:58:24,United States,AccruePartners,"['sql', 'oracle', 'snowflake']",533447,no_title_evidence,sr data analyst data mapper,accruepartners,negative control - title has no authorization keyword,,
Senior Data Scientist,Senior Data Scientist,"Warsaw, Poland",via LinkedIn,Contractor,False,2023-09-26 14:16:07,Poland,Infinity Quest,,463966,no_title_evidence,senior data scientist,infinity quest,negative control - title has no authorization keyword,,
Data Scientist,Data scientist,"Bordeaux, France",via Jobijoba,Full-time,False,2023-01-13 14:15:05,France,PHILEAS SOMMELIER,"['python', 'sql', 'elasticsearch', 'aws', 'pandas', 'scikit-learn', 'symfony', 'github']",473451,no_title_evidence,data scientist,phileas sommelier,negative control - title has no authorization keyword,,
Data Engineer,Data Engineer II - Enterprise Analytics (On-site/Hybrid),"Las Vegas, NV",via The Venetian Resort Las Vegas,Full-time,False,2023-06-08 07:26:16,United States,The Venetian Las Vegas,"['sql', 'python', 'r', 'vba', 'snowflake', 'azure', 'hadoop', 'power bi', 'ssrs', 'excel', 'cognos', 'ssis', 'tableau', 'microstrategy']",253907,no_title_evidence,data engineer ii enterprise analytics on site hybrid,the venetian las vegas,negative control - title has no authorization keyword,,
Data Scientist,Lead Data Scientist,"London, UK",via LinkedIn,Full-time,False,2023-09-07 15:15:23,United Kingdom,RS UK & Ireland,"['python', 'pandas', 'keras']",188284,no_title_evidence,lead data scientist,rs uk ireland,negative control - title has no authorization keyword,,
Data Engineer,Data Engineer,"Lublin, Poland",via Adzuna.pl,Full-time,False,2023-01-03 18:45:24,Poland,eSky.pl S.A.,"['python', 'mongodb', 'mongodb', 'sql', 'c#', 'php', 'nosql', 'postgresql', 'sql server', 'bigquery', 'airflow', 'windows', 'linux', 'docker', 'kubernetes']",591552,no_title_evidence,data engineer,esky pl s a,negative control - title has no authorization keyword,,
Data Scientist,"Data инженер (в компанию резидент ""Сколково"")","Moscow, Russia",via hh.ru,Full-time,False,2023-03-31 15:23:27,Russia,Сколково,"['mongo', 'docker']",199605,no_title_evidence,data инженер в компанию резидент сколково,сколково,negative control - title has no authorization keyword,,
Senior Data Scientist,Senior Data Scientist - Location-based Experiences (f/m/x...,"Munich, Germany",via JobLeads,Full-time,False,2023-04-12 23:32:04,Germany,BMW Group,,369528,no_title_evidence,senior data scientist location based experiences f m x,bmw group,negative control - title has no authorization keyword,,
Data Scientist,sdet,"Hyderabad, Pakistan",via BeBee Pakistan,Full-time,False,2023-11-24 01:21:57,Pakistan,ThoughtSpot,"['javascript', 'snowflake', 'react', 'graphql', 'angular']",767760,no_title_evidence,sdet,thoughtspot,negative control - title has no authorization keyword,,
Data Scientist,"Data Science, Visualization Developer","San José Province, San José, Costa Rica",via LinkedIn,Full-time,False,2023-08-18 16:38:45,Costa Rica,Pfizer,"['python', 'javascript', 'aws', 'snowflake', 'plotly', 'react', 'angular', 'tableau']",405598,no_title_evidence,data science visualization developer,pfizer,negative control - title has no authorization keyword,,
Data Analyst,Data Analyst,"Châtillon, France",via Emplois Trabajo.org,Full-time,False,2023-03-05 22:27:43,France,AXA en France,"['sql', 'nosql', 'databricks', 'spark', 'vue', 'dax', 'ssis', 'power bi', 'git']",209383,no_title_evidence,data analyst,axa en france,negative control - title has no authorization keyword,,
Data Scientist,"Data Scientist, Data Analytics","Cleveland, OH",via LinkedIn,Full-time,False,2023-01-03 03:02:37,United States,Cardinal Health,"['sas', 'sas', 'sql', 'alteryx', 'tableau', 'sap', 'excel', 'powerpoint']",701005,no_title_evidence,data scientist data analytics,cardinal health,negative control - title has no authorization keyword,,
Software Engineer,Platform Engineer,Maharashtra,via LinkedIn,Full-time,False,2023-01-09 06:08:33,India,Quantiphi,"['java', 'sql', 'shell', 'sql server', 'oracle']",781571,no_title_evidence,platform engineer,quantiphi,negative control - title has no authorization keyword,,
Data Analyst,Data Analyst Internship at Pune,"Jalgaon, Maharashtra, India",via BeBee India,Internship,False,2023-03-29 15:34:36,India,Maxgen Technologies Private Limited,,169977,no_title_evidence,data analyst internship at pune,maxgen technologies private limited,negative control - title has no authorization keyword,,
Data Analyst,Data Analyst - Research & Accountability,"Arlington, TX",via JobServe,Full-time,False,2023-08-29 12:03:38,United States,Arlington ISD,"['sql', 'excel', 'spss']",632716,no_title_evidence,data analyst research accountability,arlington isd,negative control - title has no authorization keyword,,
Senior Data Scientist,Senior Data Scientist,Colombia,via Trabajo.org,Full-time,False,2023-04-12 17:56:49,Colombia,AgileEngine,"['python', 'r', 'java', 'keras', 'pytorch']",320153,no_title_evidence,senior data scientist,agileengine,negative control - title has no authorization keyword,,
Data Engineer,Staff Data Engineer - Data Ventures,"Dallas, TX",via ZipRecruiter,Full-time,False,2023-08-11 10:41:05,United States,Walmart,"['nosql', 'mysql', 'databricks', 'snowflake', 'kafka', 'wire']",652783,no_title_evidence,staff data engineer data ventures,walmart,negative control - title has no authorization keyword,,
Data Engineer,Data Engineer,Italy,via BeBee,Full-time,False,2023-08-11 16:17:03,Italy,Moviri Consulting,"['python', 'tensorflow', 'numpy', 'keras', 'theano']",416533,no_title_evidence,data engineer,moviri consulting,negative control - title has no authorization keyword,,
Senior Data Scientist,Senior Data Scientist - Discovery Experiences,"San Mateo, CA",via Hitmarker,Full-time,False,2023-07-19 10:03:57,United States,Roblox,"['python', 'r', 'sql', 'go', 'spark', 'hadoop', 'airflow']",670536,no_title_evidence,senior data scientist discovery experiences,roblox,negative control - title has no authorization keyword,,
Machine Learning Engineer,Ingeniero Machine Learning - Medellín,"Medellín, Medellin, Antioquia, Colombia",via Broxer,Full-time,False,2023-09-06 23:41:28,Colombia,Magneto Empleos,"['python', 'javascript', 'azure', 'pandas', 'numpy', 'matplotlib', 'plotly', 'scikit-learn', 'tensorflow', 'pytorch', 'express']",369433,no_title_evidence,ingeniero machine learning medellín,magneto empleos,negative control - title has no authorization keyword,,
Data Analyst,Digital Communications Data Analyst,"San Juan, Puerto Rico",via DLA Piper - Talentify,Full-time,False,2023-01-16 16:21:11,Puerto Rico,DLA Piper,"['sql', 'sharepoint', 'excel', 'power bi']",185489,no_title_evidence,digital communications data analyst,dla piper,negative control - title has no authorization keyword,,
Data Scientist,"Analytics Consultant, Claims",Canada,via BeBee Canada,Full-time,False,2023-08-18 21:12:58,Canada,International Executive Service Corps,,723508,no_title_evidence,analytics consultant claims,international executive service corps,negative control - title has no authorization keyword,,
Data Scientist,Data Science Research work from home job/internship at INSAID,Anywhere,via LinkedIn,Full-time,True,2023-03-01 13:23:12,India,INSAID,"['python', 'r', 'sql', 'power bi']",30656,no_title_evidence,data science research work from home job internship at insaid,insaid,negative control - title has no authorization keyword,,
Data Analyst,Data Analytics Internship in Hyderabad at OSOS Private Limited,"Hyderabad, Telangana, India",via LinkedIn,Full-time,False,2023-02-01 12:50:53,India,Osos Private Limited,"['sql', 'excel', 'power bi']",630163,no_title_evidence,data analytics internship in hyderabad at osos private limited,osos private limited,negative control - title has no authorization keyword,,
Data Analyst,Bioinformatician/Research Data Analyst (Hybrid or Remote),"Stanford, CA",via SimplyHired,Full-time,False,2023-01-20 21:01:31,United States,Stanford University,"['perl', 'python', 'java', 'r', 'c', 'matlab', 'mysql']",731185,no_title_evidence,bioinformatician research data analyst hybrid or remote,stanford university,negative control - title has no authorization keyword,,
Data Scientist,Postdoctoral Researchers in AI for Medical Data Science,"Esch-sur-Alzette, Luxembourg",via Emplois Trabajo.org,Full-time,False,2023-03-13 17:03:46,Luxembourg,University of Luxembourg,"['python', 'matlab']",417740,no_title_evidence,postdoctoral researchers in ai for medical data science,university of luxembourg,negative control - title has no authorization keyword,,
Data Analyst,Data Manager,Anywhere,via LinkedIn,Full-time,True,2023-01-26 16:01:53,United States,Insight Global,['nosql'],415584,no_title_evidence,data manager,insight global,negative control - title has no authorization keyword,,
Data Scientist,Data Scientist,United States,via FOX 5 San Diego Jobs,Full-time,False,2023-06-06 20:03:48,United States,Brooksource,"['sql', 'python', 'r', 'sas', 'sas', 'scala', 'java', 'julia', 'azure', 'aws', 'tableau', 'qlik', 'power bi']",748322,no_title_evidence,data scientist,brooksource,negative control - title has no authorization keyword,,
Data Analyst,Assistant B2B Data Analytics Manager,"İstanbul, Türkiye",via LinkedIn,Full-time,False,2023-03-13 19:31:10,Turkey,Unilever,"['sas', 'sas', 'excel', 'tableau']",538163,no_title_evidence,assistant b2b data analytics manager,unilever,negative control - title has no authorization keyword,,
Data Analyst,Data analyst H/F,"Aix-en-Provence, France",via Indeed,Full-time,False,2023-11-28 21:19:11,France,AMD Consulting,"['r', 'sql', 'sas', 'sas', 'python', 'tableau', 'power bi', 'dax']",719133,no_title_evidence,data analyst h f,amd consulting,negative control - title has no authorization keyword,,
Data Analyst,Stage Internship Energy Data Analyst F/H,"Grenoble, France",via Indeed,Internship,False,2023-01-20 22:37:55,France,Enerdata,['excel'],216611,no_title_evidence,stage internship energy data analyst f h,enerdata,negative control - title has no authorization keyword,,
Data Scientist,"Data Strategy, Data Scientist - Equity Research","New York, NY",via CareerBuilder,Full-time,False,2023-02-12 00:04:32,United States,Jefferies,"['python', 'sql', 'aws', 'databricks', 'spark', 'atlassian', 'bitbucket', 'jira', 'confluence']",108912,no_title_evidence,data strategy data scientist equity research,jefferies,negative control - title has no authorization keyword,,
Data Engineer,Engineering Operations Technician (EOT)/ Technicien d’exploitation...,"Airdrie, AB, Canada",via LinkedIn,Full-time,False,2023-08-26 09:42:18,Canada,Amazon Web Services (AWS),['vue'],588596,no_title_evidence,engineering operations technician eot technicien d exploitation,amazon web services aws,negative control - title has no authorization keyword,,
Data Engineer,Data Engineer,"Amsterdam, Netherlands",via BeBee Nederland,Full-time,False,2023-01-09 09:16:43,Netherlands,Navara Enterprise Analytics B.V.,"['scala', 'python', 'c#', 'azure', 'aws', 'kafka', 'airflow', 'linux', 'alteryx', 'docker']",581845,no_title_evidence,data engineer,navara enterprise analytics b v,negative control - title has no authorization keyword,,
Senior Data Engineer,A/B Tester - Senior Data Engineer Technical - Development World Wide,"Barcelona, Spain",via Jobrapido.com,Full-time,False,2023-01-03 23:58:57,Spain,Gamium,"['python', 'sql', 'nosql', 'gcp', 'pandas', 'numpy', 'tensorflow', 'pytorch', 'docker', 'kubernetes', 'git']",484756,no_title_evidence,a b tester senior data engineer technical development world wide,gamium,negative control - title has no authorization keyword,,
Data Analyst,Sr. Data Analyst,"Chicago, IL",via Indeed,Full-time,False,2023-09-21 00:01:24,United States,Rush University Medical Center,"['sql', 'tableau', 'power bi', 'jira']",83806,no_title_evidence,sr data analyst,rush university medical center,negative control - title has no authorization keyword,,
Data Scientist,Data Scientist (Gn) Risk-management - 100% Remote,Anywhere,via Emprego,Full-time,True,2023-09-08 00:25:01,Germany,Experis,,81337,no_title_evidence,data scientist gn risk management 100 remote,experis,negative control - title has no authorization keyword,,
Senior Data Scientist,Senior Data Scientist,United States,via Trabajo.org,Full-time,False,2023-09-02 12:05:39,United States,Alo,,630732,no_title_evidence,senior data scientist,alo,negative control - title has no authorization keyword,,
Software Engineer,Principal Software Engineer,"Dublin, Ireland",via BeBee Ireland,Full-time,False,2023-05-14 13:26:05,Ireland,Integral Ad Science,"['go', 'java']",18611,no_title_evidence,principal software engineer,integral ad science,negative control - title has no authorization keyword,,
Data Analyst,Data-analyst Bi Im Vertriebscontrolling (m/w/d),"Munich, Germany",via WTRF Jobs,Full-time,False,2023-05-10 13:25:30,Germany,die Bayerische,,3529,no_title_evidence,data analyst bi im vertriebscontrolling m w d,die bayerische,negative control - title has no authorization keyword,,
Data Engineer,Data Engineer,"Cape Town, South Africa",via LinkedIn,Full-time,False,2023-07-13 08:19:17,South Africa,skill-smiths,"['python', 'sql', 'linux', 'flow', 'git']",116603,no_title_evidence,data engineer,skill smiths,negative control - title has no authorization keyword,,
Data Scientist,Parts Analyst,"Bogotá, Bogota, Colombia",via BeBee Colombia,Full-time,False,2023-01-17 08:43:01,Colombia,GP Strategies,,150803,no_title_evidence,parts analyst,gp strategies,negative control - title has no authorization keyword,,
Data Analyst,Community Engineer,"Warsaw, Poland",via Trabajo.org,Full-time,False,2023-01-21 01:03:32,Poland,"Okta, Inc.","['javascript', 'azure', 'react', 'angular', 'zoom']",112095,no_title_evidence,community engineer,okta inc,negative control - title has no authorization keyword,,
Data Scientist,Data Scientist,"Bengaluru, Karnataka, India",via BeBee India,Full-time,False,2023-03-31 12:13:54,India,Snaphunt,"['pytorch', 'flow']",612690,no_title_evidence,data scientist,snaphunt,negative control - title has no authorization keyword,,
Software Engineer,Senior DevOps Engineer - Azure,Anywhere,via LinkedIn Jamaica,Full-time,True,2023-08-21 10:36:30,Jamaica,Clevertech,"['postgresql', 'azure', 'kubernetes', 'terraform', 'jenkins']",650692,no_title_evidence,senior devops engineer azure,clevertech,negative control - title has no authorization keyword,,
Business Analyst,Reporting Analyst,"Vienna, Austria",via Trabajo.org,Full-time,False,2023-02-15 10:16:14,Austria,CGI,"['sql', 'aws', 'tableau', 'power bi', 'excel', 'powerpoint', 'sharepoint', 'jira', 'microsoft teams']",604185,no_title_evidence,reporting analyst,cgi,negative control - title has no authorization keyword,,
Data Scientist,Cyber Security Data Scientist,United States,via Trabajo.org,Full-time,False,2023-10-25 00:03:58,United States,"AVIAN, Inc.",['sql'],112809,no_title_evidence,cyber security data scientist,avian inc,negative control - title has no authorization keyword,,
Data Engineer,Data Engineer,Germany,via BeBee,Full-time,False,2023-09-13 15:13:37,Germany,Viega GmbH & Co. KG,"['sql', 'snowflake']",182749,no_title_evidence,data engineer,viega gmbh co kg,negative control - title has no authorization keyword,,
Business Analyst,Business Intelligence Expert,"Brussels, Belgium",via BeBee Belgique,Full-time,False,2023-02-09 11:36:57,Belgium,CRI Group,"['sql', 'sql server', 'oracle', 'power bi', 'sap']",501560,no_title_evidence,business intelligence expert,cri group,negative control - title has no authorization keyword,,
Data Scientist,Machine Learning Expert / Data Scientist,"Madrid, Spain",via LinkedIn,Full-time,False,2023-04-24 10:17:24,Spain,Airbus,"['python', 'sql', 'aws', 'pytorch', 'tensorflow']",658395,no_title_evidence,machine learning expert data scientist,airbus,negative control - title has no authorization keyword,,
Business Analyst,Business Analyst I,Texas,via IT JobServe,Full-time,False,2023-07-11 18:09:26,Sudan,Superior HealthPlan,"['excel', 'visio']",310092,no_title_evidence,business analyst i,superior healthplan,negative control - title has no authorization keyword,,
Data Analyst,Data Analyst,"Alpharetta, GA",via Indeed,Full-time,False,2023-03-29 14:17:16,United States,Kani Solutions,"['python', 'sql']",6209,no_title_evidence,data analyst,kani solutions,negative control - title has no authorization keyword,,
Data Scientist,Clinical Data Scientist,"Warsaw, Poland",via Praca Trabajo.org,Full-time,False,2023-05-04 20:24:21,Poland,AstraZeneca,['r'],742168,no_title_evidence,clinical data scientist,astrazeneca,negative control - title has no authorization keyword,,
Senior Data Engineer,Senior Data Engineer,"Pasadena, CA",via IT JobServe,Full-time,False,2023-08-10 09:01:08,United States,The Hertz Corporation,"['python', 'r', 'scala', 'sql', 'databricks', 'pyspark', 'kafka']",605800,no_title_evidence,senior data engineer,the hertz corporation,negative control - title has no authorization keyword,,
Data Engineer,"""Data Engineer""",,via LinkedIn,Full-time,False,2023-05-31 22:12:27,United States,VBeyond Corporation,"['sql', 'python', 'postgresql', 'dynamodb', 'aws', 'aurora', 'redshift', 'kafka']",206293,no_title_evidence,data engineer,vbeyond corporation,negative control - title has no authorization keyword,,
Data Analyst,Data Analyst,"San Francisco, CA",via Trabajo.org,Full-time,False,2023-02-03 18:02:09,United States,UnitedHealth Group,"['sql', 'ssrs', 'power bi', 'tableau', 'ssis']",390064,no_title_evidence,data analyst,unitedhealth group,negative control - title has no authorization keyword,,
Data Engineer,Data Engineer,"Philadelphia, PA",via LinkedIn,Full-time,False,2023-06-24 09:10:04,United States,Dice,"['python', 'sql', 'bash', 'shell', 'spark']",566841,no_title_evidence,data engineer,dice,negative control - title has no authorization keyword,,
Software Engineer,Quality Engineering Analyst,"Brendale QLD, Australia",via BeBee Australia,Full-time,False,2023-08-18 17:12:09,Australia,Myriad Technologies,['go'],298096,no_title_evidence,quality engineering analyst,myriad technologies,negative control - title has no authorization keyword,,
Data Engineer,Lead Data Engineer,"Bangkok, Thailand",via LinkedIn,Full-time,False,2023-03-20 06:18:27,Thailand,Manatal,"['sql', 'python', 'gcp', 'airflow', 'tableau', 'looker']",60062,no_title_evidence,lead data engineer,manatal,negative control - title has no authorization keyword,,
Data Engineer,Desarrollador Data Stage,"Santiago, Chile",via BeBee,Full-time,False,2023-09-01 07:46:20,Chile,ACL Tecnología,"['postgresql', 'oracle']",262760,no_title_evidence,desarrollador data stage,acl tecnología,negative control - title has no authorization keyword,,
Data Analyst,Data Analyst (12 month contract Limerick),"Limerick, County Limerick, Ireland",via IrishJobs.ie,Contractor,False,2023-06-14 07:28:16,Ireland,Morgan McKinley,"['excel', 'qlik', 'tableau', 'sharepoint']",226831,no_title_evidence,data analyst 12 month contract limerick,morgan mckinley,negative control - title has no authorization keyword,,
Senior Data Analyst,Sr Data QA-Sales Ops Analyst,"Bayan Lepas, Penang, Malaysia",via Trabajo.org,Full-time,False,2023-08-23 16:14:46,Malaysia,Renesas Electronics,"['sql', 'sql server', 'oracle', 'excel', 'dax', 'power bi', 'ssis']",419716,no_title_evidence,sr data qa sales ops analyst,renesas electronics,negative control - title has no authorization keyword,,
Data Scientist,Advanced Analytics Analyst,"Hyderabad, Telangana, India",via SimplyHired,Full-time,False,2023-02-03 16:33:05,India,Medtronic,"['sql', 'power bi']",416050,no_title_evidence,advanced analytics analyst,medtronic,negative control - title has no authorization keyword,,
Senior Data Analyst,Senior Data Analyst,"Tampa, FL",via BeBee,Full-time,False,2023-10-01 18:01:44,United States,Elevance Health,,374971,no_title_evidence,senior data analyst,elevance health,negative control - title has no authorization keyword,,
Senior Data Analyst,Senior Data Analyst,Anywhere,via LinkedIn,Full-time,True,2023-02-14 09:39:45,Hong Kong,Big Cloud,"['sql', 'python']",573099,no_title_evidence,senior data analyst,big cloud,negative control - title has no authorization keyword,,
Data Engineer,"Data Architect, Data Engineers, Bi consultants, DevOps, Qlik",Finland,via Technojobs,Full-time,False,2023-05-02 14:24:36,Finland,Nigel Frank International,['go'],468702,no_title_evidence,data architect data engineers bi consultants devops qlik,nigel frank international,negative control - title has no authorization keyword,,
Data Engineer,Google Cloud Data Engineer,"Kontich, Belgium",via Nieuwejobs,Full-time,False,2023-01-31 23:53:47,Belgium,Global Recruitment Selection,"['aws', 'redshift', 'snowflake', 'spark', 'airflow', 'docker', 'kubernetes']",368869,no_title_evidence,google cloud data engineer,global recruitment selection,negative control - title has no authorization keyword,,
Data Scientist,Data Scientist,"Gqeberha, South Africa",via BeBee South Africa,Full-time,False,2023-04-04 22:47:09,South Africa,Headhunters,"['sql', 'sas', 'sas', 'excel', 'spss', 'power bi']",219996,no_title_evidence,data scientist,headhunters,negative control - title has no authorization keyword,,
Senior Data Scientist,(Senior) Data Scientist,"Munich, Germany",via Jobs Trabajo.org,Full-time,False,2023-06-30 16:14:34,Germany,BestSecret,"['python', 'sql', 'azure', 'aws', 'keras', 'pytorch', 'git', 'docker']",419416,no_title_evidence,senior data scientist,bestsecret,negative control - title has no authorization keyword,,
Data Engineer,"Data Engineer, VR FleetCare, Helsinki","Espoo, Finland",via Trabajo.org,Full-time,False,2023-08-18 18:37:52,Finland,Academic Work Consulting Oy,['aws'],397966,no_title_evidence,data engineer vr fleetcare helsinki,academic work consulting oy,negative control - title has no authorization keyword,,
Senior Data Engineer,Sr. Data Engg. - Snowflake Developer,"Hyderabad, Telangana, India",via LinkedIn,Full-time,False,2023-02-25 01:34:18,India,People Maketh,"['postgresql', 'snowflake', 'power bi', 'tableau']",768076,no_title_evidence,sr data engg snowflake developer,people maketh,negative control - title has no authorization keyword,,
Data Scientist,Data Scientist Coordinator,"San Luis Potosí, San Luis Potosi, Mexico",via BeBee México,Full-time,False,2023-06-15 21:32:29,Mexico,Logistics,"['sql', 'python', 'r', 'aws', 'azure', 'spark', 'power bi', 'tableau']",730957,no_title_evidence,data scientist coordinator,logistics,negative control - title has no authorization keyword,,
Senior Data Analyst,Senior Data Analyst,"San Francisco, CA",via LinkedIn,Full-time,False,2023-03-09 16:01:23,United States,LatentView Analytics,"['sql', 'aws', 'hadoop', 'tableau']",431399,no_title_evidence,senior data analyst,latentview analytics,negative control - title has no authorization keyword,,
Data Scientist,Data Scientist/Actuarial Analyst,"Charlotte, NC",via WJHL Jobs,Full-time,False,2023-03-31 07:06:52,United States,Global Data Network,"['r', 'sql', 'excel']",234167,no_title_evidence,data scientist actuarial analyst,global data network,negative control - title has no authorization keyword,,
Senior Data Analyst,Sr Business Data Analyst(Marketing Specialist),"Buenos Aires, Argentina","via Trabajo.org - Vacantes De Empleo, Trabajo",Full-time,False,2023-11-07 06:33:51,Argentina,Emprego,"['excel', 'power bi']",48004,no_title_evidence,sr business data analyst marketing specialist,emprego,negative control - title has no authorization keyword,,
Data Engineer,Data Center Power/Performance Validation Engineer,"Markham, ON, Canada",via LinkedIn,Full-time,False,2023-05-01 22:14:02,Canada,AMD,"['c', 'python']",218091,no_title_evidence,data center power performance validation engineer,amd,negative control - title has no authorization keyword,,
Data Analyst,Data Entry Specialist/ Production Analyst,"Kermit, TX",via SimplyHired,Full-time,False,2023-01-31 19:34:21,Sudan,Spartan Companies,"['express', 'excel']",373646,no_title_evidence,data entry specialist production analyst,spartan companies,negative control - title has no authorization keyword,,
Senior Data Scientist,Senior Data Scientist,Singapore,via BeBee Singapore,Full-time,False,2023-04-15 07:40:17,Singapore,Zuellig Pharma Holdings Pte. Limited,"['python', 'r', 'scala', 'sas', 'sas', 'azure', 'aws', 'gcp', 'scikit-learn', 'tensorflow', 'spark', 'hadoop', 'tableau']",260523,no_title_evidence,senior data scientist,zuellig pharma holdings pte limited,negative control - title has no authorization keyword,,
Senior Data Scientist,"Sr. Director I, Data Science - Omnichannel Supply Chain Strategy","Bentonville, AR",via LinkedIn,Full-time,False,2023-07-05 12:05:59,United States,Walmart,"['python', 'scala', 'r', 'spark', 'tensorflow', 'excel']",613440,no_title_evidence,sr director i data science omnichannel supply chain strategy,walmart,negative control - title has no authorization keyword,,
Data Scientist,Data Scientist (w/m/d) Im Bereich Recycling Und Entwicklung...,"Cologne, Germany",via Central Illinois Proud Jobs,Full-time,False,2023-02-21 17:34:50,Germany,ESK-SIC GmbH,,304004,no_title_evidence,data scientist w m d im bereich recycling und entwicklung,esk sic gmbh,negative control - title has no authorization keyword,,
Data Engineer,ETL Data Engineer - Dublin / Hybrid - Permanent - Hybrid,"Dublin, Ireland",via Indeed.ie,Full-time,False,2023-09-26 14:32:41,Ireland,Eolas Recruitment,"['sql', 'java', 'scala', 'python', 'r', 'azure', 'gdpr', 'ssis', 'flow']",464795,no_title_evidence,etl data engineer dublin hybrid permanent hybrid,eolas recruitment,negative control - title has no authorization keyword,,
Data Scientist,Data Scientist,"Las Cruces, NM",via Adzuna,Full-time,False,2023-03-13 06:58:09,Sudan,McKesson,"['sas', 'sas', 'python', 'sql', 'word', 'excel', 'powerpoint']",38410,no_title_evidence,data scientist,mckesson,negative control - title has no authorization keyword,,
Business Analyst,Business Intelligence Analyst,"Coppell, TX",via LinkedIn,Full-time,False,2023-03-27 14:03:33,United States,Toyota Industries Commercial Finance,"['sql', 'sql server', 'mysql', 'oracle', 'azure', 'power bi']",483099,no_title_evidence,business intelligence analyst,toyota industries commercial finance,negative control - title has no authorization keyword,,
Data Analyst,Data Analytic,Thailand,via BeBee,Full-time,False,2023-12-09 06:18:24,Thailand,บริษัท โตโยต้า ทูโช อิเล็คทรอนิคส์ (ไทยแลนด์) จำกัด,"['sql', 'power bi']",59318,no_title_evidence,data analytic,บร ษ ท โตโยต า ท โช อ เล คทรอน คส ไทยแลนด จำก ด,negative control - title has no authorization keyword,,
Data Analyst,Master Data Treasury Analyst (Fixed Term),"Bucharest, Romania",via LinkedIn,Full-time,False,2023-06-23 11:16:38,Romania,BAT,"['excel', 'word', 'sap']",680824,no_title_evidence,master data treasury analyst fixed term,bat,negative control - title has no authorization keyword,,
Data Analyst,"Manager, Business Data",Canada,via BeBee Canada,Full-time,False,2023-05-03 12:47:18,Canada,J.D. Irving,"['sql', 't-sql', 'sql server', 'azure', 'tensorflow', 'power bi', 'excel', 'sharepoint']",632608,no_title_evidence,manager business data,j d irving,negative control - title has no authorization keyword,,
Data Analyst,Data Analyst,Singapore,via Recruit.net,Full-time,False,2023-05-07 23:52:27,Singapore,Quinnox Solutions Pte. Ltd.,"['sql', 'python', 'ruby', 'ruby', 'perl', 'bash', 'r', 'sas', 'sas', 'spss']",361780,no_title_evidence,data analyst,quinnox solutions pte ltd,negative control - title has no authorization keyword,,
Data Scientist,Data Scientist (Python/SQL) (Remote) (7750 USD/Mes),Anywhere,via LinkedIn,Full-time,True,2023-07-08 14:23:53,Peru,Listopro,"['sql', 'python', 'pandas']",466720,no_title_evidence,data scientist python sql remote 7750 usd mes,listopro,negative control - title has no authorization keyword,,
Senior Data Scientist,Senior Data Scientist,"London, UK",via LinkedIn,Full-time,False,2023-11-06 10:06:27,United Kingdom,Virgin Media O2,"['sql', 'python', 'r', 'numpy', 'pandas', 'matplotlib', 'tensorflow', 'spark']",590435,no_title_evidence,senior data scientist,virgin media o2,negative control - title has no authorization keyword,,
Senior Data Engineer,Senior Data Engineer,"Lima, Peru",via BeBee,Full-time,False,2023-10-11 12:12:05,Peru,Emprego,"['python', 'scala', 'hadoop', 'spark', 'kafka', 'pyspark']",622125,no_title_evidence,senior data engineer,emprego,negative control - title has no authorization keyword,,
Data Analyst,Data Analyst,"Austin, TX",via Trabajo.org,Full-time,False,2023-05-10 08:01:36,United States,Artech,,133417,no_title_evidence,data analyst,artech,negative control - title has no authorization keyword,,
Business Analyst,Ingénieur données,"Magog, QC, Canada",via LinkedIn,Full-time,False,2023-04-17 18:13:39,Canada,Michelin,"['sql', 'python', 'sql server', 'azure', 'tableau', 'power bi', 'ssis']",404826,no_title_evidence,ingénieur données,michelin,negative control - title has no authorization keyword,,
Data Engineer,Data engineer mid level,"Dallas, TX",via Talent.com,Full-time,False,2023-12-27 00:05:50,United States,"RIT Solutions, Inc.",,85468,no_title_evidence,data engineer mid level,rit solutions inc,negative control - title has no authorization keyword,,
Business Analyst,Laco - BI Developer / Analyst,"Antwerp, Belgium",via BeBee Belgique,Full-time,False,2023-04-22 20:23:53,Belgium,LACO,"['sql', 'azure', 'dax', 'ssis', 'ssrs']",750401,no_title_evidence,laco bi developer analyst,laco,negative control - title has no authorization keyword,,
Data Engineer,Data Engineer Airflow (F/H),"Marseille, France",via LinkedIn,Full-time,False,2023-12-14 17:15:28,France,Groupe SII,"['aws', 'snowflake', 'airflow']",306678,no_title_evidence,data engineer airflow f h,groupe sii,negative control - title has no authorization keyword,,
Data Engineer,"I&TS Fall 2023 Co-op, Cloud Data Engineer","Toronto, ON, Canada",via SimplyHired,Internship,False,2023-06-15 00:13:14,Canada,Royal Bank of Canada,"['python', 'sql', 'sql server', 'azure', 'databricks', 'selenium', 'node.js', 'angular', 'docker', 'jenkins', 'git']",110452,no_title_evidence,i ts fall 2023 co op cloud data engineer,royal bank of canada,negative control - title has no authorization keyword,,
Data Scientist,Data Scientist,"Charlotte, NC",via INSPYR Solutions,Full-time,False,2023-11-04 09:10:07,United States,INSPYR Solutions,"['sql', 'r', 'python', 'snowflake', 'azure', 'excel', 'power bi']",144352,no_title_evidence,data scientist,inspyr solutions,negative control - title has no authorization keyword,,
Data Scientist,"Data Scientist, Product Analytics - Monetization","New York, NY",via AI Careers,Full-time,False,2023-06-15 15:18:30,United States,Meta,"['sql', 'python', 'r']",172326,no_title_evidence,data scientist product analytics monetization,meta,negative control - title has no authorization keyword,,
Data Engineer,Infrastructure Database Engineer,"Dublin, Ireland",via Bank Of Ireland - Careers,Full-time,False,2023-02-20 07:58:23,Ireland,Bank of Ireland,"['nosql', 'mongodb', 'mongodb', 'postgresql', 'db2', 'mysql', 'oracle', 'aws', 'redhat', 'linux']",256461,no_title_evidence,infrastructure database engineer,bank of ireland,negative control - title has no authorization keyword,,
Data Engineer,DATA ENGINEER,"Wavre, Belgium",via BeBee Belgique,Full-time,False,2023-01-30 09:26:50,Belgium,Eyetech Solutions,['azure'],572153,no_title_evidence,data engineer,eyetech solutions,negative control - title has no authorization keyword,,
Data Analyst,Data Analyst,"Lawrenceville, GA",via Adzuna,Full-time,False,2023-09-19 08:34:52,United States,Gen3 Technology Consulting,"['sql', 'sql server', 'power bi']",155287,no_title_evidence,data analyst,gen3 technology consulting,negative control - title has no authorization keyword,,
Data Analyst,Data Analyst I - Junior (Remote),Spain,via Hirematch.freshteam.com,Full-time,False,2023-05-01 20:15:41,Spain,Hire Match,"['crystal', 'power bi', 'ssrs', 'tableau', 'excel']",746382,no_title_evidence,data analyst i junior remote,hire match,negative control - title has no authorization keyword,,
Data Scientist,Data Scientist,"Gaithersburg, MD",via LinkedIn,Full-time,False,2023-07-11 19:02:04,United States,Deerfield Management,,390712,no_title_evidence,data scientist,deerfield management,negative control - title has no authorization keyword,,
Data Scientist,Assistance Director Data Scientist,"San José Province, San José, Costa Rica",via BeBee Costa Rica,Full-time,False,2023-09-29 07:37:50,Costa Rica,Moody's Corporation,"['r', 'python', 'sql']",223975,no_title_evidence,assistance director data scientist,moody s corporation,negative control - title has no authorization keyword,,
Software Engineer,Solutions Engineer,"Lima, Peru",via BeBee,Temp work,False,2023-10-11 12:12:13,Peru,Emprego,,639947,no_title_evidence,solutions engineer,emprego,negative control - title has no authorization keyword,,
Data Engineer,Forward-deployed Data Engineer,"Oslo, Norway",via LinkedIn,Full-time,False,2023-06-07 11:00:21,Norway,Boston Consulting Group (BCG),"['python', 'c++', 'scala', 'sql', 'javascript', 'typescript', 'aws', 'azure', 'spark', 'hadoop', 'graphql', 'react', 'pandas', 'docker', 'kubernetes', 'terraform']",650269,no_title_evidence,forward deployed data engineer,boston consulting group bcg,negative control - title has no authorization keyword,,
Data Scientist,Feasibility Data Scientist,West Bengal,via LinkedIn,Full-time,False,2023-10-05 15:11:50,India,PharmiWeb.jobs: Global Life Science Jobs,,181178,no_title_evidence,feasibility data scientist,pharmiweb jobs global life science jobs,negative control - title has no authorization keyword,,
Data Scientist,Data Scientist,Indonesia,via LinkedIn,Full-time,False,2023-07-08 03:21:21,Indonesia,APRIL,"['python', 'r', 'java', 'aws', 'pandas', 'numpy', 'scikit-learn', 'tensorflow', 'pytorch', 'spark']",698081,no_title_evidence,data scientist,april,negative control - title has no authorization keyword,,
Data Analyst,Data Analyst - 3,India,via LinkedIn,Full-time,False,2023-09-10 13:11:59,India,Cashfree Payments,"['sql', 'python', 'redshift']",23488,no_title_evidence,data analyst 3,cashfree payments,negative control - title has no authorization keyword,,
Software Engineer,NET Senior Backend Developer/Platform Engineer,"Palermo, PA, Italy",via BeBee,Full-time,False,2023-12-17 02:13:55,Italy,Inscale,"['c#', 'powershell', 'python', 'aws', 'asp.net', 'asp.net core', 'kubernetes', 'terminal', 'docker']",714655,no_title_evidence,net senior backend developer platform engineer,inscale,negative control - title has no authorization keyword,,
Cloud Engineer,Cloud Engineer / Infrastructure Developer Associate,"Gurugram, Haryana, India",via EFinancialCareers,Full-time,False,2023-07-12 09:12:24,India,BlackRock,"['python', 'ruby', 'ruby', 'mongodb', 'mongodb', 'redis', 'cassandra', 'openstack', 'hadoop', 'kafka', 'linux', 'unix', 'docker', 'kubernetes', 'gitlab', 'github']",582206,no_title_evidence,cloud engineer infrastructure developer associate,blackrock,negative control - title has no authorization keyword,,
Senior Data Scientist,Senior Data Scientist,"Columbus, OH",via Trabajo.org,Full-time,False,2023-07-05 11:05:37,United States,Proteam Solutions,"['sas', 'sas', 'r', 'sql', 'power bi', 'tableau']",524487,no_title_evidence,senior data scientist,proteam solutions,negative control - title has no authorization keyword,,
Data Analyst,Analista de Dados I | Data Analyst I,Brazil,via Empregos Trabajo.org,Full-time,False,2023-08-28 23:46:17,Brazil,Foresea,"['sql', 'power bi', 'excel']",347099,no_title_evidence,analista de dados i data analyst i,foresea,negative control - title has no authorization keyword,,
Data Analyst,Research Data Analyst 1,"Oakland, CA",via BeBee,Full-time,False,2023-02-17 18:01:58,United States,UC San Diego,['matlab'],385185,no_title_evidence,research data analyst 1,uc san diego,negative control - title has no authorization keyword,,
Data Scientist,"Data Science Intern, ZaloPay","Ho Chi Minh City, Vietnam",via Indeed,Internship,False,2023-08-23 10:20:53,Vietnam,VNG,"['python', 'java', 'scala', 'scikit-learn', 'hadoop', 'spark', 'tensorflow', 'pytorch']",661306,no_title_evidence,data science intern zalopay,vng,negative control - title has no authorization keyword,,
Data Scientist,Data Scientist – Finance,"Manchester, UK",via My ArkLaMiss Jobs,Full-time,False,2023-01-16 07:53:52,United Kingdom,Syngenta Group,"['python', 'sql', 'aws', 'numpy', 'pandas', 'scikit-learn', 'matplotlib', 'seaborn', 'plotly', 'power bi', 'tableau', 'docker']",247552,no_title_evidence,data scientist finance,syngenta group,negative control - title has no authorization keyword,,
Senior Data Engineer,Senior Data Engineer,India,via IDFC Bank Careers - IDFC FIRST Bank,Full-time,False,2023-01-19 22:52:23,India,IDFC FIRST Bank Limited,"['sql', 'python', 'scala', 'aws', 'spark', 'hadoop', 'yarn']",203268,no_title_evidence,senior data engineer,idfc first bank limited,negative control - title has no authorization keyword,,
Data Analyst,Provider Data Analyst II,"Atlanta, GA",via BeBee,Full-time,False,2023-07-31 16:22:23,United States,MultiPlan,,175123,no_title_evidence,provider data analyst ii,multiplan,negative control - title has no authorization keyword,,
Business Analyst,BUSINESS ANALYST,"Makati, Metro Manila, Philippines",via Trabajo.org,Full-time,False,2023-04-06 04:20:16,Philippines,TE Connectivity,"['go', 'sql', 'sap', 'excel', 'tableau']",559853,no_title_evidence,business analyst,te connectivity,negative control - title has no authorization keyword,,
Senior Data Analyst,Senior data analyst,"New York, NY",via Talent.com,Full-time,False,2023-08-14 00:00:05,United States,Grameen America,"['sql', 'excel']",94462,no_title_evidence,senior data analyst,grameen america,negative control - title has no authorization keyword,,
Software Engineer,RAN Software Developer,"Beijing, China",via Trabajo.org,Full-time,False,2023-01-02 17:29:36,China,Mavenir,,316267,no_title_evidence,ran software developer,mavenir,negative control - title has no authorization keyword,,
Data Engineer,Data Engineer,"Ahmedabad, Gujarat, India",via LinkedIn,Full-time,False,2023-08-18 09:14:36,India,Innovatics,"['python', 'scala', 'golang', 'java', 'sql', 'snowflake', 'spark', 'notion']",586342,no_title_evidence,data engineer,innovatics,negative control - title has no authorization keyword,,
Senior Data Scientist,"Research Senior Scientist I - Warsaw, IN","Warsaw, IN",via ZipRecruiter,Full-time,False,2023-07-29 16:03:59,United States,Veteran Jobs - 2023 Mar 01 - Veterans Resources,,431418,no_title_evidence,research senior scientist i warsaw in,veteran jobs 2023 mar 01 veterans resources,negative control - title has no authorization keyword,,
Data Engineer,GCP Data Engineer - 3 months,"Manchester, United Kingdom",via My ArkLaMiss Jobs,Contractor,False,2023-01-06 17:29:13,United Kingdom,Real Staffing Group,"['go', 'gcp', 'bigquery']",304470,no_title_evidence,gcp data engineer 3 months,real staffing group,negative control - title has no authorization keyword,,
Data Engineer,NBT Data Engineer Lead,"Charlotte, NC",via ZipRecruiter,Full-time,False,2023-03-29 18:20:02,United States,Nucor,['azure'],321232,no_title_evidence,nbt data engineer lead,nucor,negative control - title has no authorization keyword,,
Data Analyst,Data Transfer and Support Analyst,Australia,via BeBee Australia,Full-time,False,2023-08-01 19:17:05,Australia,Whizdom Recruitment,,532257,no_title_evidence,data transfer and support analyst,whizdom recruitment,negative control - title has no authorization keyword,,
Business Analyst,Analyst - Business Modelling - QuantumBlack,Saudi Arabia,via BeBee,Full-time,False,2023-02-15 18:03:29,Saudi Arabia,McKinsey & Company,"['python', 'sql', 'mysql', 'sql server', 'tableau', 'power bi']",317571,no_title_evidence,analyst business modelling quantumblack,mckinsey company,negative control - title has no authorization keyword,,
Senior Data Engineer,Senior Data Engineer,Anywhere,via ZipRecruiter,Full-time,True,2023-02-14 02:10:14,United States,"The Maven Group, LLC","['java', 'scala', 'python', 'r', 'mysql', 'snowflake', 'oracle', 'aws', 'azure', 'spark', 'tableau', 'power bi', 'spss']",712331,no_title_evidence,senior data engineer,the maven group llc,negative control - title has no authorization keyword,,
Data Scientist,Data Scientist Ia H/F,"Lyon, France",via Jobijoba,Full-time,False,2023-01-12 02:14:03,France,Dcs Easyware,"['sql', 'python', 'git', 'gitlab']",710003,no_title_evidence,data scientist ia h f,dcs easyware,negative control - title has no authorization keyword,,
Data Scientist,Data Scientist (Mid-Level) (Remote). Job in Colorado Springs My...,"Colorado Springs, CO",via My Valley Jobs Today,Full-time,False,2023-02-15 08:07:02,United States,USAA,['python'],140034,no_title_evidence,data scientist mid level remote job in colorado springs my,usaa,negative control - title has no authorization keyword,,
Machine Learning Engineer,Training Assistant,"Lagos, Nigeria",via GrabJobs,Full-time,False,2023-11-07 04:18:50,Nigeria,Data2bots,"['python', 'kafka', 'spark', 'pyspark', 'pandas']",701074,no_title_evidence,training assistant,data2bots,negative control - title has no authorization keyword,,
Data Analyst,Marketing Data Analyst,"Hampton, NH",via LinkedIn,Full-time,False,2023-03-01 11:00:42,United States,Planet Fitness,"['word', 'excel', 'powerpoint', 'outlook']",510508,no_title_evidence,marketing data analyst,planet fitness,negative control - title has no authorization keyword,,
Data Engineer,Graduate Program Data Engineer,"Esplugues de Llobregat, Spain",via BeBee,Full-time,False,2023-06-28 23:06:17,Spain,Nestlé,"['sql', 'nosql', 'python', 'scala', 'r', 'java', 'powershell', 'c#', 'sap']",214931,no_title_evidence,graduate program data engineer,nestlé,negative control - title has no authorization keyword,,
Data Scientist,Data Scientist,"New York, NY",via Dice.com,Contractor,False,2023-05-09 19:06:54,United States,U.S. Tech Solutions Inc.,"['python', 'sql', 'bigquery', 'looker', 'tableau']",542739,no_title_evidence,data scientist,u s tech solutions inc,negative control - title has no authorization keyword,,
Cloud Engineer,Laboratory Technician/Chemical,"Irvine, CA",via ZipRecruiter,Full-time,False,2023-04-18 10:04:09,United States,RGBSI,,690771,no_title_evidence,laboratory technician chemical,rgbsi,negative control - title has no authorization keyword,,
Senior Data Engineer,SENIOR DLP ENGINEER,"Bydgoszcz, Poland",via Jobs At Atos,Full-time,False,2023-10-23 01:33:27,Poland,Atos,"['sql', 'powershell', 'sql server', 'azure', 'gdpr', 'windows', 'linux']",773815,no_title_evidence,senior dlp engineer,atos,negative control - title has no authorization keyword,,
Data Scientist,(GS476) | Semi senior Data Scientist,"Bogotá, Bogota, Colombia",via BeBee Colombia,Full-time,False,2023-05-07 15:04:31,Colombia,Empresa líder,,460296,no_title_evidence,gs476 semi senior data scientist,empresa líder,negative control - title has no authorization keyword,,
Data Analyst,Business Data Analyst - SAS/SQL,"Atlanta, GA",via LinkedIn,Contractor,False,2023-03-23 17:54:14,United States,BRAINWAVE OPTIGRATORS,"['sas', 'sas', 'sql', 'phoenix']",303447,no_title_evidence,business data analyst sas sql,brainwave optigrators,negative control - title has no authorization keyword,,
Data Scientist,Principal/Sr Clinical Data Scientist. Job in United States My...,United States,via My Valley Jobs Today,Full-time,False,2023-04-03 09:55:54,Sudan,Syneos Health - USA,"['python', 'r', 'sas', 'sas', 'windows', 'word', 'excel', 'powerpoint', 'flow']",580419,no_title_evidence,principal sr clinical data scientist job in united states my,syneos health usa,negative control - title has no authorization keyword,,
Data Engineer,Data Engineer,"London, UK",via WJHL Jobs,Full-time,False,2023-07-18 11:36:38,United Kingdom,Transparent Technology,"['go', 'python', 'aws', 'jupyter', 'numpy', 'pandas', 'scikit-learn', 'hadoop', 'spark', 'kafka']",488101,no_title_evidence,data engineer,transparent technology,negative control - title has no authorization keyword,,
Data Scientist,Data Science Orientado a Negocio,"Madrid, Spain",via BeBee,Full-time,False,2023-12-08 08:28:55,Spain,COGNODATA,"['python', 'scala', 'sql', 'pyspark']",150762,no_title_evidence,data science orientado a negocio,cognodata,negative control - title has no authorization keyword,,
Business Analyst,Analyst,"Warsaw, Poland",via Trabajo.org,Full-time,False,2023-01-27 06:21:41,Poland,Oriflame,"['excel', 'powerpoint', 'word']",783642,no_title_evidence,analyst,oriflame,negative control - title has no authorization keyword,,
Senior Data Scientist,Sr. Digital Marketing Data Scientist,"Culver City, CA",via Jobs Trabajo.org,Full-time,False,2023-08-25 12:04:33,United States,Russell Tobin & Associates LLC,"['sql', 'python', 'r', 'keras']",618360,no_title_evidence,sr digital marketing data scientist,russell tobin associates llc,negative control - title has no authorization keyword,,
Data Analyst,"Data Analyst, Print Contract Management Specialist","Fairfield, CT",via BeBee,Full-time,False,2023-12-07 21:00:35,United States,KYOCERA Document Solutions Inc,['excel'],722492,no_title_evidence,data analyst print contract management specialist,kyocera document solutions inc,negative control - title has no authorization keyword,,
Data Analyst,Data Architect,Morocco,via تنقيب,Full-time,False,2023-09-14 06:22:49,Morocco,Intelcia group,"['sql', 'nosql', 'mysql', 'sql server', 'oracle', 'aws', 'azure', 'hadoop', 'spark', 'tableau']",47489,no_title_evidence,data architect,intelcia group,negative control - title has no authorization keyword,,
Data Scientist,Data Scientist,"Chennai, Tamil Nadu, India",via SimplyHired,Full-time,False,2023-12-15 06:09:56,India,Acies Global,"['hadoop', 'tableau', 'power bi', 'excel', 'powerpoint', 'word']",48136,no_title_evidence,data scientist,acies global,negative control - title has no authorization keyword,,
Data Engineer,"Principal, Data Engineer","Durham, NC",via Adzuna,Full-time,False,2023-03-01 15:14:30,United States,"Fidelity Investments, Inc.",,182982,no_title_evidence,principal data engineer,fidelity investments inc,negative control - title has no authorization keyword,,
Data Engineer,"Data Engineer, Service Distribution - Tilburg/Amsterdam","Amsterdam, Netherlands",via ClimateTechList,Full-time,False,2023-10-06 00:19:41,Netherlands,Tesla,"['windows', 'linux', 'flow']",96397,no_title_evidence,data engineer service distribution tilburg amsterdam,tesla,negative control - title has no authorization keyword,,
Data Engineer,Analytics Engineer / Data Engineer (m/w/d),"Essen, Germany",via LinkedIn,Full-time,False,2023-12-19 16:39:51,Germany,FUNKE,"['python', 'sql', 'bigquery']",424479,no_title_evidence,analytics engineer data engineer m w d,funke,negative control - title has no authorization keyword,,
Data Analyst,Data Analyst,"Poznań, Poland",via Praca Trabajo.org,Full-time,False,2023-10-22 01:17:15,Poland,Revolut,"['python', 'sql', 'java', 'scala', 'c++']",768791,no_title_evidence,data analyst,revolut,negative control - title has no authorization keyword,,
Data Engineer,STAGE - DATA ENGINEER : Refonte des indicateurs de prévisions de...,"Saint-Denis, France",via Meteojob,Full-time,False,2023-08-11 01:40:27,France,EDF,"['r', 'python']",765475,no_title_evidence,stage data engineer refonte des indicateurs de prévisions de,edf,negative control - title has no authorization keyword,,
Data Scientist,Data Science Instructor,"San Antonio, TX",via Adzuna,Full-time,False,2023-03-31 17:06:58,Sudan,Codeup,"['python', 'sql', 'matplotlib', 'seaborn', 'spark', 'hadoop', 'jupyter', 'tableau']",428959,no_title_evidence,data science instructor,codeup,negative control - title has no authorization keyword,,
Data Engineer,Data Engineer,"Cheltenham, UK",via My Stateline Jobs,Contractor,False,2023-08-24 16:34:19,United Kingdom,Lorien,['python'],423757,no_title_evidence,data engineer,lorien,negative control - title has no authorization keyword,,
Software Engineer,Graduate Integration Engineer,Austria,via Jobs Trabajo.org,Full-time,False,2023-11-23 19:24:53,Austria,Australia Wide Engineering Recruitment,['word'],532302,no_title_evidence,graduate integration engineer,australia wide engineering recruitment,negative control - title has no authorization keyword,,
Data Analyst,Lead Master Data Analyst,"Watsonville, CA",via BeBee,Full-time,False,2023-08-18 11:01:02,United States,Driscoll's,"['sql', 'flow']",506659,no_title_evidence,lead master data analyst,driscoll s,negative control - title has no authorization keyword,,
Data Engineer,Principal Data Engineer,"Bristol, UK",via Indeed,Full-time,False,2023-12-01 15:18:14,United Kingdom,Hippo Digital Limited,"['python', 'sql', 'nosql', 'aws', 'azure', 'gcp']",201548,no_title_evidence,principal data engineer,hippo digital limited,negative control - title has no authorization keyword,,
Data Scientist,Data Scientist Level 2 Jobs,"Augusta, GA",via Clearance Jobs,Full-time,False,2023-05-02 16:08:30,United States,IntelliGenesis LLC,['python'],161103,no_title_evidence,data scientist level 2 jobs,intelligenesis llc,negative control - title has no authorization keyword,,
Machine Learning Engineer,Assistant Manager/Senior Analyst - NLP Engineer,India,via Adzuna,Full-time,False,2023-05-05 11:29:47,India,Cognitio Analytics LLC,"['python', 'java', 'nltk']",527549,no_title_evidence,assistant manager senior analyst nlp engineer,cognitio analytics llc,negative control - title has no authorization keyword,,
Senior Data Engineer,Senior Data Engineer,"New York, NY",via Adzuna,Full-time,False,2023-02-11 19:08:00,Sudan,Handshake,"['go', 'bigquery', 'spark', 'airflow']",373355,no_title_evidence,senior data engineer,handshake,negative control - title has no authorization keyword,,
Data Engineer,Data Engineer/Data Warehouse- utvecklare inom Solutions Services,"Stockholm, Sweden",via Trabajo.org,Full-time,False,2023-04-22 07:09:46,Sweden,Capgemini,"['sql', 'sql server', 'snowflake', 'azure', 'ssis', 'power bi', 'qlik']",242137,no_title_evidence,data engineer data warehouse utvecklare inom solutions services,capgemini,negative control - title has no authorization keyword,,
Data Scientist,Data Science,"Madrid, Spain",via BeBee,Full-time,False,2023-08-31 12:48:46,Spain,COGNODATA,"['sql', 'python', 'pyspark']",624008,no_title_evidence,data science,cognodata,negative control - title has no authorization keyword,,
Data Scientist,Lead Data Scientist,"Baliwag, Bulacan, Philippines",via LinkedIn Philippines,,False,2023-10-19 18:34:55,Philippines,"Metacom Solutions, Inc.","['r', 'python', 'sql', 'c++', 'java', 'c', 'c#', 'javascript', 'go', 'tableau', 'power bi', 'qlik']",387696,no_title_evidence,lead data scientist,metacom solutions inc,negative control - title has no authorization keyword,,
Data Analyst,Data Analyst,"Vienna, Austria",via BeBee,Full-time,False,2023-01-11 12:32:00,Austria,Turing,,609916,no_title_evidence,data analyst,turing,negative control - title has no authorization keyword,,
Software Engineer,Support Engineer,"Nairobi, Kenya",via BeBee Kenya,Full-time,False,2023-02-07 16:29:57,Kenya,Grafana,"['go', 'sql', 'aws', 'azure', 'gcp', 'kubernetes', 'github', 'docker', 'jenkins']",417750,no_title_evidence,support engineer,grafana,negative control - title has no authorization keyword,,
Business Analyst,Human Capital Analyst,"Ponce, Puerto Rico",via Talent.com,Full-time,False,2023-09-18 23:38:26,Puerto Rico,VirtualVocations,,52963,no_title_evidence,human capital analyst,virtualvocations,negative control - title has no authorization keyword,,
Data Engineer,Oracle + PySpark Data Engineer,Anywhere,via LinkedIn,Full-time,True,2023-12-20 16:09:48,India,PradeepIT Global Consulting Services Pvt Ltd,"['sql', 'python', 'oracle', 'pyspark']",406475,no_title_evidence,oracle pyspark data engineer,pradeepit global consulting services pvt ltd,negative control - title has no authorization keyword,,
